/* The cube's texture, 256 x 256 RGB565 from gen-texture.py, kept in flash (texture.s uses the .bin; this is the same bytes as C for the build service, which takes sources only). */
#include <stdint.h>

const uint16_t TEXTURE[65536] = {
  0x9f19,0x9f19,0x96f8,0x96d7,0x8eb7,0x96b7,0x96d7,0x96b7,0x9697,0x96b7,0x96b7,0x96b7,0x9697,0x8e76,0x8e97,0x96b7,
  0x9697,0x9697,0x9697,0x8e97,0x9697,0x9697,0x96b7,0x8e77,0x8e76,0x8e97,0x8e97,0x8e97,0x8e77,0x96b7,0x7e14,0x8e76,
  0x96b7,0x8e76,0x8e76,0x9697,0x9697,0x9697,0x9697,0x9697,0x96b7,0x96b7,0x96b7,0x96b7,0x9697,0x9697,0x8e97,0x9697,
  0x9697,0x9697,0x8e97,0x96b7,0x8e97,0x8e96,0x8e96,0x96b7,0x96b8,0x96b7,0x8eb7,0x96b8,0x96b8,0x96b7,0x8e97,0x8e77,
  0x8e97,0x96b8,0x96b8,0x96b7,0x8e97,0x96b7,0x96b8,0x9697,0x8e97,0x96b8,0x96b7,0x8e77,0x8e77,0x8e77,0x8e77,0x9698,
  0x9698,0x9697,0x96b7,0x9697,0x9697,0x9697,0x9697,0x9697,0x8e77,0x9697,0x96b7,0x9697,0x96b7,0x9697,0x7593,0x9698,
  0x96b8,0x9eb8,0x96b8,0x9698,0x96b8,0x9697,0x96b8,0x96b7,0x8e97,0x9697,0x9697,0x9697,0x9697,0x96d8,0x96b8,0x96b8,
  0x96d8,0x96d8,0x96b8,0x96b8,0x96b8,0x96b8,0x96b8,0x8eb8,0x8eb8,0x8eb7,0x8ed7,0x8eb7,0x8e96,0x8e97,0x8eb7,0x8e97,
  0x8e96,0x96b7,0x9696,0x9696,0x9697,0x9697,0x9697,0x9697,0x9eb7,0x9696,0x9696,0x9696,0x8e76,0x8e96,0x8e96,0x8e76,
  0x9697,0x9697,0x9697,0x9697,0x96b8,0x9697,0x8e77,0x8e77,0x8676,0x8e77,0x8e76,0x9697,0x9697,0x8e56,0x7593,0x8e76,
  0x8e77,0x8636,0x8e77,0x8e77,0x8e57,0x8e77,0x9697,0x8e77,0x8e77,0x8e77,0x8e77,0x9697,0x8e76,0x8e76,0x8e56,0x8e56,
  0x8e56,0x8e56,0x8636,0x8e56,0x8e56,0x8656,0x8e76,0x8656,0x8e56,0x8e77,0x8e56,0x8e77,0x8657,0x8636,0x8e76,0x8e76,
  0x8e55,0x8e76,0x8e56,0x8e55,0x8e56,0x8e56,0x8e76,0x8e56,0x8636,0x8e56,0x8e56,0x8e56,0x8e77,0x8e77,0x8e57,0x8e57,
  0x8e77,0x8e77,0x8e56,0x8656,0x8e76,0x8e56,0x8e76,0x8e56,0x8e56,0x8e56,0x8656,0x8e57,0x9677,0x8e36,0x7573,0x8e56,
  0x8e57,0x9677,0x9677,0x9677,0x8e57,0x9677,0x9697,0x9677,0x8e56,0x8e56,0x8e36,0x8e56,0x8e56,0x8e56,0x8e77,0x8e77,
  0x8e77,0x8e56,0x8e76,0x8e57,0x8e57,0x8e36,0x8616,0x8e57,0x8e36,0x8e36,0x8e36,0x8616,0x8636,0x8e36,0x8e36,0x9637,
  0x9f19,0x9f19,0x96f8,0x96f8,0x96d7,0x96b7,0x96d8,0x96b7,0x9697,0x96b7,0x96b7,0x96b7,0x9697,0x96b7,0x8e97,0x9697,
  0x9697,0x9697,0x9697,0x96b7,0x9697,0x9697,0x9697,0x8e77,0x8e77,0x8e97,0x8e97,0x96b7,0x8e97,0x96b7,0x7df4,0x8e76,
  0x96b7,0x8e76,0x8e76,0x9697,0x9697,0x8e76,0x9697,0x9697,0x9697,0x8e97,0x8e97,0x9697,0x8e76,0x8e97,0x8e97,0x8e97,
  0x8e76,0x9697,0x8e76,0x8e97,0x8eb7,0x8e97,0x8e97,0x96b7,0x96b8,0x8e97,0x8e97,0x96d8,0x96d8,0x96b7,0x8e77,0x8e97,
  0x8e97,0x96b8,0x96b7,0x96b8,0x96b7,0x8e97,0x96b7,0x8e97,0x9697,0x96b7,0x96b8,0x9697,0x9697,0x9697,0x8e77,0x9698,
  0x9697,0x9697,0x9697,0x8e77,0x9697,0x9697,0x9697,0x9697,0x8e77,0x96b7,0x96b7,0x96b7,0x96b7,0x9697,0x75b4,0x96b8,
  0x9698,0x9698,0x9697,0x9698,0x96b8,0x96b8,0x9ed8,0x96b8,0x8e97,0x96b7,0x96b8,0x96b7,0x8e97,0x96b8,0x9697,0x96b7,
  0x96b8,0x96b8,0x96b8,0x96b8,0x96d8,0x96b8,0x8eb8,0x96b8,0x8eb8,0x8eb7,0x8eb7,0x8e97,0x8eb7,0x96b7,0x8eb7,0x8e97,
  0x8e97,0x9697,0x9697,0x96b7,0x96b7,0x9696,0x9697,0x9eb7,0x9697,0x9697,0x9697,0x9696,0x8e96,0x8e96,0x8e96,0x8e97,
  0x8e97,0x8e77,0x8e97,0x8e97,0x9697,0x96b7,0x9697,0x8e97,0x8e97,0x8e97,0x8e77,0x8e77,0x8e97,0x8e76,0x7593,0x8e76,
  0x9697,0x8e56,0x8e77,0x8e77,0x8e57,0x8e98,0x8e97,0x8e77,0x8e77,0x8e97,0x8e77,0x8e76,0x8e76,0x8e76,0x8e76,0x8e56,
  0x8e56,0x8636,0x8636,0x8636,0x8e56,0x8e56,0x8e77,0x8e56,0x8e56,0x8e57,0x8e77,0x8636,0x8e56,0x8e56,0x8e77,0x8e56,
  0x8635,0x8e56,0x8e55,0x8e56,0x8e36,0x8656,0x8e56,0x8e56,0x8e36,0x8e56,0x8e57,0x8e56,0x8e57,0x8e77,0x8e77,0x8e77,
  0x8e77,0x8e77,0x8e56,0x8e56,0x8e76,0x8e77,0x8e77,0x8e56,0x8e56,0x8e77,0x8e57,0x8e77,0x8e77,0x8e36,0x7573,0x8e57,
  0x9677,0x9697,0x8e77,0x9677,0x8e77,0x9677,0x9677,0x8e57,0x8e36,0x8e56,0x8e56,0x8e56,0x8e56,0x8e56,0x8e56,0x8e56,
  0x8e77,0x8e56,0x8e77,0x8e77,0x8e57,0x8e36,0x8e37,0x8e36,0x8e36,0x8636,0x8636,0x8636,0x8e36,0x8e16,0x8e37,0x8e36,
  0x9f19,0x96f9,0x96d8,0x96d8,0x96d8,0x96d7,0x96d7,0x96d7,0x96b7,0x8e97,0x96b7,0x96d7,0x96b7,0x96b7,0x8eb7,0x96b7,
  0x8e97,0x8e97,0x9697,0x9697,0x8e77,0x8e77,0x8e77,0x8e56,0x8e77,0x9697,0x8e97,0x8e97,0x8e97,0x8e97,0x7df4,0x8656,
  0x96b7,0x8e76,0x8e76,0x8e56,0x8e76,0x9697,0x9697,0x9697,0x9697,0x8e76,0x8e97,0x9697,0x8e76,0x8e76,0x9697,0x8e76,
  0x8e76,0x9697,0x8e97,0x8e97,0x8e96,0x8e96,0x8e96,0x8e97,0x96b8,0x96b8,0x8e97,0x96b8,0x96b8,0x96b7,0x8e97,0x8e97,
  0x96b8,0x96d8,0x96d8,0x96d8,0x96b8,0x8e97,0x8e97,0x8e76,0x9697,0x96b8,0x9697,0x8e97,0x9677,0x8e77,0x8e77,0x9697,
  0x9697,0x9697,0x9697,0x8e97,0x8e97,0x9697,0x9697,0x8e77,0x9697,0x9697,0x9697,0x96b7,0x96b7,0x8e76,0x7df4,0x9697,
  0x9697,0x96b8,0x9697,0x96b8,0x9eb8,0x96b8,0x9697,0x96b7,0x96b7,0x8e97,0x8e97,0x96b7,0x96b7,0x96b8,0x96b8,0x96b8,
  0x96d8,0x9ed8,0x9eb8,0x9ed8,0x96d8,0x96b8,0x96d8,0x96d8,0x8eb8,0x8eb8,0x8eb7,0x96b7,0x8e97,0x8eb7,0x8e97,0x96b7,
  0x96b7,0x9697,0x9697,0x96b7,0x9eb7,0x9697,0x9697,0x96b7,0x9697,0x9697,0x9697,0x9697,0x8e76,0x8e76,0x8e76,0x8e76,
  0x8e77,0x8e97,0x9697,0x9697,0x9697,0x9697,0x8e76,0x8e76,0x8e76,0x8e76,0x8e76,0x9697,0x8e97,0x8e76,0x7593,0x8e76,
  0x9697,0x8e77,0x8e77,0x8e57,0x8e97,0x8e97,0x8e77,0x8e56,0x8e57,0x8e77,0x8e77,0x8e56,0x8e56,0x8e56,0x8e76,0x8e56,
  0x8e56,0x8e56,0x8e76,0x8e77,0x8e56,0x8e56,0x8676,0x8656,0x8e56,0x8e56,0x8e56,0x8e57,0x8e56,0x8656,0x8e56,0x8e56,
  0x8e35,0x8e35,0x8e56,0x8e56,0x8e56,0x8e56,0x8e56,0x8636,0x8636,0x8e56,0x8e57,0x8e56,0x8e56,0x8e77,0x9677,0x8e77,
  0x8e77,0x8e56,0x8e77,0x8e77,0x8e77,0x8e77,0x8e77,0x8e76,0x8e56,0x8e77,0x8e56,0x8e77,0x9677,0x8e56,0x7593,0x8e57,
  0x8e77,0x8e77,0x8e57,0x9677,0x8e57,0x8e77,0x8e77,0x8e57,0x8e36,0x8e77,0x8e56,0x8e56,0x8e36,0x8e56,0x8e56,0x8e56,
  0x8e36,0x8e56,0x8e77,0x8e77,0x8e56,0x8e57,0x8e36,0x8616,0x8636,0x8e36,0x8e36,0x8e36,0x8e36,0x8e36,0x8e57,0x9657,
  0x9ef8,0x96f8,0x96f8,0x96d8,0x96f8,0x96d8,0x96d8,0x96f8,0x96b7,0x8eb7,0x96b7,0x96b7,0x96b7,0x96b7,0x96b7,0x9697,
  0x8e97,0x8e76,0x8e97,0x96b7,0x9697,0x8e77,0x8e77,0x8e77,0x9697,0x9697,0x8e97,0x8e97,0x8e77,0x9697,0x75d4,0x8635,
  0x9697,0x8e76,0x9697,0x8e56,0x8635,0x8e76,0x8e76,0x8e56,0x8e76,0x8e76,0x96b7,0x96b7,0x8e97,0x8e76,0x9697,0x8e97,
  0x9697,0x8e97,0x96b7,0x96b7,0x8e97,0x96b7,0x8e97,0x8e97,0x96b7,0x8e97,0x8e97,0x96b8,0x96b8,0x9697,0x8e97,0x9697,
  0x8e97,0x96b8,0x96b8,0x96b7,0x96d8,0x96b7,0x8e96,0x8e97,0x9697,0x8e97,0x8e76,0x9697,0x9697,0x8e57,0x9697,0x96b7,
  0x8e77,0x8e97,0x9697,0x96b8,0x8e77,0x8e77,0x9697,0x8e97,0x96b8,0x9697,0x9696,0x9697,0x9696,0x9697,0x8e56,0x9677,
  0x96b8,0x9697,0x9697,0x9697,0x9697,0x8e97,0x9697,0x9697,0x8e97,0x8e97,0x8e77,0x96b7,0x96b7,0x9697,0x96b8,0x96b8,
  0x96d8,0x96b8,0x96b8,0x9eb8,0x96b8,0x96b8,0x96d8,0x96b8,0x96b8,0x96b7,0x96b7,0x96b7,0x96b7,0x96b7,0x9697,0x96b7,
  0x96b7,0x9697,0x9697,0x9697,0x9697,0x9697,0x9697,0x9697,0x9697,0x9697,0x9697,0x9697,0x9697,0x9677,0x9676,0x8e76,
  0x8e77,0x9697,0x9697,0x9697,0x9696,0x8e76,0x9696,0x8e76,0x8e76,0x9696,0x8e77,0x8e76,0x8e77,0x8e77,0x75b3,0x8e76,
  0x96b8,0x8e77,0x8e77,0x8e77,0x8e77,0x8e57,0x8e56,0x8e57,0x8636,0x8e56,0x8e76,0x8e76,0x8e56,0x8e56,0x8e76,0x8e56,
  0x8e56,0x8e56,0x8e77,0x8e77,0x8e56,0x8656,0x8e77,0x8e57,0x8e77,0x8e56,0x8e56,0x8e57,0x8e56,0x8636,0x8615,0x8e56,
  0x8e55,0x8e35,0x8e76,0x8e56,0x8e56,0x8e56,0x8e56,0x8656,0x8e76,0x8e77,0x8e56,0x8e56,0x8e77,0x8e77,0x8e77,0x8e77,
  0x8e57,0x8e77,0x8e77,0x8e77,0x8e57,0x8e77,0x8e57,0x8e56,0x8e56,0x8e36,0x8e36,0x8e77,0x9677,0x8e36,0x7594,0x8e77,
  0x8e56,0x8e57,0x8e77,0x9677,0x8e57,0x8e57,0x8e56,0x8e56,0x8e56,0x9697,0x8e77,0x8e56,0x8e36,0x8e57,0x8e56,0x8e56,
  0x8e56,0x8e56,0x8e36,0x8e56,0x8e56,0x8e56,0x8e36,0x8e36,0x8e56,0x8e57,0x8e16,0x8615,0x8e36,0x8e36,0x8e36,0x8e36,
  0x9ef8,0x9ef8,0x9ef8,0x96f8,0x96d8,0x8eb8,0x8eb7,0x96d8,0x96b7,0x96b7,0x8e97,0x8e96,0x8eb7,0x8e96,0x8e96,0x8e97,
  0x8e96,0x8e97,0x8e97,0x8e97,0x8e97,0x8e76,0x8e77,0x8e56,0x8e77,0x9697,0x9697,0x96b8,0x9697,0x9697,0x7df4,0x8615,
  0x96b7,0x8e97,0x9697,0x9697,0x8e76,0x8e76,0x8e76,0x9697,0x8e76,0x8e97,0x8e76,0x8e97,0x9697,0x8e76,0x8e97,0x8e76,
  0x8e76,0x8e76,0x8e97,0x9697,0x8e97,0x96b7,0x96b7,0x96b7,0x96b8,0x96d8,0x96b8,0x96b8,0x96b8,0x9697,0x9697,0x9697,
  0x9697,0x96b8,0x9697,0x9697,0x96b7,0x9697,0x8e76,0x8e97,0x9697,0x8e76,0x8e97,0x9697,0x9697,0x8e77,0x9697,0x9ed8,
  0x9697,0x9697,0x9697,0x9697,0x8e77,0x9697,0x9677,0x9697,0x96b7,0x9697,0x9697,0x96b7,0x9697,0x96b7,0x8615,0x8e56,
  0x96b7,0x9677,0x9697,0x9697,0x9697,0x9697,0x8e97,0x8e97,0x8e97,0x8e97,0x8e97,0x96b7,0x8e97,0x9697,0x96b7,0x96b8,
  0x96d8,0x96b8,0x96b8,0x96b8,0x96b8,0x96d8,0x96b8,0x96b8,0x96b8,0x96b8,0x96b7,0x96b7,0x8e97,0x8e97,0x96b7,0x96b7,
  0x9697,0x9697,0x9697,0x9697,0x96b7,0x9697,0x9697,0x8e76,0x9677,0x9697,0x9677,0x9697,0x9677,0x9697,0x9677,0x9677,
  0x9697,0x9677,0x9697,0x9697,0x9697,0x8e76,0x8e76,0x8e76,0x8e76,0x9697,0x8e76,0x8e76,0x9677,0x9677,0x75b4,0x8e36,
  0x8e77,0x8e77,0x8e77,0x9697,0x8e77,0x8e57,0x8e56,0x8e36,0x8e57,0x8e56,0x8e56,0x8e76,0x8e56,0x8e76,0x8e56,0x8e56,
  0x8656,0x8e56,0x8e56,0x8e56,0x8e56,0x8e57,0x8657,0x8e57,0x8e77,0x8e56,0x8e56,0x8e56,0x8636,0x8e36,0x8e56,0x8636,
  0x8e56,0x8e35,0x8e56,0x8e35,0x8e76,0x8e76,0x8e56,0x8656,0x8e77,0x8e77,0x8e56,0x8656,0x8e56,0x8e77,0x8e77,0x8e57,
  0x8e77,0x8e77,0x8e77,0x9677,0x8e77,0x8e57,0x8e56,0x8e57,0x8e57,0x8e36,0x8e36,0x8e57,0x9677,0x85d5,0x7593,0x9677,
  0x8e57,0x8e57,0x8e77,0x8e77,0x8e56,0x8e56,0x8e57,0x8e56,0x8e77,0x9697,0x8e77,0x8e36,0x8e57,0x8e57,0x8e57,0x8e76,
  0x8e56,0x8635,0x8e36,0x8e56,0x8e56,0x8e36,0x8e56,0x8e56,0x8e57,0x8e56,0x8e36,0x8e36,0x8e36,0x8e36,0x8e36,0x8e37,
  0x96f8,0x96d8,0x96f8,0x96d8,0x96d8,0x96d8,0x8eb7,0x8eb7,0x96b7,0x8e96,0x8e96,0x96d7,0x96b7,0x8e97,0x8e97,0x8e96,
  0x8e76,0x8e97,0x9697,0x96b7,0x8e96,0x8e76,0x9677,0x8e57,0x9677,0x9697,0x8e77,0x9677,0x9677,0x9677,0x85f5,0x8635,
  0x96b7,0x9697,0x8e97,0x9697,0x9697,0x8e76,0x8e76,0x9697,0x8e76,0x9697,0x8e97,0x8e97,0x8e76,0x8e76,0x9697,0x8e76,
  0x8e76,0x8e97,0x9697,0x8e97,0x8e97,0x8e97,0x96b7,0x96b7,0x8e97,0x8e97,0x8eb7,0x96b7,0x96b8,0x9697,0x9677,0x8e77,
  0x9698,0x9698,0x8e97,0x9697,0x8e97,0x8e76,0x8e76,0x8e97,0x8e76,0x8e56,0x8e76,0x9697,0x8e77,0x8e77,0x8e76,0x96b7,
  0x9697,0x8e77,0x9697,0x9697,0x9697,0x9677,0x8e77,0x9697,0x9697,0x96b7,0x9696,0x9697,0x9697,0x9697,0x7db4,0x8e56,
  0x96b7,0x9697,0x9697,0x9697,0x9697,0x96d8,0x9698,0x9698,0x9697,0x9697,0x96b8,0x96b7,0x96b7,0x96d8,0x96b7,0x8eb7,
  0x9697,0x96b8,0x9eb8,0x96b8,0x96b8,0x96b8,0x9698,0x9697,0x96b8,0x9697,0x96b7,0x96b7,0x8e97,0x96b7,0x96b7,0x96b7,
  0x8e96,0x9696,0x9696,0x9697,0x9697,0x9697,0x9676,0x9676,0x9697,0x9697,0x9697,0x9697,0x9697,0x9e97,0x9697,0x9697,
  0x9697,0x8e77,0x9697,0x9697,0x8e76,0x8e76,0x8e76,0x8e76,0x8e56,0x8e56,0x9676,0x9676,0x9677,0x9697,0x7593,0x8e56,
  0x9677,0x8e77,0x8e77,0x8e77,0x8e57,0x8e57,0x8e36,0x8636,0x8e57,0x8636,0x8636,0x8e77,0x8e76,0x8e56,0x8636,0x8e56,
  0x8e56,0x8636,0x8656,0x8636,0x8e77,0x8e57,0x8656,0x8e57,0x8e56,0x8e56,0x8e36,0x8e56,0x8e57,0x8e56,0x8636,0x8e56,
  0x8e35,0x8e55,0x8e56,0x8e55,0x8e56,0x8e76,0x8e76,0x8e56,0x9697,0x8e97,0x8e56,0x8e56,0x8e77,0x8e77,0x8e57,0x8e56,
  0x8e56,0x8e77,0x8e77,0x8e57,0x8e57,0x8e57,0x8e36,0x8e57,0x8e56,0x8e36,0x8e36,0x9657,0x9698,0x7dd4,0x7573,0x8e57,
  0x8e56,0x8e57,0x8e57,0x8e77,0x8e56,0x8e56,0x8e77,0x8e56,0x8e56,0x8e77,0x8e77,0x8e36,0x8e36,0x8e36,0x8636,0x8e36,
  0x8e56,0x8615,0x8e36,0x8e56,0x8e36,0x8e35,0x8e56,0x8e56,0x8e77,0x8e56,0x8e36,0x8e36,0x8e36,0x9657,0x8e36,0x8e36,
  0x96d8,0x96d7,0x96d8,0x96d8,0x96d8,0x96b7,0x96b7,0x8e77,0x8e97,0x8e97,0x8e97,0x96b7,0x96b7,0x8e97,0x8e97,0x8e97,
  0x8e97,0x8e97,0x8e97,0x96b7,0x8e97,0x8e77,0x9697,0x9697,0x9677,0x9697,0x9677,0x8e77,0x9677,0x9697,0x7df4,0x8615,
  0x96b7,0x8e76,0x8e56,0x8e76,0x8e76,0x8e76,0x8e76,0x9697,0x8e97,0x9697,0x8e76,0x8e97,0x8e76,0x8e76,0x9697,0x8e76,
  0x8e76,0x8e97,0x8e97,0x8e76,0x8e97,0x8e97,0x8e97,0x8e97,0x8e97,0x8e97,0x8e97,0x96b7,0x9697,0x9697,0x9697,0x8e77,
  0x9698,0x9697,0x8e97,0x9697,0x8e76,0x9697,0x8e76,0x8e97,0x8e76,0x8e76,0x8e76,0x9697,0x9697,0x9697,0x8e77,0x9697,
  0x9697,0x8e77,0x8e97,0x9697,0x9697,0x9677,0x9697,0x8e77,0x9697,0x9697,0x9697,0x96b7,0x9697,0x9697,0x7db4,0x8635,
  0x96b7,0x8e76,0x9697,0x9697,0x9697,0x96d8,0x96b8,0x96b8,0x96b8,0x96b8,0x96b8,0x9697,0x96b7,0x96b7,0x96b7,0x8eb7,
  0x96b8,0x96d8,0x96b8,0x96d8,0x96d8,0x9697,0x96b8,0x9697,0x9e98,0x9657,0x9697,0x96b7,0x9696,0x9697,0x9696,0x9697,
  0x9697,0x9696,0x9eb7,0x9eb7,0x9696,0x9676,0x8e56,0x9676,0x9697,0x9676,0x9677,0x9677,0x9677,0x9697,0x9677,0x9677,
  0x9677,0x9677,0x9677,0x9677,0x9677,0x9697,0x9677,0x9676,0x9697,0x9677,0x9677,0x9677,0x9677,0x9656,0x7d93,0x9677,
  0x8e77,0x8e36,0x8e77,0x8e56,0x8e56,0x8e57,0x8e57,0x8e56,0x8e57,0x8e57,0x8656,0x8e97,0x8e77,0x8656,0x8e56,0x8e56,
  0x8656,0x8636,0x8656,0x8e56,0x8e57,0x8636,0x8e56,0x8e77,0x8636,0x8636,0x8636,0x8656,0x8e56,0x8636,0x8636,0x8e36,
  0x8635,0x8e56,0x8e76,0x8e76,0x8e76,0x8e77,0x8e76,0x8e77,0x8e77,0x9697,0x8e77,0x8e77,0x9677,0x8e57,0x8e57,0x8e36,
  0x8e36,0x8e56,0x8e56,0x8e57,0x8e57,0x8e57,0x8e77,0x8e36,0x8e56,0x8e36,0x8e56,0x8e56,0x9697,0x7dd5,0x7db4,0x8e57,
  0x8e36,0x8e57,0x9677,0x9677,0x8e57,0x8e57,0x8e56,0x8e56,0x8e56,0x8e77,0x8e57,0x8e36,0x8e56,0x8e36,0x8e36,0x8635,
  0x8e36,0x8e36,0x8616,0x8e36,0x8635,0x8e36,0x8635,0x8635,0x8e36,0x8e36,0x8e56,0x8e56,0x8e57,0x9677,0x8e56,0x8e16,
  0x96d8,0x96d7,0x96b7,0x96d8,0x96b7,0x96b7,0x96b7,0x96b7,0x96b7,0x8e97,0x8e97,0x8e97,0x8e97,0x8e97,0x8e96,0x96b7,
  0x96b7,0x96b7,0x8e97,0x8e97,0x8e97,0x96b7,0x9697,0x9697,0x8e77,0x8e77,0x8e76,0x8e56,0x9677,0x9697,0x7df4,0x75b3,
  0x8e76,0x8e56,0x8e56,0x8e76,0x8e76,0x8e76,0x8e76,0x8e76,0x8e97,0x8e76,0x8e96,0x8e97,0x8e76,0x8e76,0x8e76,0x8e76,
  0x8e56,0x8e76,0x8e96,0x8e97,0x8e97,0x8e97,0x8e96,0x8e97,0x8e97,0x96b7,0x8e97,0x9697,0x9697,0x9698,0x9697,0x9697,
  0x9697,0x9697,0x9697,0x9697,0x9697,0x9697,0x8e97,0x8e76,0x8e76,0x8e76,0x9696,0x9696,0x8e96,0x8e77,0x9697,0x9697,
  0x8e97,0x8e76,0x8e97,0x9697,0x9697,0x96b8,0x9677,0x9697,0x8e96,0x9697,0x9697,0x96b7,0x8e76,0x8e76,0x75b3,0x8635,
  0x9eb7,0x9697,0x9697,0x96b7,0x96b7,0x96b8,0x9697,0x96b8,0x96b8,0x96b7,0x9697,0x9697,0x96b7,0x96b7,0x96b7,0x96b7,
  0x96b8,0x96d8,0x96f8,0x96b8,0x9ed8,0x9eb8,0x9e97,0x9e77,0x9e77,0x9e77,0x9e97,0x9e97,0x9e97,0x9e77,0x9e76,0x9e77,
  0x9e97,0x9e76,0x9e77,0xa6b7,0x9e97,0x9e76,0x9e76,0x9e56,0x9656,0x9e56,0x9e76,0x9e77,0x9677,0x9657,0x9e77,0x9e77,
  0x9657,0x9e77,0x9677,0x9e77,0x9e77,0x9677,0x9677,0x9656,0x9676,0x9677,0x9677,0x9657,0x9e77,0x9656,0x7d93,0x9677,
  0x8e57,0x8e36,0x8e77,0x8e36,0x8e56,0x8e57,0x8e56,0x8e77,0x8e77,0x8e76,0x8e76,0x8676,0x8e76,0x8e77,0x8e56,0x8e56,
  0x8e56,0x8e77,0x8e57,0x8636,0x8e56,0x8e56,0x8e56,0x8e56,0x8e56,0x8636,0x8636,0x8636,0x8e57,0x8656,0x8636,0x8636,
  0x8635,0x8e35,0x8e56,0x8e55,0x8e56,0x8e56,0x8e56,0x8e56,0x8e56,0x8e77,0x8e56,0x8e57,0x8e57,0x8e36,0x8e56,0x8e77,
  0x8e57,0x8e56,0x8e36,0x8e36,0x8e57,0x8e36,0x8e56,0x8e56,0x8e56,0x8e56,0x8e56,0x8e36,0x9697,0x7db4,0x85d5,0x9677,
  0x8e56,0x8e56,0x9677,0x9677,0x9677,0x8e57,0x8e56,0x8e56,0x8e77,0x8e56,0x8636,0x8e56,0x8e56,0x8e56,0x8e36,0x8e36,
  0x8e36,0x8e56,0x8e36,0x8e36,0x8635,0x8e36,0x8e56,0x8e56,0x8e56,0x8636,0x8636,0x8e36,0x8e56,0x8e56,0x8e56,0x8e56,
  0x96d8,0x96d7,0x96d7,0x96d7,0x96d7,0x96d8,0x96b7,0x8e97,0x96b7,0x96b7,0x96d8,0x96b7,0x8e97,0x8e97,0x8e96,0x8e97,
  0x8e97,0x96b7,0x96b7,0x8e97,0x8e97,0x9697,0x9697,0x9697,0x8e77,0x8e77,0x8e77,0x8e56,0x8e77,0x9697,0x7df4,0x7593,
  0x8e76,0x8e76,0x8e76,0x8e97,0x8e97,0x8e76,0x8e96,0x8e97,0x8e76,0x8e97,0x8e76,0x8e76,0x8e76,0x8e56,0x8e76,0x8656,
  0x8e76,0x8e76,0x8e97,0x8e76,0x8e76,0x8e96,0x8e96,0x8e76,0x8e97,0x8e97,0x8e77,0x8e77,0x8e97,0x8e77,0x8e77,0x8e97,
  0x8e77,0x8e77,0x8e97,0x8e77,0x8e76,0x8e97,0x8e97,0x8e76,0x8e76,0x8e76,0x9697,0x9696,0x8e76,0x8e56,0x9697,0x8e76,
  0x9697,0x9697,0x8e97,0x96b7,0x96b8,0x9697,0x9697,0x9697,0x9697,0x9697,0x9697,0x8e76,0x8e76,0x9697,0x7593,0x8635,
  0x9ed7,0x9697,0x9697,0x96b7,0x96b7,0x96b8,0x96b7,0x96b8,0x9697,0x96b8,0x96b7,0x96b7,0x96b7,0x96b7,0x96b7,0x96b7,
  0x96b7,0x96b8,0x9ed8,0x9eb8,0x9eb8,0x9e97,0x9e77,0x9e57,0x9e36,0x9e16,0x9e16,0x9df5,0x95d4,0x95d4,0x9df5,0x9df5,
  0xa636,0x9e15,0xa616,0xa616,0xa636,0xa656,0xa636,0xa636,0xae77,0xae57,0xa657,0xae77,0xa677,0xa677,0xa677,0xae78,
  0xa677,0xa657,0x9e57,0xa657,0x9e57,0x9e56,0x9e36,0x9e56,0x9656,0x9656,0x9656,0x9676,0x9e77,0x9657,0x7593,0x8e56,
  0x8e56,0x8e77,0x8e36,0x8636,0x9677,0x8e56,0x8e57,0x8e77,0x8e57,0x8e56,0x8656,0x8635,0x8656,0x8e56,0x8e57,0x8e36,
  0x8e56,0x9677,0x8e57,0x8636,0x8636,0x8e77,0x8e77,0x8636,0x8e56,0x8636,0x8636,0x8636,0x8e56,0x8656,0x8636,0x8e56,
  0x8e56,0x8e35,0x8e56,0x8e55,0x8e56,0x8e56,0x8e56,0x8e56,0x8e56,0x8e56,0x8e77,0x8e36,0x8e57,0x8e56,0x8e56,0x8e77,
  0x8e77,0x8e56,0x8e56,0x8e56,0x8e56,0x8e56,0x8e56,0x8e56,0x8e56,0x8e57,0x8e36,0x8e56,0x9677,0x7db4,0x7dd4,0x9657,
  0x9677,0x9677,0x8e57,0x9677,0x8e57,0x8e57,0x8e57,0x8636,0x8656,0x8636,0x8636,0x8e56,0x8e56,0x8e36,0x8e56,0x8e36,
  0x8e15,0x8e36,0x8636,0x8e36,0x8615,0x8635,0x8e36,0x8e56,0x8e56,0x8e56,0x8636,0x8e56,0x8e56,0x9657,0x8e57,0x8e36,
  0x8ed7,0x96d8,0x96d7,0x8eb7,0x96f8,0x96d8,0x96d8,0x96b7,0x8eb7,0x96d7,0x96d8,0x8e97,0x8e97,0x8e97,0x8e96,0x8e76,
  0x8e97,0x8e97,0x8e97,0x8e97,0x9697,0x9697,0x9697,0x9697,0x8e77,0x8e76,0x96b7,0x9697,0x8e56,0x9697,0x8615,0x6d72,
  0x8e76,0x8e56,0x8e56,0x8e76,0x8e97,0x8e76,0x8e76,0x8e76,0x8e76,0x8e96,0x8e97,0x8e96,0x8e76,0x8e76,0x8e76,0x8656,
  0x8655,0x8e76,0x8e76,0x8e76,0x8e76,0x8e76,0x8e76,0x8e77,0x8e97,0x9697,0x8e97,0x8e77,0x8e77,0x8e77,0x9697,0x9697,
  0x9697,0x8e77,0x9697,0x8e97,0x8e76,0x8e76,0x9697,0x9697,0x9697,0x9697,0x9697,0x9697,0x8e76,0x8e77,0x8e76,0x8e96,
  0x9697,0x8e77,0x8e77,0x96b7,0x8e97,0x9697,0x8e97,0x8e97,0x8e97,0x96b7,0x9697,0x8e76,0x9697,0x96b7,0x75b3,0x8615,
  0x96b7,0x9676,0x9697,0x96b7,0x96b7,0x96b7,0x9697,0x96b8,0x96b8,0x96b8,0x9697,0x9697,0x9697,0x96b7,0x96b7,0x96b7,
  0x96b7,0x9ed8,0x9eb8,0x9eb8,0x9677,0x64b0,0x646f,0x7490,0x642e,0x640e,0x744f,0x6c0e,0x63ed,0x63cc,0x6c0d,0x6c0d,
  0x6c0e,0x742e,0x6bed,0x6bed,0x742e,0x7c4f,0x7c6f,0x7c6f,0x8490,0x84d0,0x84d1,0x84d1,0x8cf2,0x9533,0x9533,0x9554,
  0x9db5,0xa5d5,0xa616,0xae36,0xa636,0xa657,0xa636,0xa657,0xa677,0x9e56,0x9e56,0x9e56,0xa697,0x9636,0x7d93,0x8e36,
  0x8e56,0x8e56,0x8e56,0x8e56,0x8e77,0x8e56,0x8e56,0x8e77,0x8e56,0x8636,0x8656,0x8635,0x8656,0x8e76,0x8e77,0x8636,
  0x8636,0x8e56,0x8636,0x8656,0x8636,0x8615,0x8e77,0x8e56,0x8e36,0x8e36,0x8616,0x8636,0x8e36,0x8636,0x8636,0x8e36,
  0x8e56,0x8635,0x8615,0x8e36,0x8e56,0x8e56,0x8e56,0x8e56,0x8e56,0x8e56,0x8e77,0x8e56,0x8e56,0x8e56,0x8e77,0x8e57,
  0x8e56,0x8e56,0x8e77,0x8e77,0x8e56,0x8e56,0x8e56,0x8e56,0x8e56,0x8e36,0x8636,0x8e56,0x9677,0x7593,0x85f5,0x8e56,
  0x8e36,0x8e56,0x8e56,0x8e56,0x8e56,0x8e57,0x8e57,0x8e56,0x8e36,0x8e56,0x8e57,0x8e77,0x8e36,0x8e36,0x8e56,0x8e36,
  0x8e15,0x8635,0x8635,0x8e35,0x8615,0x8635,0x8e35,0x8615,0x8e56,0x8e56,0x8e56,0x8e56,0x8e56,0x8e56,0x8e56,0x8e36,
  0x96b7,0x96b7,0x96d8,0x96d7,0x96d8,0x96d8,0x96d8,0x96b7,0x8eb7,0x96b7,0x8eb7,0x8e97,0x8eb7,0x8e97,0x8e76,0x8e97,
  0x8e96,0x8e97,0x96b7,0x8e97,0x8e97,0x8e76,0x8e76,0x8e77,0x8e76,0x8e56,0x8e76,0x8e76,0x8e76,0x96b7,0x8615,0x6d72,
  0x8e56,0x8e76,0x8e56,0x8e76,0x8e76,0x8e76,0x8e76,0x8e97,0x8e76,0x8e76,0x8e76,0x8e76,0x8e56,0x8e76,0x8e76,0x8e76,
  0x8e76,0x8656,0x8e56,0x8e76,0x8e76,0x8e76,0x8e97,0x8e97,0x9697,0x8e77,0x9697,0x8e97,0x8e97,0x9697,0x9697,0x9697,
  0x9697,0x96b8,0x9697,0x8e77,0x8e76,0x8e76,0x8e76,0x8e96,0x9697,0x8e76,0x8e76,0x9697,0x8e76,0x8e76,0x9697,0x9697,
  0x9697,0x9697,0x9697,0x8e97,0x96b7,0x9697,0x9697,0x9697,0x8e76,0x8e97,0x96b7,0x96b7,0x9697,0x96b7,0x7dd4,0x8635,
  0x9ed7,0x9696,0x9697,0x9697,0x96b8,0x96d8,0x9eb8,0x96b8,0x9eb8,0x96b8,0x96b8,0x9698,0x9697,0x9697,0x96d8,0x96b7,
  0x96b8,0x96b8,0x9eb7,0x9eb7,0x8df5,0x4bcc,0x4b8b,0x5bcd,0x6bed,0x84b1,0x8cb1,0x94f1,0x94d1,0x7bcd,0x6b8c,0x6b6c,
  0x6b6b,0x6b6c,0x632b,0x632a,0x6b4b,0x6b6b,0x6b4b,0x632b,0x630a,0x630a,0x632a,0x5b0a,0x632b,0x632b,0x632b,0x6b4c,
  0x6b8d,0x73ad,0x73cd,0x7c2f,0x7c4f,0x7c70,0x84b0,0x9512,0x9553,0x9dd4,0x9dd5,0xa615,0xa616,0x95d4,0x8d93,0x9e56,
  0x9615,0x9636,0x9656,0x8e36,0x9656,0x9656,0x8e35,0x8e56,0x8e36,0x8e35,0x8e56,0x8e56,0x8e56,0x8e56,0x8e56,0x8e35,
  0x8e56,0x8636,0x8636,0x8635,0x8635,0x8e56,0x8e56,0x8e56,0x8e36,0x8e36,0x8636,0x8636,0x8636,0x8636,0x8636,0x8636,
  0x8e36,0x8e36,0x8635,0x8635,0x8e56,0x8e56,0x8e76,0x8e56,0x8e56,0x8e56,0x8e56,0x8e56,0x8656,0x8656,0x8e56,0x8656,
  0x8e36,0x8e77,0x8e56,0x8636,0x8e56,0x8636,0x8636,0x8e36,0x8e56,0x8e36,0x8e56,0x8e36,0x8e57,0x7db4,0x85f5,0x8e57,
  0x8e36,0x8e57,0x8e36,0x8e36,0x8636,0x8e57,0x8e57,0x8e56,0x8e36,0x8e57,0x8e57,0x8e56,0x8e36,0x8e36,0x8e36,0x8e36,
  0x8e36,0x8e36,0x8636,0x8e35,0x8615,0x8635,0x8615,0x8615,0x8636,0x8636,0x8e36,0x8e56,0x8e36,0x8e36,0x8e36,0x8e36,
  0x96d8,0x96b8,0x96d8,0x96d7,0x96d7,0x96d7,0x96b7,0x96d7,0x96d7,0x8eb7,0x8eb7,0x8e97,0x8e97,0x8e97,0x8e97,0x8e97,
  0x8e76,0x8e96,0x8e97,0x8e96,0x8e76,0x8e76,0x8e76,0x8e56,0x8e56,0x8e55,0x8e55,0x9696,0x8e76,0x9696,0x8e55,0x7593,
  0x8e76,0x8e76,0x8e76,0x8e76,0x8e76,0x9697,0x8e97,0x8e76,0x8e76,0x8e76,0x8e97,0x8e76,0x8e76,0x8e76,0x8e76,0x8e77,
  0x8e76,0x8e76,0x8e76,0x8e76,0x8e76,0x8e56,0x8e56,0x8e76,0x8e77,0x8e77,0x9697,0x8e97,0x9697,0x9697,0x9697,0x9697,
  0x9697,0x9697,0x9697,0x8e57,0x8e97,0x8e76,0x9696,0x8e96,0x8e76,0x8e76,0x8e76,0x8e76,0x8e76,0x8e76,0x9697,0x9697,
  0x8e97,0x9697,0x9697,0x9697,0x9697,0x9697,0x8e76,0x8e76,0x8e77,0x9697,0x9697,0x96b7,0x9697,0x96b7,0x7593,0x8615,
  0x9ed8,0x9697,0x9697,0x9697,0x96b8,0x96b8,0x96b8,0x96b8,0x96b8,0x96b8,0x96b8,0x9698,0x9677,0x8e97,0x96b7,0x96b7,
  0x96b8,0x9697,0x9e97,0x9e97,0x95f5,0x538c,0x534b,0x532b,0x52ea,0x52c9,0x4a67,0x5288,0x62c9,0x6b0a,0x732b,0x7b4c,
  0x7b4b,0x7b4b,0x732b,0x72ea,0x730a,0x730a,0x7b4b,0x7b2b,0x732b,0x732b,0x734b,0x732b,0x6b0b,0x732b,0x734c,0x732c,
  0x732c,0x732c,0x6b2b,0x6b2b,0x6b4b,0x630a,0x630a,0x6b4b,0x634b,0x6b8c,0x6bac,0x73ed,0x7c4f,0x7c4f,0x7c8f,0x8d52,
  0x8d73,0x95b4,0x9e15,0x9e16,0x9e56,0x9e56,0x9e36,0x9636,0x9e36,0x9615,0x9636,0x9635,0x9615,0x9635,0x8e15,0x8e15,
  0x8e15,0x8e36,0x8e15,0x85f4,0x8e35,0x8e36,0x8e36,0x8e56,0x8615,0x8e36,0x8e36,0x8636,0x8615,0x8616,0x8636,0x8636,
  0x8615,0x8e36,0x8636,0x8636,0x8e56,0x8e77,0x8e56,0x8e56,0x8e56,0x8636,0x8636,0x8656,0x8656,0x8656,0x8e56,0x8636,
  0x8636,0x8e56,0x8656,0x8656,0x8e56,0x8636,0x8636,0x8e56,0x8e56,0x8e36,0x8e36,0x8e56,0x8e57,0x7db4,0x8615,0x9677,
  0x9657,0x9677,0x8e57,0x8e56,0x8e56,0x8e57,0x8e57,0x8e56,0x8e56,0x8e56,0x8e57,0x8e36,0x8e36,0x8e56,0x8e36,0x8e36,
  0x8636,0x8616,0x8636,0x8635,0x8635,0x8615,0x8615,0x8615,0x7df5,0x8615,0x8615,0x8615,0x8e15,0x8615,0x8615,0x8636,
  0x96d8,0x96d8,0x96d8,0x96d8,0x96d8,0x96b7,0x8e97,0x96b7,0x96d7,0x8e97,0x8e76,0x8e97,0x8e97,0x8e97,0x8e77,0x8e97,
  0x8e76,0x8e96,0x8e97,0x8e96,0x8e76,0x8e96,0x8e76,0x8e76,0x8e56,0x8e55,0x8e56,0x9696,0x8e76,0x8e76,0x8e76,0x7592,
  0x8e76,0x8e76,0x8e56,0x8e56,0x8e76,0x8e76,0x8e76,0x8e56,0x8e76,0x8e56,0x8e76,0x9697,0x9697,0x8e76,0x8e76,0x8e76,
  0x8e76,0x8e76,0x8e76,0x8e76,0x8e76,0x8e76,0x8e76,0x8e97,0x9697,0x8e77,0x8e77,0x8e77,0x8e97,0x8e97,0x9697,0x9697,
  0x8e77,0x9697,0x9697,0x8e77,0x9697,0x9697,0x9697,0x8e76,0x8e76,0x8e97,0x9697,0x9677,0x8e56,0x8e56,0x8e76,0x8e76,
  0x8e76,0x8e76,0x9697,0x8e76,0x8e97,0x9697,0x9697,0x8e76,0x8e97,0x96b7,0x9697,0x9697,0x96b7,0x9ed8,0x7593,0x7df4,
  0x9ef8,0x96b7,0x9697,0x9697,0x96b8,0x96b8,0x9698,0x9698,0x9698,0x9697,0x9697,0x9697,0x9697,0x8e77,0x8e97,0x8eb7,
  0x96b8,0x9697,0x9e77,0xa698,0x8d53,0x4b2a,0x5b4b,0x5b2b,0x630b,0x630a,0x62ea,0x6ac9,0x6aea,0x7b2b,0x7b0b,0x7b0b,
  0x7b0b,0x7aca,0x7b0a,0x830b,0x7aca,0x7aea,0x830b,0x7aea,0x7ac9,0x7b0a,0x7b0a,0x7b0a,0x72ea,0x7b0a,0x7b0b,0x7b0b,
  0x7b2b,0x7b2b,0x730b,0x732b,0x734b,0x730b,0x730b,0x7b4c,0x732b,0x6b2b,0x6b2a,0x6b2b,0x6b2b,0x5b2a,0x5b2a,0x638c,
  0x6bcd,0x6bed,0x742e,0x744f,0x7cb0,0x8d32,0x9593,0x9593,0x9dd5,0x9df5,0x9e16,0x9e16,0x9e36,0x95f5,0x95f5,0x95f5,
  0x95f5,0x8df5,0x8df5,0x85f4,0x8e15,0x8e15,0x8e36,0x8e56,0x8e36,0x8e36,0x8e36,0x8615,0x8616,0x8615,0x8616,0x8636,
  0x8636,0x8e56,0x8636,0x8636,0x8e56,0x8e56,0x8e56,0x8e36,0x8e56,0x8636,0x8636,0x8656,0x8636,0x8656,0x8e76,0x8636,
  0x8e56,0x8e56,0x8656,0x8656,0x8656,0x8656,0x8656,0x8e56,0x8e56,0x8636,0x8e36,0x8e56,0x9677,0x7594,0x8e36,0x9677,
  0x9677,0x8e57,0x8e56,0x8e57,0x8e77,0x8e57,0x8e57,0x8e57,0x8e57,0x8e56,0x8e57,0x8e57,0x8e36,0x8e57,0x8e57,0x8e36,
  0x8e36,0x8636,0x8636,0x8635,0x8635,0x8635,0x8615,0x8615,0x8615,0x8615,0x8615,0x8615,0x8615,0x8615,0x8615,0x8e36,
  0x96d8,0x96d8,0x96d8,0x96d8,0x96b7,0x8eb7,0x8eb7,0x8eb7,0x96b7,0x8e96,0x8e76,0x8e97,0x8e97,0x8e76,0x8e97,0x8e77,
  0x8e77,0x8e96,0x8eb6,0x8e96,0x8e96,0x8e76,0x8e76,0x8e76,0x8e56,0x8e55,0x8e55,0x8e56,0x9696,0x8e55,0x8e76,0x6d72,
  0x8615,0x8e76,0x8e76,0x8e56,0x8e76,0x8e56,0x8e56,0x8e76,0x8e76,0x8e76,0x8e76,0x9697,0x8e76,0x8e76,0x8e56,0x8e56,
  0x8e76,0x8e76,0x8e76,0x8e76,0x8e76,0x8e97,0x9697,0x9697,0x9677,0x8e77,0x8e77,0x8e56,0x8e76,0x8e76,0x8e97,0x8e77,
  0x8e77,0x8e97,0x8e77,0x8e97,0x9697,0x9697,0x8e97,0x8e76,0x8e76,0x9697,0x8e97,0x8e76,0x9676,0x8e76,0x9697,0x8e97,
  0x8e97,0x8e97,0x8e97,0x8e76,0x8e97,0x8e97,0x9697,0x8e56,0x8e97,0x9697,0x9697,0x8e76,0x9697,0x96d8,0x75b3,0x7df4,
  0x9ef8,0x96b7,0x8e97,0x9697,0x96b8,0x9697,0x9697,0x9697,0x9697,0x9697,0x9697,0x9697,0x9697,0x8e97,0x8e97,0x8eb7,
  0x9697,0x9697,0x9e77,0xa698,0x7490,0x42a9,0x5b4b,0x630b,0x6b0b,0x6b0b,0x7b2b,0x7b0b,0x7aca,0x830b,0x82ea,0x7aca,
  0x82ea,0x7aaa,0x82eb,0x82ea,0x82ca,0x82ea,0x82ea,0x82ea,0x7aaa,0x82ea,0x82ea,0x7aca,0x830b,0x82ea,0x7aa9,0x82ea,
  0x830b,0x7aea,0x7aea,0x7b0a,0x7b0a,0x7aea,0x7b0a,0x7b2b,0x730a,0x72ea,0x6b0a,0x732a,0x6b0a,0x6b2a,0x6b4b,0x632a,
  0x632a,0x634b,0x632b,0x5b0b,0x5b0a,0x5b4b,0x5b4b,0x63ac,0x6bed,0x7c6f,0x7c90,0x84f1,0x8d53,0x9db4,0xa5d5,0xa5d5,
  0xa5f6,0x9e16,0x9636,0x9615,0x8e15,0x8df5,0x8e15,0x9656,0x8e36,0x8e36,0x8e36,0x8615,0x8615,0x8636,0x8636,0x8636,
  0x8636,0x8e76,0x8e56,0x8e36,0x8e76,0x8e56,0x8e56,0x8e36,0x8e56,0x8e56,0x8e56,0x8656,0x8656,0x8656,0x8656,0x8656,
  0x8656,0x8656,0x8656,0x8e76,0x8e76,0x8e56,0x8e56,0x8e36,0x8635,0x8e56,0x8e56,0x8e56,0x9677,0x7593,0x8e36,0x9657,
  0x8e57,0x8e57,0x8e36,0x8e57,0x8e57,0x8e56,0x8e56,0x8e56,0x8e56,0x8636,0x8e56,0x8e36,0x8e36,0x8e57,0x8e36,0x8e36,
  0x8e36,0x8e36,0x8e36,0x8e36,0x8635,0x8635,0x8635,0x8635,0x8635,0x8615,0x8636,0x8615,0x8615,0x8615,0x8615,0x8615,
  0x96d8,0x96d8,0x96d8,0x96b7,0x96d8,0x96d8,0x96b7,0x8eb7,0x8eb7,0x8e96,0x8e97,0x96b7,0x8e96,0x8e97,0x9697,0x8e76,
  0x8e76,0x8e76,0x8e76,0x9696,0x9696,0x8e76,0x8e55,0x8635,0x8e55,0x8e76,0x8e56,0x8e55,0x8e56,0x8e35,0x8e56,0x64f0,
  0x7dd4,0x8e76,0x8e76,0x8e56,0x8e56,0x8e76,0x8e76,0x9697,0x9697,0x8e76,0x8e76,0x8e76,0x8e76,0x9697,0x8e56,0x8e76,
  0x9697,0x8e76,0x8e56,0x8e76,0x8e56,0x8e56,0x8e76,0x9677,0x9677,0x8e77,0x8e76,0x8e77,0x8e76,0x8e76,0x8e77,0x8e77,
  0x8e77,0x8e97,0x8e97,0x9697,0x9697,0x9697,0x8e76,0x9697,0x9697,0x8e76,0x8e76,0x9676,0x9677,0x8e76,0x9697,0x8e97,
  0x8e97,0x8e76,0x8e76,0x8e76,0x8e76,0x8e76,0x8e76,0x9697,0x8e97,0x8e76,0x9697,0x8e97,0x8e76,0x96b7,0x75b3,0x7df4,
  0x9ef8,0x96b7,0x9697,0x96b7,0x9697,0x96b8,0x9698,0x9697,0x8e77,0x9677,0x9677,0x9697,0x9697,0x8eb7,0x8e97,0x8e97,
  0x9698,0x9e97,0x9e77,0xa677,0x5bed,0x3a68,0x634c,0x6b2b,0x730b,0x730b,0x7aea,0x7aa9,0x7aca,0x82ea,0x82ea,0x82ea,
  0x82c9,0x82c9,0x82ca,0x8aea,0x82ca,0x82ca,0x82aa,0x82ca,0x82ca,0x82ca,0x82ea,0x82ca,0x82ea,0x82ea,0x82ca,0x82aa,
  0x82ca,0x82ca,0x82ea,0x82ea,0x7aea,0x7ac9,0x7aea,0x7aea,0x7ac9,0x72ea,0x730a,0x730a,0x730a,0x732a,0x736c,0x6b2a,
  0x630a,0x6b0a,0x6b0b,0x732b,0x6aea,0x6b2b,0x62ea,0x62ea,0x5aea,0x630a,0x632b,0x634b,0x636c,0x73cd,0x73ee,0x7c2f,
  0x8490,0x9553,0x9dd5,0xa636,0x9e15,0x9e15,0x9e36,0x9615,0x9615,0x9615,0x8df5,0x8e15,0x8e35,0x8636,0x8e36,0x8e56,
  0x8e36,0x8e57,0x8e56,0x8e36,0x8e56,0x8e56,0x8e36,0x8e56,0x8e56,0x8e56,0x8e77,0x8e56,0x8656,0x8656,0x8656,0x8636,
  0x8636,0x8656,0x8656,0x8e76,0x8e56,0x8e56,0x8e56,0x8635,0x8636,0x8e56,0x8e36,0x8e56,0x9677,0x7594,0x8e56,0x8e57,
  0x8e57,0x8e56,0x8e56,0x9677,0x8e56,0x8e36,0x8e36,0x8e36,0x8e36,0x8e57,0x8e57,0x8e56,0x8e36,0x8e57,0x8636,0x8e36,
  0x8e57,0x8e36,0x8616,0x8635,0x8635,0x8635,0x8635,0x8615,0x8615,0x8635,0x8635,0x8615,0x8615,0x85f5,0x85f5,0x85f5,
  0x96f8,0x96d8,0x96d8,0x96d8,0x96b7,0x96b7,0x8eb7,0x8e97,0x8e97,0x96b7,0x8e97,0x8e97,0x8e97,0x8e76,0x8e96,0x8e76,
  0x8e76,0x8e76,0x8e76,0x9696,0x8e76,0x8e76,0x8e56,0x8e55,0x8e56,0x8e76,0x8e76,0x8635,0x8e76,0x8635,0x8e35,0x6511,
  0x7dd4,0x8e76,0x8e76,0x8e76,0x8e76,0x9697,0x8e76,0x8e76,0x8e76,0x8e76,0x8e56,0x8e76,0x8e56,0x8e76,0x8e56,0x8e76,
  0x8e76,0x8e76,0x8e77,0x8e77,0x8e76,0x8e76,0x8e56,0x8e76,0x8e76,0x9677,0x8e76,0x8e77,0x8e56,0x8e76,0x8e77,0x8e77,
  0x8e77,0x9697,0x9697,0x8e97,0x8e97,0x8e97,0x8e76,0x8e76,0x8e97,0x8e76,0x8e76,0x9676,0x8e76,0x8e76,0x8e76,0x9697,
  0x8e76,0x8e97,0x8e97,0x8e97,0x8e76,0x8e76,0x8e76,0x9697,0x96b7,0x9697,0x9697,0x8e97,0x8e97,0x96b7,0x75b3,0x7df4,
  0x9ed8,0x9ed8,0x9697,0x9697,0x9697,0x96b8,0x96b8,0x9697,0x96b8,0x9697,0x9697,0x9677,0x9697,0x8e97,0x8e97,0x8e97,
  0x9697,0x9677,0x9e77,0x8db4,0x3ae9,0x3a68,0x632b,0x736c,0x7b2c,0x830b,0x7aea,0x7aca,0x82a9,0x82ea,0x82ea,0x82ea,
  0x82c9,0x82c9,0x82a9,0x8aea,0x82c9,0x82a9,0x82a9,0x82aa,0x82aa,0x82aa,0x82ca,0x82ca,0x82a9,0x82c9,0x82a9,0x82a9,
  0x82ca,0x82ca,0x82ea,0x82ca,0x82ca,0x82ca,0x7aa9,0x7aa9,0x7ac9,0x7aea,0x7aea,0x7b2b,0x730a,0x730a,0x6b0a,0x732b,
  0x6aea,0x72ea,0x72ca,0x72ca,0x7aea,0x72ca,0x72ea,0x730b,0x72eb,0x6aea,0x6b0b,0x6b0a,0x6b0b,0x6aea,0x62ea,0x630a,
  0x5b0a,0x636c,0x73ad,0x73ee,0x7c4f,0x8d32,0x9db4,0xa615,0x9e16,0x9e16,0x95f5,0x95f5,0x9615,0x8df5,0x8e16,0x9657,
  0x8e36,0x8e36,0x8e56,0x8e56,0x8e56,0x8e56,0x8e56,0x8e76,0x8e56,0x8e77,0x8e56,0x8636,0x8636,0x8656,0x8656,0x8636,
  0x8e56,0x8e56,0x8e56,0x8e56,0x8636,0x8636,0x8e56,0x8e56,0x8e36,0x8e56,0x8e56,0x8e56,0x8e57,0x7573,0x8e57,0x9677,
  0x8e56,0x8e57,0x8e57,0x8e56,0x8e56,0x8e36,0x8636,0x8e36,0x8e77,0x8e57,0x8e57,0x8e57,0x8e57,0x8e56,0x8e36,0x8e57,
  0x8e57,0x8e36,0x8616,0x8e36,0x8615,0x8635,0x8615,0x8615,0x8635,0x8635,0x8635,0x8e36,0x8616,0x85f5,0x85f5,0x7df5,
  0x96d8,0x96d8,0x96b7,0x96b7,0x96b7,0x8eb7,0x96b7,0x8e97,0x8e97,0x8e97,0x8e97,0x8e97,0x8e97,0x8e96,0x8e96,0x8e96,
  0x8e75,0x8e96,0x9696,0x8e76,0x9676,0x9676,0x8e56,0x8e55,0x8e55,0x8e56,0x8e76,0x8e55,0x8e76,0x8e76,0x8e56,0x6d52,
  0x7df4,0x9697,0x8e76,0x8e76,0x8e56,0x8e76,0x8e76,0x8e76,0x8e76,0x9697,0x8e56,0x8e56,0x8e56,0x8e76,0x8e76,0x8e76,
  0x8e56,0x8e77,0x9697,0x9697,0x8e77,0x8e76,0x8e76,0x8e76,0x9677,0x9677,0x9697,0x9697,0x8e76,0x8e97,0x8e97,0x8e77,
  0x8e77,0x8e77,0x8e77,0x8e77,0x8e56,0x8e56,0x8e76,0x8e76,0x8e77,0x9697,0x96b7,0x9697,0x9676,0x9676,0x8e76,0x8e76,
  0x8e97,0x8e97,0x8e97,0x9697,0x9697,0x9697,0x9697,0x9697,0x8e76,0x9697,0x9697,0x9697,0x96b7,0x96b7,0x7df4,0x7df4,
  0x96b7,0x96b8,0x96b8,0x9697,0x9697,0x96b8,0x96b7,0x9697,0x9697,0x9697,0x9698,0x8e77,0x9677,0x8e97,0x8e77,0x8e97,
  0x9697,0x9677,0x9e97,0x74d1,0x2a68,0x6bce,0x73ad,0x6b2b,0x7b2b,0x7b0b,0x832b,0x8b0b,0x82ca,0x82ca,0x82ca,0x82a9,
  0x8aea,0x8aca,0x8aaa,0x8aa9,0x8aaa,0x8289,0x82a9,0x8aca,0x82ca,0x8aca,0x8aea,0x82c9,0x82c9,0x82c9,0x82c9,0x82a9,
  0x82c9,0x82c9,0x82ea,0x82ca,0x8aca,0x8aea,0x82ca,0x7aca,0x82ea,0x7aea,0x72ca,0x730a,0x62c9,0x5aa9,0x5aa8,0x62a9,
  0x732a,0x730a,0x72ca,0x7aca,0x7aaa,0x7aca,0x830b,0x7aca,0x72aa,0x72ca,0x72ea,0x72ea,0x72ea,0x7b0b,0x732b,0x732b,
  0x6b2b,0x732b,0x6b0a,0x62ea,0x62ea,0x634b,0x638c,0x6bee,0x744f,0x8d12,0x9573,0x9dd5,0xa616,0x9615,0x9616,0x9616,
  0x8e16,0x8e36,0x8e56,0x8e76,0x8e36,0x8e36,0x8e56,0x8e56,0x8e56,0x8656,0x8e56,0x8e56,0x8e56,0x8e77,0x8e56,0x8e56,
  0x8e56,0x8e56,0x8e56,0x8e56,0x8e77,0x8e56,0x8e36,0x8e56,0x8e36,0x8e57,0x8e57,0x8e57,0x8636,0x7593,0x8e57,0x8e77,
  0x8e56,0x8e56,0x8e57,0x8e77,0x8e36,0x8e57,0x8e56,0x8e36,0x8e57,0x8e57,0x8e57,0x8e57,0x8e57,0x8e56,0x8e57,0x8e36,
  0x8e36,0x8e36,0x8e36,0x8e36,0x8635,0x8635,0x8615,0x8615,0x8636,0x8636,0x8635,0x8636,0x8615,0x85f5,0x8615,0x8615,
  0x96d8,0x8eb7,0x8eb7,0x96b8,0x96b7,0x96b7,0x8e97,0x8e97,0x8e96,0x8e76,0x8e96,0x8e97,0x8e97,0x8e96,0x8e96,0x8e76,
  0x8e75,0x9696,0x9696,0x8e76,0x9676,0x8e76,0x8e56,0x8635,0x8e35,0x8e55,0x8e76,0x8e76,0x9676,0x8e76,0x9676,0x75b3,
  0x7df4,0x9697,0x8e76,0x8e76,0x8e76,0x8e56,0x8e56,0x8e76,0x8e76,0x9697,0x8e76,0x8e76,0x8e76,0x8e76,0x8e76,0x8e56,
  0x8e56,0x8e77,0x8e77,0x8e77,0x8e77,0x8e56,0x8e76,0x9677,0x8e77,0x8e77,0x8e77,0x9697,0x8e76,0x8e77,0x8e97,0x8e77,
  0x8e77,0x8e97,0x8e77,0x8e77,0x8e97,0x8e97,0x8e77,0x8e77,0x8e77,0x8e97,0x9697,0x8e76,0x8e76,0x8e76,0x8e97,0x8e76,
  0x8e76,0x8e76,0x8e76,0x8e96,0x9697,0x9697,0x96b7,0x8e76,0x8e76,0x9697,0x8e76,0x9697,0x9697,0x96b7,0x8615,0x7df4,
  0x9ed8,0x9697,0x9697,0x9697,0x9697,0x9697,0x9697,0x9697,0x9677,0x9697,0x9697,0x9677,0x9677,0x8e77,0x8e97,0x9697,
  0x9677,0x9e77,0x9e57,0x4bcc,0x3aea,0xa5f6,0x9512,0x6b4c,0x7b4c,0x7b2b,0x830b,0x830a,0x82ea,0x7aa9,0x7a89,0x7a68,
  0x82a9,0x82a9,0x8aaa,0x8aaa,0x8aaa,0x8aaa,0x8aa9,0x8aa9,0x8aca,0x8aca,0x8ac9,0x82c9,0x82c9,0x82c9,0x82c9,0x82c9,
  0x82c9,0x8aea,0x8aea,0x8aca,0x8aca,0x82ca,0x82ca,0x82ea,0x7aeb,0x72ea,0x72ea,0x62c9,0x632a,0x6b6b,0x6b8c,0x5ae9,
  0x5288,0x62ea,0x72ea,0x7aea,0x7aca,0x82ea,0x7aa9,0x7ac9,0x7aca,0x72a9,0x7aca,0x7aca,0x7aca,0x7aea,0x7aca,0x72ca,
  0x72ea,0x7b0b,0x7b0a,0x72ea,0x732b,0x6b0b,0x6b4b,0x632b,0x630a,0x636b,0x6bac,0x740e,0x84b0,0x8d32,0x9db5,0x9e16,
  0x9e36,0x9e36,0x9e56,0x9636,0x9636,0x9656,0x9656,0x8e56,0x8e36,0x8636,0x8e36,0x8e36,0x8616,0x8e36,0x8e57,0x8e56,
  0x8e57,0x8e56,0x8e56,0x8e77,0x8e77,0x8e56,0x8636,0x8e36,0x8e36,0x8e56,0x8e36,0x8e57,0x8e36,0x6d73,0x8e57,0x8e57,
  0x8636,0x8e57,0x8e57,0x8e57,0x8e57,0x8e57,0x8e57,0x8e77,0x8e36,0x8e57,0x8e57,0x8e77,0x8e56,0x8e77,0x8e77,0x8e36,
  0x8e36,0x8e36,0x8636,0x8615,0x8e56,0x8e36,0x8615,0x8615,0x8615,0x8615,0x8635,0x8615,0x8615,0x8616,0x8615,0x8636,
  0x96d8,0x96b7,0x96b7,0x96b7,0x96b7,0x9697,0x96b7,0x96b7,0x8e96,0x8e97,0x8e96,0x8e76,0x9697,0x8e76,0x8e76,0x8e76,
  0x8e96,0x8e75,0x9676,0x8e76,0x8e56,0x8e76,0x8e55,0x8e35,0x8e55,0x8e55,0x8e76,0x8e55,0x8e76,0x8e76,0x8e76,0x7db3,
  0x75b3,0x96b7,0x8e76,0x8e76,0x8e76,0x8e76,0x8e76,0x8e56,0x8e56,0x8e97,0x8e76,0x8e76,0x8e76,0x8e76,0x8e76,0x8e76,
  0x8e56,0x8e56,0x8e56,0x8e77,0x8e77,0x8e57,0x8e77,0x8e77,0x8e77,0x8e56,0x8e56,0x8e76,0x8e97,0x9697,0x9697,0x9698,
  0x9697,0x9697,0x9697,0x8e77,0x8e77,0x8e77,0x8e77,0x8e77,0x8e97,0x8e97,0x8e97,0x9696,0x8e56,0x8e56,0x8e56,0x8e56,
  0x8e76,0x8e76,0x8e76,0x8e76,0x8e97,0x8e97,0x9697,0x8e76,0x8e76,0x8e76,0x8e76,0x8e76,0x8e97,0x9697,0x7df4,0x75b3,
  0x96b7,0x9697,0x9697,0x9697,0x9697,0x9697,0x96b7,0x9697,0x9677,0x9697,0x9697,0x9697,0x9677,0x9677,0x8e77,0x8e77,
  0x8e57,0x9e98,0x85b4,0x2ac9,0x642e,0xbeb8,0xa594,0x73ad,0x736c,0x7b2b,0x7b2b,0x830b,0x82ea,0x82ca,0x7a68,0x7a48,
  0x82a9,0x8288,0x8a89,0x8a89,0x8a89,0x8a89,0x8268,0x8268,0x8a89,0x8aa9,0x8aa9,0x8289,0x8289,0x82a9,0x8ac9,0x82c9,
  0x82a9,0x8ac9,0x8ac9,0x8ac9,0x8aa9,0x82a9,0x82a9,0x7aca,0x7aea,0x72ea,0x62ca,0x738c,0xa553,0xa5b4,0xadf5,0x9d73,
  0x6b8b,0x5ac9,0x72ea,0x7aca,0x7aca,0x7aca,0x7aa9,0x7aa9,0x7ac9,0x7aa9,0x7ac9,0x7aa9,0x7aca,0x7ac9,0x7aa9,0x7ac9,
  0x82ea,0x7aca,0x7ac9,0x7aca,0x7ac9,0x72c9,0x730a,0x730a,0x730a,0x6b2b,0x6b2b,0x630a,0x5b2a,0x638c,0x63ed,0x7470,
  0x8512,0x9574,0x9e16,0x9e36,0x9e36,0x9656,0x9636,0x8e36,0x8e56,0x8e56,0x8e57,0x8e36,0x8616,0x8e36,0x8e36,0x8e57,
  0x8e77,0x8e56,0x8e77,0x8e77,0x8e56,0x8e36,0x8e36,0x8e56,0x8e56,0x8e56,0x8e36,0x8e77,0x8e36,0x7594,0x8e57,0x8e57,
  0x8e57,0x8e57,0x8e57,0x8e57,0x8e56,0x8e57,0x8e57,0x8e77,0x8e57,0x8e57,0x8e36,0x8e57,0x8e36,0x8e57,0x8e57,0x8e57,
  0x8e36,0x8e36,0x8e36,0x8615,0x8635,0x8636,0x8615,0x8615,0x8615,0x8615,0x8635,0x8615,0x8615,0x8616,0x8615,0x8635,
  0x96d8,0x96d8,0x96d8,0x96b7,0x96b7,0x9697,0x8e97,0x8e97,0x8e97,0x8e97,0x8e97,0x8e76,0x8e76,0x8e96,0x8e76,0x8e76,
  0x8e55,0x8e76,0x8e76,0x8e56,0x8e76,0x8e56,0x8e56,0x8e76,0x8e56,0x8e55,0x8e56,0x8e55,0x8e56,0x8e56,0x8e56,0x7db3,
  0x7592,0x9697,0x8e56,0x8e76,0x8e77,0x8e76,0x8e76,0x8e76,0x8e56,0x8e56,0x8e76,0x8e56,0x8e76,0x8e76,0x8e76,0x8e56,
  0x8e56,0x8e56,0x8e36,0x8e56,0x8e76,0x8e76,0x8e56,0x8e56,0x8e76,0x8e77,0x9697,0x9697,0x9697,0x8e77,0x8e77,0x8e77,
  0x9697,0x8e77,0x8e77,0x8e56,0x8e56,0x9677,0x9697,0x8e97,0x8e77,0x8e97,0x8e77,0x8e76,0x8e76,0x8e76,0x8e56,0x8e76,
  0x8e76,0x8e97,0x8e76,0x8e56,0x8e77,0x9677,0x9697,0x9697,0x8e77,0x8e77,0x8e77,0x8e76,0x9697,0x96b7,0x8615,0x7593,
  0x9ed8,0x96b7,0x9697,0x96b8,0x96b8,0x9697,0x9698,0x8e77,0x8e77,0x9697,0x9697,0x9697,0x8e77,0x8e57,0x9677,0x9677,
  0x9657,0x9e77,0x6cd1,0x32e9,0x8573,0xb698,0xae16,0x740e,0x6b2b,0x7b4c,0x7b0a,0x82ea,0x82ca,0x82a9,0x8268,0x8289,
  0x8aa9,0x8aa9,0x8aa9,0x8a89,0x8a89,0x8a89,0x8a69,0x8a89,0x8a89,0x8a89,0x8a89,0x8a89,0x8a68,0x8a89,0x8aa9,0x8a89,
  0x8a89,0x8a89,0x8a88,0x8a89,0x8288,0x82a9,0x82a9,0x82ca,0x72ca,0x6aa9,0x62ea,0x94d1,0xadf5,0xa5f4,0xa615,0xb676,
  0xadf5,0x842e,0x62ca,0x72ca,0x7ac9,0x7aa9,0x7aca,0x7aa9,0x7aa9,0x82a9,0x7aa9,0x7aa9,0x7aa9,0x7aa9,0x7a88,0x7aa8,
  0x7ac9,0x7aa8,0x7aa9,0x7ac9,0x72a9,0x72a9,0x72c9,0x72e9,0x72e9,0x730a,0x6b0a,0x6b0a,0x6b2b,0x634b,0x634b,0x63ac,
  0x6c0e,0x6c0e,0x7cd1,0x7cf1,0x95d4,0x9e36,0x9656,0x9636,0x8e36,0x8e36,0x8e56,0x8e56,0x8e57,0x8e57,0x8e57,0x8e57,
  0x8e57,0x8e56,0x8e56,0x8e77,0x8e56,0x8e36,0x8e36,0x8e36,0x8e57,0x8e77,0x8e36,0x8e57,0x85f5,0x6d73,0x8e57,0x8e57,
  0x8e57,0x8616,0x8e36,0x8e36,0x8e56,0x8e56,0x8e56,0x8e36,0x8e57,0x8e57,0x8e57,0x8e57,0x8e57,0x8e36,0x8e36,0x8e56,
  0x8636,0x85f5,0x8e36,0x8616,0x8616,0x8636,0x8616,0x8636,0x8615,0x8615,0x8615,0x8615,0x8616,0x8636,0x8615,0x8635,
  0x96d8,0x96d8,0x96d8,0x96b7,0x96b7,0x96b7,0x96b7,0x8e97,0x96b7,0x8e97,0x8e76,0x9697,0x9697,0x9696,0x8e76,0x8e76,
  0x8e76,0x8e55,0x8e55,0x8e55,0x8e55,0x8e76,0x8e56,0x8e56,0x8e55,0x8e55,0x8e55,0x8e55,0x8e76,0x8e56,0x8e76,0x7df4,
  0x7592,0x9697,0x8e56,0x8e56,0x8e76,0x8e76,0x8e56,0x8e76,0x8e56,0x8e76,0x8e76,0x8e76,0x8e56,0x8e76,0x8e76,0x8e56,
  0x8e56,0x8e76,0x8e56,0x8e76,0x8e56,0x8e77,0x8e56,0x8e56,0x8e56,0x8e76,0x9697,0x8e77,0x8e77,0x8e76,0x8e97,0x8e97,
  0x8e97,0x9697,0x8e97,0x9697,0x8e77,0x9697,0x9697,0x8e97,0x8e77,0x8e77,0x8e56,0x8e77,0x8e77,0x8e77,0x8e76,0x8e56,
  0x8e77,0x8e76,0x8e77,0x8e77,0x8e77,0x9677,0x9697,0x9697,0x9697,0x9697,0x9697,0x8e77,0x9677,0x96b8,0x85f5,0x7593,
  0x9ed8,0x8e77,0x9697,0x9697,0x9698,0x8e77,0x9698,0x8e98,0x8e77,0x8e97,0x8e97,0x8e97,0x9697,0x9677,0x9677,0x9677,
  0x9656,0x9e77,0x43ac,0x332a,0x9e56,0xa677,0xae77,0x84f1,0x634b,0x734b,0x7b4b,0x7b0a,0x82ca,0x82ca,0x82a9,0x8aa9,
  0x8aa9,0x8aa9,0x8aaa,0x92aa,0x92aa,0x92aa,0x92aa,0x92a9,0x92aa,0x8a89,0x8a69,0x8a89,0x8a89,0x8a89,0x8aa9,0x8a89,
  0x8a89,0x8aa9,0x8ac9,0x8aa9,0x8289,0x8289,0x7aa9,0x72a9,0x6a89,0x5a89,0x73ad,0xa573,0x9db4,0x9df5,0x9e15,0xae76,
  0xb677,0xadd5,0x6b2b,0x62a9,0x72ea,0x72a9,0x7aa9,0x7aa9,0x7a89,0x82a9,0x7a88,0x7a89,0x7a88,0x7288,0x7aa9,0x7ac9,
  0x7aa9,0x7aa9,0x82c9,0x7ac9,0x72a9,0x7ac9,0x72c9,0x72c9,0x72e9,0x72c9,0x72ea,0x730a,0x6b0a,0x62ea,0x630a,0x5ae9,
  0x52a9,0x530a,0x63cd,0x4b2a,0x5bcd,0x6c70,0x8574,0x9636,0x8e36,0x8e56,0x8e56,0x8e36,0x8e56,0x8e36,0x8e56,0x8e77,
  0x8e57,0x8e56,0x8e56,0x8e56,0x8e56,0x8e56,0x8636,0x8e36,0x8e56,0x8e56,0x8615,0x8e57,0x7df5,0x75b4,0x8e57,0x8616,
  0x8e57,0x8616,0x8e36,0x8e56,0x8e56,0x8e36,0x8e36,0x8e36,0x8e57,0x8e57,0x8e57,0x8e57,0x8e57,0x8636,0x8636,0x8e36,
  0x8636,0x8616,0x8e36,0x8616,0x8636,0x8616,0x8616,0x8616,0x8616,0x8615,0x8616,0x8615,0x85f5,0x8636,0x8635,0x8e36,
  0x96d7,0x96d8,0x96d8,0x96b7,0x96b7,0x8e97,0x8e97,0x8e97,0x8e97,0x8e56,0x8e76,0x8e76,0x8e76,0x9697,0x8e76,0x8e76,
  0x9696,0x8e76,0x8e56,0x8e56,0x8e76,0x8e76,0x8e56,0x8e56,0x8e56,0x8e56,0x8e56,0x8e76,0x8e76,0x8e76,0x8e76,0x8615,
  0x6d52,0x8e76,0x8e76,0x8e56,0x8e56,0x8e56,0x8e76,0x8e56,0x8e56,0x8e76,0x8e96,0x8e56,0x8e56,0x8e76,0x8e76,0x8e56,
  0x8e76,0x8e77,0x8e56,0x8e76,0x8e76,0x8e77,0x9677,0x8e77,0x8e76,0x8e76,0x8e76,0x8e56,0x8e77,0x9697,0x8e77,0x8e97,
  0x8e97,0x9697,0x9697,0x8e97,0x8e77,0x9697,0x9697,0x8e77,0x8e76,0x8e77,0x9677,0x9697,0x9677,0x8e77,0x8e56,0x8e56,
  0x8e56,0x8e56,0x8e57,0x8e77,0x8e56,0x8e77,0x8e76,0x8e77,0x9697,0x8e77,0x8e77,0x96b8,0x8e77,0x96b8,0x8e57,0x7593,
  0x9697,0x9677,0x9697,0x9697,0x96b8,0x9698,0x9697,0x9677,0x9697,0x9698,0x8e97,0x8e77,0x9698,0x9697,0x96b8,0x8e57,
  0x9eb8,0x9e77,0x2288,0x4bed,0x9e97,0x9e76,0x9e56,0x95d4,0x63ac,0x6b6b,0x6b4a,0x72ea,0x7ac9,0x7ac9,0x82c9,0x8ac9,
  0x8aa9,0x8a89,0x8aaa,0x92aa,0x8a89,0x9289,0x9289,0x8a89,0x92aa,0x92aa,0x8a89,0x8a89,0x8a89,0x8aa9,0x8aa9,0x8a89,
  0x8a89,0x8aa9,0x8ac9,0x8ac9,0x82c9,0x82ea,0x82ea,0x6a88,0x6288,0x62e9,0x846f,0x9d93,0x9dd4,0x9e35,0xa656,0xa676,
  0xae97,0xb656,0x844f,0x5ac9,0x6aea,0x72c9,0x7aa9,0x7aa9,0x7aa9,0x7a89,0x7248,0x7268,0x7288,0x7aa9,0x7ac9,0x7aea,
  0x7ac9,0x7ac9,0x82c9,0x7aa9,0x7aa9,0x7ac9,0x7aca,0x72c9,0x7aea,0x72c9,0x72a9,0x7aca,0x7aea,0x72ea,0x62c9,0x5268,
  0x39a5,0x3185,0x4268,0x5b4c,0x534b,0x430a,0x6c70,0x9e37,0x8e36,0x8e36,0x8e36,0x8e56,0x8e56,0x8e56,0x8e36,0x8e36,
  0x8e57,0x8e57,0x8e56,0x8e36,0x8636,0x8636,0x8616,0x8e36,0x8e56,0x8e36,0x8e36,0x8e57,0x7db4,0x75b4,0x8e56,0x8616,
  0x8e36,0x8e36,0x8e36,0x8e36,0x8e36,0x8e36,0x8e36,0x8e36,0x8636,0x8616,0x8e36,0x8e57,0x8e36,0x8636,0x8636,0x8e36,
  0x8636,0x8e56,0x8e36,0x8616,0x8e36,0x8e36,0x8e57,0x8e36,0x8e36,0x8e36,0x8616,0x8615,0x85f5,0x8616,0x8636,0x8615,
  0x96d7,0x96d8,0x96b7,0x8e96,0x8e97,0x8e96,0x8e96,0x8e97,0x8e76,0x8e76,0x8e56,0x8e76,0x8e76,0x9697,0x8e77,0x8e76,
  0x8e76,0x8e56,0x8e76,0x8e76,0x8e76,0x8e76,0x8e56,0x8e56,0x8e56,0x8e56,0x8e56,0x8e76,0x8e56,0x8e76,0x8e76,0x8615,
  0x6d52,0x8e56,0x9677,0x8e56,0x8e56,0x8e56,0x8e76,0x8e76,0x8e76,0x8e76,0x8e76,0x8e56,0x8e56,0x8e56,0x8e76,0x8e56,
  0x8e76,0x8e76,0x8e56,0x8e76,0x8e76,0x8e56,0x8e77,0x8e77,0x8e76,0x8e77,0x8e56,0x8e56,0x8e97,0x9697,0x9697,0x9697,
  0x9697,0x9697,0x9697,0x8e97,0x8e97,0x9697,0x9697,0x8e77,0x8e56,0x8e77,0x8e77,0x8e56,0x8e57,0x9677,0x8e57,0x8e57,
  0x8e56,0x8e57,0x8e56,0x8e56,0x8e77,0x9677,0x9677,0x8e36,0x8e57,0x8e77,0x9677,0x9697,0x9697,0x9698,0x8e77,0x7594,
  0x9677,0x8e77,0x9677,0x9698,0x9697,0x9698,0x8e77,0x8e77,0x8e77,0x9698,0x96b8,0x8e97,0x8e77,0x8e77,0x9697,0x8e57,
  0xa6b8,0x6cf1,0x2288,0x7572,0x9eb7,0x9e96,0x9676,0x9e56,0x84f0,0x5b6a,0x632a,0x730a,0x72c9,0x7aa9,0x82c9,0x82a9,
  0x8268,0x8a89,0x8a89,0x8a69,0x8a69,0x8a89,0x8a69,0x8a68,0x8a69,0x8a89,0x8a69,0x9289,0x9289,0x9289,0x8a89,0x8a89,
  0x8a89,0x8a89,0x8aa9,0x8289,0x82a9,0x7ac9,0x72a9,0x6288,0x6ae9,0x7bcd,0x8cd0,0x9552,0x9dd3,0x95f4,0x9614,0x9e15,
  0x9e15,0xae56,0xa593,0x6b4b,0x62a9,0x6aa9,0x72a9,0x7aa9,0x7a89,0x7a89,0x7a88,0x7a89,0x7268,0x7288,0x7aa9,0x7289,
  0x7aa9,0x7a89,0x7a68,0x7a89,0x82ca,0x7ac9,0x7aa9,0x7aa9,0x7aca,0x7aea,0x7aca,0x82ca,0x7aca,0x7aca,0x6ac9,0x6ac9,
  0x62ca,0x5a89,0x4a48,0x52ca,0x5b4c,0x4b2b,0x6c70,0x9616,0x8e16,0x8636,0x8e56,0x8e56,0x8636,0x8e57,0x8e36,0x8615,
  0x8e36,0x8e57,0x8e56,0x8e56,0x8e36,0x8e36,0x8e36,0x8e36,0x8e36,0x8e56,0x8e56,0x8e57,0x7dd5,0x7594,0x8e36,0x8616,
  0x8e36,0x8e36,0x8616,0x8e36,0x8e36,0x8636,0x8e36,0x8e57,0x8e36,0x8e36,0x8616,0x8e57,0x8e56,0x8636,0x8636,0x8636,
  0x8e56,0x8636,0x8636,0x8616,0x8e16,0x8e36,0x8e36,0x8e36,0x8e36,0x8e36,0x8616,0x8616,0x85f5,0x8616,0x8e16,0x8636,
  0x96d7,0x96d8,0x96d7,0x8e96,0x8e96,0x8e97,0x96b7,0x8e97,0x8e97,0x8e76,0x8e76,0x9697,0x8e76,0x8e76,0x8e76,0x8e76,
  0x8e56,0x8e56,0x8e56,0x8e76,0x8e76,0x8e56,0x8e56,0x8e56,0x8e56,0x8e56,0x8e56,0x8e76,0x8e76,0x8e56,0x8e76,0x8615,
  0x6531,0x8635,0x8e76,0x8635,0x8e56,0x8e56,0x8e56,0x8e76,0x9696,0x8e56,0x8e55,0x8e55,0x8e56,0x8e56,0x8e35,0x8e56,
  0x8e56,0x8e76,0x8e76,0x8e56,0x8e76,0x8e76,0x8e56,0x8e56,0x8e56,0x8e77,0x8e56,0x8e56,0x8e77,0x9697,0x9697,0x8e77,
  0x8e77,0x8e77,0x8e97,0x8e97,0x9697,0x9697,0x8e77,0x8e77,0x8e77,0x8e77,0x8e57,0x8e56,0x8e56,0x8e77,0x8e77,0x8e56,
  0x8e56,0x8e57,0x8e57,0x8e57,0x9677,0x9697,0x9697,0x8e56,0x8e57,0x9677,0x9677,0x9697,0x9698,0x9677,0x8e77,0x7dd4,
  0x8e57,0x8e77,0x8e77,0x9697,0x8e77,0x8e77,0x8e77,0x8e77,0x8e77,0x8e77,0x8e97,0x8e97,0x8e77,0x9677,0x9677,0x9e97,
  0x9e77,0x4bcc,0x2288,0x8df5,0x9e97,0x9e97,0x9676,0x9e76,0x9df5,0x6bed,0x52c8,0x6b0a,0x72e9,0x72c9,0x7aa8,0x82a8,
  0x8288,0x8289,0x8aa9,0x8a69,0x8a89,0x8a89,0x8a89,0x8a68,0x8a69,0x8a69,0x8a69,0x8a89,0x8a89,0x8a89,0x8a89,0x8a69,
  0x8269,0x8289,0x8289,0x7a89,0x7ac9,0x72c9,0x6288,0x5a88,0x736b,0x844e,0x846e,0x84d0,0x8d51,0x8531,0x8511,0x8551,
  0x95b3,0x9d93,0xa593,0x73cd,0x5288,0x6ac9,0x72a9,0x7ac9,0x7ac9,0x7a89,0x7a89,0x7a89,0x7a68,0x7268,0x7288,0x7268,
  0x7aa9,0x82ea,0x82a9,0x7aa9,0x7aa9,0x82ca,0x7aa9,0x7aa9,0x7aca,0x7aca,0x7aa9,0x7ac9,0x7aa9,0x72a9,0x72a9,0x6aa9,
  0x6ac9,0x62ca,0x62ca,0x5289,0x530a,0x4aea,0x63ee,0x95f6,0x8e36,0x8636,0x8e56,0x8e56,0x8e57,0x8636,0x8e36,0x8e57,
  0x8e56,0x8e57,0x8e56,0x8636,0x8e36,0x8616,0x8e56,0x8e36,0x8e56,0x8e56,0x8e36,0x8e57,0x7dd4,0x7db4,0x8e57,0x8616,
  0x8e36,0x8636,0x8616,0x8e36,0x8636,0x8e36,0x8e57,0x8e57,0x8e36,0x8e36,0x8e36,0x8e36,0x8e57,0x8e36,0x8636,0x8e36,
  0x8e57,0x8e56,0x8e36,0x8e36,0x8e36,0x8e37,0x8e16,0x8e36,0x8e36,0x8e36,0x8e36,0x8e16,0x8e36,0x8616,0x8615,0x8615,
  0x96d8,0x96d7,0x96d8,0x96b7,0x8e97,0x8e97,0x8e97,0x8e97,0x8e97,0x8e96,0x8e76,0x8e76,0x8e76,0x8e76,0x8e56,0x8e76,
  0x8e56,0x8e56,0x8e76,0x8e76,0x8e76,0x8e56,0x8635,0x8e76,0x8e76,0x8e56,0x8e56,0x8e56,0x8e56,0x8e76,0x8e76,0x8e56,
  0x7593,0x8615,0x8e76,0x8e56,0x8e56,0x8e76,0x8e56,0x8e76,0x8e76,0x8e76,0x8e56,0x8e56,0x8e76,0x8635,0x8635,0x8e56,
  0x8e56,0x8e55,0x8655,0x8e76,0x8e76,0x8e76,0x8e77,0x8e77,0x8e77,0x8e76,0x8e56,0x8e56,0x8e77,0x8e77,0x8e77,0x8e97,
  0x9697,0x8e97,0x9697,0x8e77,0x9697,0x9697,0x8e77,0x8e57,0x8e77,0x9697,0x9677,0x8e56,0x9677,0x8e57,0x8e57,0x8e56,
  0x8e56,0x8e77,0x8e57,0x8e57,0x9677,0x9697,0x9677,0x9697,0x8e57,0x9677,0x9698,0x9698,0x9698,0x9697,0x8e56,0x7db4,
  0x8e77,0x8e57,0x9697,0x9677,0x8e57,0x9697,0x8e77,0x9677,0x8e77,0x9697,0x8e77,0x8e97,0x8e97,0x9697,0x9677,0x9e98,
  0x8e15,0x332a,0x438b,0x9656,0x9656,0x9676,0x9696,0x9655,0x9e35,0x9d93,0x5b4a,0x5288,0x62a9,0x730a,0x7ae9,0x7ac9,
  0x82c9,0x82a9,0x8a89,0x8a89,0x8a89,0x8a69,0x8288,0x8aa9,0x8268,0x8a89,0x8a89,0x8248,0x8a68,0x8268,0x8a89,0x8289,
  0x82a9,0x82a9,0x82ca,0x7ac9,0x72a8,0x6267,0x5a87,0x62e9,0x6b8b,0x6bac,0x6c0d,0x7c8e,0x7caf,0x748e,0x6c6d,0x748e,
  0x84f0,0x84f0,0x9532,0x846f,0x6309,0x5a88,0x6ac9,0x72e9,0x72c9,0x7ac9,0x7a89,0x7a89,0x7a89,0x7a68,0x7a88,0x7288,
  0x7a89,0x82ca,0x8aea,0x82a9,0x7aa9,0x82aa,0x7a89,0x7a89,0x7a89,0x7aa9,0x7aa9,0x7aa9,0x72a9,0x72a9,0x72a9,0x72c9,
  0x6ac9,0x6aea,0x62ca,0x5289,0x4aa9,0x42ca,0x5bee,0x95f6,0x8e16,0x8e57,0x8e57,0x8e57,0x8e57,0x8e57,0x8e57,0x8e36,
  0x8e57,0x8e57,0x8e36,0x8e36,0x8e16,0x8e16,0x8e36,0x8616,0x8e36,0x8616,0x8e57,0x8e56,0x7594,0x7db4,0x8e57,0x8e36,
  0x8636,0x8e36,0x8e36,0x8616,0x8636,0x8e36,0x8e36,0x8616,0x8616,0x8616,0x8e36,0x8e57,0x8e36,0x8e36,0x8e36,0x8e36,
  0x8e36,0x8e57,0x8e57,0x8e36,0x8e37,0x8e37,0x8e16,0x8e36,0x8e36,0x8e36,0x8e36,0x8e36,0x8e36,0x8615,0x8e15,0x8615,
  0x96d8,0x96f8,0x96d7,0x96b7,0x8e97,0x8e96,0x9697,0x9697,0x8e97,0x8e76,0x8e76,0x8e76,0x8e76,0x8e97,0x8e96,0x8e76,
  0x8656,0x8635,0x8e76,0x8e56,0x8e76,0x8e76,0x8e76,0x9697,0x8e56,0x8635,0x8e56,0x8e56,0x8e76,0x8e56,0x8e76,0x96b7,
  0x7572,0x7df4,0x8e56,0x8e56,0x8e56,0x8e56,0x8e56,0x8e55,0x8655,0x8e56,0x8e56,0x8e56,0x8e56,0x8e56,0x8e35,0x8e56,
  0x8e56,0x8e56,0x8e56,0x8e76,0x8e56,0x8e76,0x8e56,0x8e77,0x8e77,0x8e56,0x8e56,0x8e77,0x8e77,0x9697,0x8e77,0x8e77,
  0x9697,0x9677,0x8e77,0x9697,0x8e77,0x8e77,0x8e77,0x8e56,0x8e77,0x8e77,0x8e77,0x8e77,0x8e77,0x8e77,0x8e77,0x8e77,
  0x8e56,0x8e77,0x8e57,0x8e56,0x9677,0x9677,0x9677,0x9697,0x8e77,0x9697,0x9677,0x9697,0x8e77,0x9677,0x8e57,0x7593,
  0x8e77,0x8e56,0x8e77,0x9697,0x8e77,0x8e77,0x96b8,0x96b8,0x9697,0x9698,0x9697,0x9697,0x9677,0x9677,0x9656,0xa6b8,
  0x7d73,0x1a66,0x5c8f,0x9e97,0x8e56,0x8e56,0x8e56,0x8e35,0x9615,0xa615,0x9532,0x73cd,0x5aa8,0x62a8,0x6aa9,0x7ac9,
  0x82c9,0x82a9,0x82c9,0x8aca,0x8289,0x8269,0x8268,0x8aa9,0x8aa9,0x8288,0x8a89,0x8a68,0x8268,0x7a68,0x8289,0x7a69,
  0x7a89,0x7ac9,0x7ac9,0x6a88,0x6268,0x5a87,0x5aa8,0x632a,0x7c0d,0x84af,0x8d11,0x9d92,0x8530,0x74ae,0x6c6d,0x6c4d,
  0x6c6e,0x7caf,0x8d10,0x9531,0x846e,0x62e9,0x5aa8,0x6ae9,0x6aa8,0x72a9,0x7a89,0x7a69,0x8289,0x8288,0x7a88,0x7268,
  0x7a68,0x7a89,0x82ca,0x82ca,0x8aca,0x82ca,0x7a68,0x7a69,0x7a89,0x7269,0x7269,0x7289,0x72a9,0x72a9,0x72a9,0x72a9,
  0x6aa9,0x6aca,0x6aca,0x5aaa,0x52aa,0x532b,0x84f3,0x9e17,0x8e16,0x8e56,0x8e57,0x8e56,0x8e56,0x8e56,0x8636,0x8e36,
  0x8e56,0x8e57,0x8e36,0x8e36,0x8e36,0x8e36,0x8e36,0x8616,0x8e36,0x8636,0x8636,0x8636,0x7593,0x75b4,0x9697,0x8616,
  0x8616,0x8616,0x8e36,0x8616,0x8616,0x8636,0x8636,0x8616,0x8e36,0x8e36,0x8e36,0x8e36,0x8636,0x8616,0x8616,0x8e36,
  0x8e36,0x8e37,0x8e36,0x8e36,0x8e37,0x8e36,0x8e16,0x8e36,0x8e36,0x8e36,0x8e36,0x8e36,0x8e16,0x8615,0x8615,0x8e15,
  0x96d8,0x96d8,0x96b8,0x96b8,0x8e97,0x8e97,0x96b7,0x96b7,0x9697,0x8e77,0x8e56,0x8e76,0x8e77,0x8e97,0x8e76,0x8e76,
  0x8e56,0x8e76,0x8e76,0x9677,0x8e76,0x8e76,0x8e76,0x8e76,0x8e56,0x8e56,0x8e56,0x8e56,0x8e56,0x8e56,0x8e76,0x9696,
  0x6d72,0x85f4,0x8e56,0x8e56,0x8e56,0x8e56,0x8e76,0x8e55,0x8635,0x8e56,0x8e55,0x8635,0x8e55,0x8655,0x8e55,0x8e35,
  0x8e35,0x8e56,0x8e56,0x8e56,0x8e56,0x8e56,0x8e56,0x8e57,0x8e77,0x8e57,0x8e77,0x8e77,0x9677,0x9677,0x9697,0x9677,
  0x8e77,0x8e77,0x8e77,0x8e77,0x8e77,0x8e77,0x8e97,0x8e77,0x8e76,0x8e56,0x8e56,0x9677,0x8e77,0x8e77,0x9677,0x8e57,
  0x8e56,0x8e57,0x8e77,0x9697,0x9677,0x8e57,0x9677,0x9677,0x9677,0x8e57,0x8e56,0x8e77,0x9677,0x9677,0x8e57,0x7573,
  0x8e56,0x8e77,0x8e77,0x8e77,0x8e77,0x8e57,0x9697,0x9677,0x8e77,0x8e77,0x9698,0x9698,0x9697,0x9697,0x9677,0x9e97,
  0x542e,0x2287,0x7d93,0x9677,0x9676,0x8e35,0x8e56,0x8e56,0x9615,0x9e15,0xa5f5,0x9d53,0x8c6f,0x7b8c,0x6267,0x59e6,
  0x6a47,0x7267,0x7aa8,0x7aa9,0x7a89,0x82a9,0x82a9,0x82a8,0x82a8,0x82a8,0x82a8,0x82a8,0x8289,0x82a9,0x7a89,0x7289,
  0x72a9,0x7288,0x6268,0x62a8,0x738b,0x842e,0x846e,0x9531,0xa593,0x9d72,0x9572,0x8d51,0x7caf,0x74ae,0x748e,0x74ae,
  0x7d10,0x8530,0x8d51,0x9572,0xa593,0x8cb0,0x5ae9,0x5aa8,0x6ac9,0x72a9,0x72a9,0x7aa9,0x8289,0x7a68,0x7a68,0x7a88,
  0x7a88,0x7268,0x7a89,0x82aa,0x930b,0x932b,0x8b0b,0x8b0b,0x8b2b,0x7aca,0x7a89,0x7a89,0x7289,0x7289,0x72a9,0x72a9,
  0x72ca,0x72ea,0x72ea,0x6aeb,0x52a9,0x5b4c,0x9dd6,0x9e37,0x8e36,0x8e57,0x8e77,0x8e56,0x8e56,0x8636,0x8e36,0x8e56,
  0x8e56,0x8e36,0x8e36,0x8e56,0x8e36,0x8e57,0x8636,0x8615,0x8636,0x8636,0x8636,0x8e56,0x6d53,0x7dd5,0x9677,0x8616,
  0x8e36,0x8616,0x8e36,0x8e36,0x8636,0x8636,0x8e36,0x8616,0x8616,0x8636,0x8636,0x8636,0x8616,0x8616,0x8616,0x8e36,
  0x8e57,0x8e36,0x8e36,0x8e36,0x8e37,0x8e36,0x8e16,0x8e36,0x8e56,0x8e36,0x8e16,0x8e36,0x8e36,0x8615,0x8e35,0x8e15,
  0x96d8,0x96d8,0x96d8,0x96d8,0x8e97,0x8e97,0x8e97,0x9697,0x9697,0x8e77,0x8e56,0x8e56,0x8e76,0x8e77,0x8e77,0x8e76,
  0x8e77,0x8e76,0x8e77,0x8e76,0x8e56,0x8e56,0x8e56,0x8e56,0x8e56,0x8e76,0x8e76,0x8e56,0x8e56,0x8e76,0x8e56,0x9697,
  0x75b3,0x7dd4,0x8e76,0x8e56,0x8e56,0x8e76,0x8e76,0x8e55,0x8e56,0x8e55,0x8e35,0x8e35,0x8655,0x8614,0x8635,0x8e35,
  0x8635,0x8e56,0x8e56,0x8e56,0x8e56,0x8636,0x8e56,0x8e77,0x9677,0x8e77,0x9677,0x8e77,0x9677,0x9677,0x9697,0x8e77,
  0x8e56,0x9677,0x8e77,0x8e77,0x8e57,0x8e56,0x8e76,0x8e76,0x8e56,0x8e56,0x8e76,0x9677,0x8e77,0x8e56,0x8e77,0x8e57,
  0x8e57,0x8e57,0x9677,0x9677,0x8e77,0x8e77,0x9677,0x9677,0x9677,0x8e57,0x8e56,0x8e57,0x8e77,0x8e77,0x8e57,0x7573,
  0x8e56,0x9698,0x9697,0x9697,0x8e77,0x8e77,0x8e77,0x8e77,0x9677,0x9697,0x9697,0x9677,0x9697,0x9656,0x9656,0x9e56,
  0x3b4b,0x332a,0x9615,0x8e36,0x9656,0x9656,0x8635,0x9656,0x9635,0x9615,0x9593,0x9532,0x9d32,0xa532,0x9c8f,0x836b,
  0x6aa8,0x72a8,0x6226,0x6227,0x6a47,0x6a27,0x7267,0x6a67,0x6a47,0x6a67,0x6a87,0x6a67,0x6a68,0x6a88,0x6aa8,0x6288,
  0x5a88,0x6ae9,0x738b,0x8caf,0xadb3,0xa5b3,0x9db3,0x9dd3,0x9db3,0x8d51,0x8510,0x7cef,0x74ae,0x7cef,0x7cef,0x74ae,
  0x7caf,0x8530,0x9592,0x9db3,0x9db3,0xa5b4,0x848f,0x52a8,0x5267,0x6288,0x6a88,0x7ac9,0x7a89,0x7a89,0x7a88,0x7a68,
  0x7a68,0x7a89,0x7aa9,0x82ea,0x8aea,0x932b,0x934c,0x936c,0x934c,0x934c,0x936c,0x936c,0x8b0b,0x7aca,0x7aa9,0x72c9,
  0x72a9,0x72ca,0x6aca,0x62ca,0x52ca,0x534c,0x95b5,0x9617,0x8e36,0x8e57,0x8e56,0x8e36,0x8e57,0x8e56,0x8e56,0x8e56,
  0x8e36,0x8e36,0x8e56,0x8e36,0x8e36,0x8e56,0x8636,0x8636,0x8636,0x7df5,0x8636,0x8e57,0x6d73,0x7dd5,0x8e57,0x8e16,
  0x8e57,0x8e36,0x8e57,0x8636,0x8636,0x8636,0x8e36,0x8616,0x8616,0x8636,0x8636,0x8e36,0x8616,0x8616,0x8616,0x8e36,
  0x8e57,0x8e36,0x8e36,0x8e37,0x8e36,0x8e36,0x8616,0x8e36,0x8e36,0x8e36,0x8e37,0x8e36,0x8e16,0x8e36,0x8615,0x8e35,
  0x9ef8,0x96d8,0x96b7,0x96b8,0x9697,0x9697,0x8e76,0x8e56,0x8e77,0x8e76,0x8e56,0x8e56,0x8e56,0x8e56,0x8e56,0x8e76,
  0x9697,0x9677,0x8e76,0x8e77,0x8e76,0x8e76,0x8e76,0x8e76,0x8e76,0x8e76,0x8e56,0x8e56,0x8e76,0x8e76,0x8e56,0x9697,
  0x7df4,0x75b3,0x9677,0x8e76,0x8e56,0x8e76,0x8e76,0x8e55,0x8e55,0x8e55,0x8635,0x8635,0x8635,0x8635,0x8e56,0x8e56,
  0x8635,0x8e56,0x8656,0x8e56,0x8e56,0x8636,0x8e56,0x8e56,0x9697,0x9677,0x8e77,0x8e77,0x8e77,0x9697,0x9697,0x8e57,
  0x8e77,0x8e77,0x9677,0x8e57,0x8e36,0x8e56,0x8e56,0x8e56,0x8e56,0x8e76,0x8e56,0x8e56,0x8e77,0x8e77,0x8e57,0x8e57,
  0x8e57,0x8e57,0x8e77,0x8e57,0x8e56,0x8e57,0x8e57,0x9677,0x9677,0x9677,0x8e57,0x8e77,0x8e57,0x8e57,0x8e57,0x6d53,
  0x8e57,0x96b8,0x8e77,0x8e77,0x9697,0x8e77,0x9677,0x8e77,0x9677,0x9677,0x9677,0x9677,0x9677,0x9677,0x9657,0x9616,
  0x3b4b,0x5c6f,0x9656,0x8e15,0x9656,0x9656,0x8e35,0x8e36,0x8e15,0x8dd4,0x8552,0x8cf1,0x9512,0x94f1,0x9cb0,0x9c8f,
  0x9c4e,0x9c6e,0x93ec,0x836b,0x8b6b,0x7aea,0x72a8,0x72c8,0x72c9,0x6aa8,0x6287,0x5a88,0x62a8,0x6309,0x738b,0x7bed,
  0x94b0,0xad93,0xadd4,0xa5d3,0xa5f4,0x9dd3,0x95d3,0x9df3,0x95b2,0x8551,0x8510,0x74af,0x74ae,0x84ef,0x84ef,0x7ccf,
  0x74ae,0x74af,0x8530,0x8d92,0x95b3,0xa615,0xae35,0x8cd0,0x632a,0x5267,0x6288,0x6aa9,0x7289,0x7268,0x7268,0x7a88,
  0x7a88,0x7a68,0x7a48,0x7a89,0x7aa9,0x7a89,0x82ca,0x8b0b,0x82ea,0x82ea,0x8b2b,0x934c,0x934c,0x936c,0x8b4c,0x8b2b,
  0x72ca,0x72ca,0x6aca,0x5aa9,0x4a89,0x5b6c,0x9595,0x8df6,0x8e36,0x8e56,0x8e36,0x8e36,0x8e36,0x8e56,0x8e36,0x8e56,
  0x8e36,0x8e56,0x8e57,0x8e56,0x8e56,0x8e36,0x8e56,0x8636,0x8636,0x8636,0x8636,0x8e57,0x6d53,0x7dd5,0x9677,0x8616,
  0x8e36,0x8636,0x8e36,0x8636,0x8636,0x8e36,0x8e36,0x8636,0x8616,0x8636,0x8636,0x8616,0x8636,0x8616,0x8636,0x8e57,
  0x8e36,0x8616,0x8e36,0x8e36,0x8e56,0x8e36,0x8616,0x8e36,0x8e36,0x8e36,0x8e36,0x8e36,0x8e16,0x85f5,0x8615,0x85f5,
  0x96d8,0x96b8,0x96b8,0x96b7,0x96b7,0x96b7,0x8e77,0x8e77,0x8e77,0x8e77,0x8e56,0x8e56,0x8e56,0x8e77,0x8e77,0x8e56,
  0x8e56,0x8e77,0x8e56,0x8e56,0x8e76,0x8e76,0x8e76,0x8e76,0x8e76,0x8e76,0x8e76,0x8e56,0x8e76,0x8e76,0x8e76,0x8e76,
  0x8615,0x7df4,0x8e56,0x8e56,0x8e76,0x8e76,0x8e76,0x8e55,0x8e55,0x8e55,0x8635,0x8635,0x8e55,0x8655,0x8e56,0x8e55,
  0x8635,0x8e56,0x8635,0x8e56,0x8e56,0x8e56,0x8e56,0x8e56,0x8e77,0x8e77,0x8e56,0x8e57,0x8e77,0x9677,0x9677,0x9677,
  0x8e77,0x8e77,0x9697,0x9677,0x8e77,0x8e77,0x8e76,0x8e76,0x8e56,0x8e56,0x8e56,0x8e56,0x8e77,0x8e77,0x8e77,0x8e57,
  0x8e57,0x8e57,0x8e57,0x8e77,0x9677,0x8e77,0x8e56,0x8e57,0x8e57,0x8e57,0x8e57,0x8e57,0x8e56,0x8e77,0x9677,0x7594,
  0x8e56,0x9677,0x8e57,0x8e57,0x8e77,0x8e77,0x8e77,0x8e77,0x8e77,0x9677,0x8e57,0x9677,0x9677,0x9677,0x9e97,0x7d53,
  0x438c,0x7511,0x9636,0x9656,0x9636,0x8e15,0x9656,0x8615,0x8df5,0x8593,0x8532,0x8d12,0x8cf1,0x8cb0,0x948f,0x946f,
  0x8c2e,0x944d,0x942d,0x8c0d,0x8c0d,0x8bed,0x8bed,0x8bcd,0x8c0d,0x83ed,0x840d,0x946f,0x94b0,0x9d11,0xa573,0xadd4,
  0xb615,0xb635,0xa5f4,0x9df3,0x9e34,0x95f3,0x95d3,0x95d2,0x8551,0x7d10,0x7ccf,0x74ae,0x8510,0x8510,0x84cf,0x7ccf,
  0x7cef,0x74cf,0x7d0f,0x8551,0x95d3,0x9df4,0xae56,0xbe97,0xa573,0x73ac,0x5ac9,0x62a8,0x6a88,0x72a9,0x7288,0x7267,
  0x7267,0x7a47,0x7227,0x7a68,0x7a89,0x7248,0x7268,0x7aa9,0x7aa9,0x7aca,0x7aca,0x82ea,0x7aca,0x830b,0x8b4b,0x832b,
  0x7aca,0x72ca,0x6aea,0x6b0b,0x3a27,0x5b6c,0x9df6,0x9616,0x8616,0x8636,0x8636,0x8636,0x8e36,0x8e36,0x8616,0x8e36,
  0x8e36,0x8e57,0x8e56,0x8636,0x8636,0x8e36,0x8e36,0x8636,0x8636,0x8e56,0x8636,0x8e36,0x6d53,0x7dd5,0x9677,0x8616,
  0x8e36,0x8e36,0x8616,0x8636,0x8e36,0x8636,0x8636,0x8616,0x8616,0x8616,0x8636,0x8616,0x8616,0x8616,0x8616,0x8e36,
  0x8e36,0x8636,0x8e36,0x8e36,0x8e16,0x8e36,0x8e36,0x8e36,0x8e16,0x8e16,0x8e36,0x8e16,0x8e36,0x8e15,0x8e35,0x8e35,
  0x96d8,0x96d8,0x96b8,0x96b7,0x96b7,0x9697,0x8e77,0x8e77,0x8e76,0x8e76,0x8e56,0x8e76,0x8e77,0x8e77,0x8e76,0x8e76,
  0x8e77,0x8e76,0x8e56,0x8e56,0x8e76,0x8e76,0x8635,0x8e56,0x8e76,0x8e76,0x8e56,0x8e76,0x8e77,0x8e76,0x8e76,0x8e56,
  0x8636,0x7dd4,0x8e56,0x8e56,0x8e36,0x8656,0x8656,0x8e76,0x8e76,0x8e56,0x8e55,0x8635,0x8e55,0x8635,0x8e55,0x8e55,
  0x8635,0x8e56,0x8e56,0x8e56,0x8e56,0x8e56,0x8e56,0x8e57,0x8e56,0x8e57,0x8e56,0x8e57,0x8e57,0x8e57,0x9677,0x9677,
  0x8e57,0x8e36,0x8e56,0x9677,0x8e77,0x8e57,0x8e56,0x8e36,0x8e57,0x8e57,0x8e57,0x8e77,0x8e77,0x8e77,0x8e56,0x8e57,
  0x8e56,0x9657,0x8e56,0x8e56,0x8e57,0x8e57,0x8e57,0x8e56,0x8e57,0x8e77,0x8e77,0x9677,0x8e77,0x8e77,0x9677,0x7593,
  0x8e56,0x8e56,0x8e56,0x8e57,0x8e57,0x8e56,0x8e77,0x8e77,0x8e77,0x8e77,0x8e57,0x8e57,0x9677,0x9656,0x9e77,0x646f,
  0x436b,0x8594,0x9636,0x9636,0x8e15,0x8e15,0x8e35,0x85f4,0x85d4,0x8573,0x8511,0x8cf1,0x8cd1,0x8cb0,0x8c8f,0x8c6f,
  0x8c6f,0x844e,0x840d,0x840d,0x7c0d,0x842d,0x844e,0x8caf,0x94b0,0x9511,0xa572,0xa593,0x9db3,0xa5f4,0xae56,0xae35,
  0xae55,0xb676,0xa655,0xa655,0xa655,0x95f3,0x8db2,0x8571,0x750f,0x7d0f,0x8530,0x8510,0x8d71,0x8d51,0x7cef,0x74ce,
  0x7d30,0x8550,0x8551,0x7d51,0x8d92,0x95d3,0xa635,0xb697,0xb697,0xb656,0x848f,0x5ae9,0x5aa9,0x6288,0x72c9,0x72a8,
  0x7268,0x7247,0x6a27,0x6a48,0x7268,0x7268,0x7248,0x7268,0x7289,0x7289,0x7289,0x7289,0x7289,0x7ac9,0x7aca,0x7aea,
  0x7aea,0x730b,0x730b,0x5aea,0x3206,0x5bad,0x9e16,0x9615,0x8e15,0x8616,0x8636,0x8636,0x8636,0x8636,0x8615,0x8636,
  0x8636,0x8636,0x8e56,0x8636,0x8e36,0x8636,0x8636,0x8e57,0x8e36,0x8616,0x8616,0x8e36,0x6d32,0x8616,0x8e57,0x8616,
  0x8e57,0x8e36,0x8616,0x8e36,0x8616,0x8636,0x8616,0x8616,0x8616,0x8616,0x8636,0x8616,0x8616,0x8616,0x8636,0x8636,
  0x8616,0x8636,0x8e36,0x8616,0x8616,0x8e36,0x8e56,0x8e36,0x8e16,0x8616,0x8616,0x8615,0x8e16,0x8e15,0x8e35,0x8e15,
  0x96d8,0x96b7,0x96b8,0x9697,0x9697,0x9697,0x9697,0x8e97,0x9697,0x8e77,0x8e76,0x8e76,0x8e77,0x9677,0x8e56,0x8636,
  0x8e56,0x8e56,0x8e56,0x8e76,0x8e76,0x8e56,0x8e56,0x8635,0x8e56,0x8e55,0x8e56,0x8e76,0x8e77,0x8e76,0x8e56,0x8e77,
  0x8636,0x7db4,0x8e76,0x8e36,0x8636,0x8e76,0x8656,0x8e55,0x8e56,0x8635,0x8e56,0x8635,0x8635,0x8635,0x8e55,0x8e76,
  0x8e76,0x8e35,0x8635,0x8e56,0x8e36,0x8e36,0x8e56,0x8e57,0x8e57,0x8e77,0x8e36,0x8e56,0x8e57,0x8e57,0x9677,0x9677,
  0x8e77,0x8e57,0x8e77,0x8e57,0x8e56,0x8e77,0x8e57,0x8e57,0x9677,0x9677,0x8e77,0x8e77,0x8e77,0x8e77,0x8e56,0x8e36,
  0x8e57,0x8e57,0x8e57,0x8e56,0x8e56,0x8e56,0x8e56,0x8e77,0x8e57,0x8e77,0x8e77,0x8e57,0x8e77,0x9677,0x8e77,0x7593,
  0x8e56,0x8e57,0x8e77,0x8e57,0x8e77,0x8e56,0x8e57,0x8e77,0x8e97,0x8e77,0x8e77,0x8e77,0x9697,0x9677,0x8e15,0x4bcc,
  0x540d,0x95f5,0x9615,0x9635,0x8e15,0x8df5,0x8e15,0x8df4,0x8db4,0x8573,0x7d11,0x7cb0,0x84d1,0x8cd0,0x7c6f,0x7c4f,
  0x846f,0x7c2e,0x846e,0x8cd0,0x9511,0x9531,0xa5b3,0xa5f4,0xa5d3,0xa634,0xae75,0xa655,0xae96,0xb6d7,0xaeb7,0xa675,
  0xae76,0xa675,0xa6b6,0x9e54,0x8db2,0x8571,0x7d50,0x7d30,0x7d51,0x8dd2,0x95d3,0x8d92,0x95d3,0x95b2,0x7d30,0x74ef,
  0x7d0f,0x8571,0x8db2,0x8db2,0x8592,0x8db3,0x9e55,0xaed7,0xb6d7,0xb697,0xbeb8,0x9d53,0x73ad,0x62ea,0x62a9,0x6aa9,
  0x6a88,0x6a68,0x6a68,0x6a48,0x7248,0x6a48,0x7268,0x7268,0x6a48,0x6a27,0x6247,0x6a68,0x72a9,0x72a9,0x72c9,0x72ea,
  0x72ea,0x730b,0x6b0b,0x6b8d,0x3227,0x536b,0x9e36,0x9615,0x8615,0x8636,0x8636,0x8636,0x8636,0x8615,0x8616,0x8e36,
  0x8636,0x8636,0x8e56,0x8e56,0x8e56,0x8616,0x8616,0x8616,0x8636,0x8e36,0x8636,0x8e57,0x6512,0x85f5,0x8e57,0x8616,
  0x8e57,0x8616,0x8616,0x8e57,0x8e36,0x8636,0x8616,0x8e36,0x8e36,0x8616,0x8616,0x8616,0x8e36,0x8616,0x85f5,0x85f5,
  0x8615,0x8616,0x8616,0x8e16,0x8e36,0x8615,0x8616,0x8636,0x8616,0x8616,0x85d5,0x85f5,0x8e36,0x8e36,0x8e35,0x8e15,
  0x96b7,0x96b7,0x96b7,0x8e97,0x8e97,0x8e97,0x8e97,0x8e76,0x8e77,0x8e97,0x8e77,0x8e76,0x8e77,0x8e77,0x8e77,0x8e56,
  0x8636,0x8e56,0x8656,0x8e36,0x8e56,0x8e56,0x8e56,0x8e35,0x8e56,0x8e55,0x8e55,0x8e76,0x8e56,0x8e76,0x8e56,0x9697,
  0x8635,0x75b3,0x8e77,0x8e56,0x8e56,0x8e56,0x8656,0x8e76,0x8656,0x8e56,0x8e56,0x8635,0x8635,0x8635,0x8635,0x8e56,
  0x8e56,0x8e56,0x8635,0x8e36,0x8e36,0x8e36,0x8e36,0x8e56,0x8e56,0x8e56,0x8e56,0x8e56,0x8e76,0x8e56,0x8e76,0x9677,
  0x8e77,0x8e76,0x8e56,0x8e57,0x8e77,0x8e77,0x8e77,0x8e77,0x8e56,0x8e56,0x8e36,0x8e56,0x8e77,0x8e56,0x8e56,0x8e56,
  0x8e57,0x8e57,0x8e57,0x8e56,0x8e56,0x8e56,0x8e56,0x8e57,0x8e77,0x9677,0x8e56,0x8e56,0x8e56,0x8e77,0x8e77,0x7dd4,
  0x8636,0x8e77,0x8e77,0x8616,0x8e56,0x8e77,0x8e57,0x8e77,0x8e77,0x8e97,0x8e77,0x8e56,0x8e56,0x9656,0x7d73,0x3b2a,
  0x646f,0x9e15,0x9e15,0x95f5,0x8df4,0x8dd4,0x8df4,0x8df4,0x8dd4,0x95b4,0x8d73,0x8d32,0x84d1,0x84d1,0x8490,0x8cd0,
  0x8d11,0x9532,0x9d93,0xa615,0xa635,0xae55,0xae76,0xae76,0xa655,0xa675,0xb6f7,0xbf38,0xb718,0xaed7,0xaeb7,0xa696,
  0xa676,0x9e55,0x9614,0x95d3,0x8571,0x7d30,0x7d10,0x8d92,0x95f3,0x95d3,0x8dd2,0x9e13,0x95d3,0x8db2,0x8551,0x8530,
  0x7d10,0x8551,0x95f3,0x95d3,0x8db3,0x8dd3,0x9614,0xa696,0xaed7,0xaed7,0xb6b7,0xc6d8,0xc697,0x94f1,0x6b4b,0x5268,
  0x5247,0x5a67,0x6247,0x6267,0x6a47,0x6a47,0x6a48,0x6a48,0x6a48,0x6a48,0x6a48,0x6a68,0x6a88,0x6ac9,0x6aea,0x6aea,
  0x6aea,0x62ca,0x73ad,0x94f2,0x3a68,0x53ac,0x9e36,0x8e15,0x8615,0x8656,0x8636,0x8e36,0x8e36,0x8616,0x8636,0x8636,
  0x8636,0x8636,0x8636,0x8636,0x8e56,0x8636,0x8e56,0x8616,0x8616,0x8e57,0x8e37,0x8e36,0x6512,0x8e16,0x8e57,0x8616,
  0x8e16,0x8e16,0x8e36,0x8e56,0x8e56,0x8e36,0x8636,0x8e36,0x8616,0x8636,0x85f5,0x8616,0x8615,0x8615,0x8616,0x8615,
  0x8615,0x8615,0x85f5,0x8615,0x8616,0x85f5,0x8615,0x8615,0x8616,0x8616,0x8e16,0x8616,0x8e36,0x8e56,0x8615,0x8615,
  0x96d8,0x96b7,0x96b7,0x8e97,0x8e96,0x8e76,0x8e76,0x8e56,0x8e76,0x8e76,0x8e76,0x8e56,0x8e56,0x8e77,0x8e57,0x8e56,
  0x8e56,0x8e56,0x8e56,0x8e56,0x8636,0x8e36,0x8635,0x8e36,0x8e35,0x8e56,0x8e56,0x8e56,0x8e56,0x8e56,0x8e77,0x9698,
  0x8635,0x6d73,0x8e56,0x8e56,0x8e56,0x8e56,0x8656,0x8656,0x8e76,0x8e56,0x8635,0x8635,0x8615,0x8656,0x8656,0x8e56,
  0x8e56,0x8e76,0x8e56,0x8e56,0x8e56,0x8e56,0x8e76,0x8e56,0x8e56,0x8e56,0x8e56,0x8e76,0x8e56,0x8e56,0x8e56,0x8e76,
  0x8e77,0x8e76,0x8e77,0x8e57,0x8e56,0x8e77,0x8e77,0x8e77,0x8e56,0x8e56,0x8e56,0x8e56,0x8e57,0x8e56,0x8e56,0x8e77,
  0x8e36,0x8636,0x8e57,0x8e57,0x8e56,0x8e36,0x8e56,0x8e56,0x9677,0x9677,0x8e56,0x8e56,0x8e77,0x8e77,0x96b8,0x8615,
  0x8e36,0x8e77,0x8e56,0x8e56,0x8e36,0x8e57,0x8e77,0x8e57,0x8e77,0x8e77,0x8e57,0x8e56,0x8e36,0x9657,0x64d0,0x332a,
  0x74f1,0x95f5,0x95f5,0x8dd4,0x8dd4,0x8dd4,0x8dd4,0x95f4,0x95f5,0x95d4,0x95b4,0x8d93,0x8532,0x8d52,0x9593,0x9db4,
  0x9dd4,0xae56,0xae56,0xae76,0xaeb7,0xb6d7,0xaeb6,0xaeb7,0xaed7,0xb718,0xb718,0xb6f7,0xb718,0xaed7,0xa6b7,0x9e75,
  0x9614,0x9614,0x95d3,0x95f3,0x8d92,0x750f,0x8d91,0x9e13,0x9e34,0x95d3,0x95f3,0x9e14,0x8571,0x8551,0x8551,0x8530,
  0x8550,0x8571,0x8db2,0x95f3,0x95f4,0x95f4,0x95f4,0x9655,0xa6b7,0xaed7,0xb6f8,0xb6d8,0xc6f9,0xc6d8,0xbe57,0x94f1,
  0x73ac,0x62e9,0x5a88,0x5226,0x5206,0x51e6,0x5a06,0x5a27,0x6247,0x6268,0x6268,0x6268,0x6288,0x6288,0x62c9,0x5ae9,
  0x5b0a,0x52ea,0x8cd1,0x9553,0x2a47,0x5c0d,0x9e77,0x8df4,0x8615,0x8635,0x8635,0x8615,0x8615,0x8615,0x8636,0x8636,
  0x8636,0x8616,0x8636,0x8616,0x8616,0x8e36,0x8e36,0x8636,0x8616,0x8636,0x8e57,0x8636,0x6512,0x8e16,0x8e36,0x8e36,
  0x8e36,0x8e16,0x8e36,0x8e36,0x8e56,0x8e56,0x8e36,0x8e36,0x8636,0x8616,0x85f5,0x8616,0x8615,0x8636,0x8616,0x8636,
  0x8615,0x85f5,0x85f5,0x8615,0x85f5,0x8615,0x8615,0x8e16,0x8616,0x8616,0x8e16,0x8e16,0x8e36,0x8e36,0x8615,0x85f5,
  0x96d7,0x96d7,0x96d7,0x8eb7,0x8e96,0x8e97,0x8e97,0x8e77,0x8e76,0x8e76,0x8e56,0x8e56,0x8e36,0x8e77,0x8e57,0x8636,
  0x8e56,0x8656,0x8656,0x8e36,0x8e36,0x8e36,0x8e36,0x8e56,0x8e36,0x8e56,0x8635,0x8e56,0x8e56,0x8e56,0x8e56,0x9697,
  0x8636,0x75b3,0x8e36,0x8e56,0x8e56,0x8e56,0x8656,0x8656,0x8656,0x8e56,0x8655,0x8635,0x8635,0x8e56,0x8e56,0x8635,
  0x8656,0x8e76,0x8e76,0x8e56,0x8e56,0x8e76,0x8e56,0x8e56,0x8e76,0x8e76,0x8e56,0x8e56,0x8e56,0x8e56,0x8e56,0x9677,
  0x9697,0x8e76,0x8e77,0x8e77,0x8e97,0x8e77,0x8e77,0x8e77,0x8e77,0x8e56,0x8e56,0x8e56,0x8e56,0x8e56,0x8e56,0x8e56,
  0x8e56,0x8e36,0x8656,0x8e56,0x8e56,0x8e56,0x8e56,0x8e77,0x8e77,0x8e77,0x8e56,0x8656,0x8e56,0x8e56,0x9697,0x8616,
  0x8e36,0x8e57,0x8e57,0x8e57,0x8e57,0x8e57,0x8e57,0x8e57,0x8e77,0x8e77,0x8e57,0x8e56,0x9657,0x9636,0x542e,0x3b4a,
  0x7d52,0x8db4,0x8593,0x8593,0x8db4,0x8df4,0x8df4,0x9615,0x9615,0x8db4,0x95d4,0x8d94,0x8d93,0x8d94,0x9e15,0x9e15,
  0x9e15,0xa697,0xa697,0xa6b7,0xaef7,0xb738,0xaef7,0xa6b7,0xa6f7,0xaef7,0xaf18,0xb738,0xaed7,0xa6b6,0x9e55,0x8df3,
  0x9614,0x9634,0x9614,0x8592,0x8551,0x8db2,0x9e14,0x9e14,0x9e34,0xa654,0x9e34,0x8db2,0x8551,0x8530,0x7d0f,0x7d10,
  0x7d30,0x8571,0x8db2,0x8dd3,0x9614,0x9614,0x9614,0x9614,0x9e96,0xaef8,0xaef8,0xb719,0xbf19,0xb6d8,0xbed8,0xb677,
  0xa5d4,0x8cf1,0x73ed,0x632a,0x5ac9,0x5aa8,0x5a47,0x5227,0x49e6,0x5206,0x4a06,0x5227,0x4a06,0x4226,0x4247,0x52c9,
  0x5b6b,0x7c90,0xa5f5,0x7cd1,0x1a06,0x540d,0x9e97,0x8e15,0x8e35,0x8635,0x8635,0x8615,0x8615,0x8636,0x8636,0x8635,
  0x8636,0x8636,0x8636,0x8636,0x8636,0x8636,0x8616,0x8616,0x8e37,0x8616,0x8e37,0x8e37,0x6d32,0x8e16,0x8e36,0x8e36,
  0x8616,0x8e37,0x8e36,0x8616,0x8e56,0x8615,0x8636,0x8636,0x8636,0x8616,0x8615,0x8616,0x85f5,0x8615,0x8615,0x8616,
  0x8616,0x85f5,0x85f6,0x85f5,0x85f5,0x8615,0x8615,0x8615,0x8616,0x8616,0x8616,0x8616,0x8616,0x8616,0x8615,0x85f4,
  0x8eb7,0x96d7,0x96f7,0x8eb7,0x8eb7,0x8e96,0x8e76,0x8e97,0x8e76,0x8e76,0x8e76,0x8e56,0x8e56,0x8e77,0x8e56,0x8e36,
  0x8e56,0x8e56,0x8e56,0x8636,0x8e36,0x8e56,0x8e56,0x8e36,0x8e36,0x8e56,0x8636,0x8e56,0x8e56,0x8e56,0x8636,0x8e57,
  0x8e56,0x8615,0x8e56,0x8e36,0x8e56,0x8e56,0x8635,0x8656,0x8656,0x8e56,0x8635,0x8635,0x8635,0x8635,0x8e56,0x8656,
  0x8656,0x8e56,0x8e56,0x8635,0x8e56,0x8e56,0x8e56,0x8e56,0x8e56,0x8e36,0x8e56,0x8636,0x8e56,0x8e56,0x8e77,0x9677,
  0x8e76,0x9677,0x8e77,0x9697,0x8e77,0x8e77,0x8656,0x8e77,0x8e77,0x8e56,0x8e77,0x8e77,0x8e77,0x8e77,0x8e56,0x8e56,
  0x8e36,0x8e56,0x8656,0x8656,0x8e56,0x8e77,0x8e77,0x8e77,0x8e56,0x8e77,0x8e77,0x8e56,0x8656,0x8e56,0x8e77,0x8615,
  0x8615,0x9677,0x8e57,0x8e57,0x8e77,0x8e57,0x8e56,0x8e57,0x8e77,0x8e77,0x8e57,0x8e36,0x9677,0x8df5,0x4bcc,0x4bab,
  0x8573,0x8db4,0x8573,0x8573,0x8d93,0x95f5,0x9615,0x9615,0x95f4,0x8dd4,0x95d4,0x95b4,0x95d4,0x8db4,0x9615,0x9e36,
  0x9636,0xa697,0xa6b7,0xaf18,0xaf59,0xaf59,0xa6f7,0x9eb6,0xa6d7,0xa6f7,0xaf18,0xaf18,0xa6d7,0x9e96,0x8e14,0x8df4,
  0x9634,0x9614,0x8db2,0x7d31,0x8592,0x9e34,0xa655,0xa654,0xa654,0xa634,0x95d2,0x8551,0x8551,0x7d10,0x7d10,0x7d30,
  0x74ef,0x7d30,0x8d92,0x8df3,0x9634,0x9634,0x9655,0x8df4,0x9655,0xa6d7,0xa6d8,0xaef8,0xb719,0xb719,0xb6d8,0xaeb7,
  0xae76,0xa5f4,0x8d11,0x7c4e,0x73ed,0x7c0e,0x7bcd,0x736c,0x62ea,0x62ea,0x6b2b,0x736c,0x6b4b,0x6bac,0x7c2e,0x8d11,
  0x9593,0x9df5,0xa636,0x7cf1,0x11a4,0x5c2e,0x9e76,0x8e15,0x8635,0x8615,0x8615,0x8615,0x8615,0x8615,0x8615,0x8615,
  0x8615,0x8636,0x8636,0x8e36,0x8636,0x8616,0x8616,0x85f5,0x85f6,0x8616,0x8e16,0x85f6,0x6d32,0x8e37,0x8e36,0x8e57,
  0x8616,0x8e57,0x8e57,0x8636,0x8e36,0x8615,0x8636,0x8636,0x8616,0x8616,0x8616,0x8616,0x8615,0x85f5,0x7df5,0x85f5,
  0x8616,0x8616,0x8616,0x85f5,0x85f5,0x85f5,0x8615,0x85f5,0x85f5,0x8616,0x8616,0x8616,0x8616,0x8615,0x8615,0x8615,
  0x8e96,0x96b7,0x96d7,0x96b7,0x96b7,0x8e97,0x8e76,0x8e97,0x8e76,0x8e76,0x8e76,0x8e56,0x8636,0x8e56,0x8e56,0x8e56,
  0x8e56,0x8e56,0x8e56,0x8e56,0x8e36,0x8636,0x8e56,0x8e36,0x8e36,0x8e36,0x8e36,0x8e56,0x8e56,0x8e56,0x8636,0x8e36,
  0x8e77,0x7dd4,0x8636,0x8e56,0x8636,0x8e76,0x8636,0x8636,0x8635,0x8635,0x8635,0x8615,0x8635,0x8635,0x8e56,0x8e56,
  0x8635,0x8635,0x8e36,0x8e56,0x8e56,0x8e56,0x8e56,0x8e56,0x8e56,0x8e56,0x8e36,0x8e56,0x8636,0x8e56,0x8e77,0x8e56,
  0x8e76,0x8e77,0x8e77,0x9697,0x8e77,0x8e77,0x8e76,0x8e76,0x8e77,0x8e56,0x8e77,0x8e56,0x8636,0x8636,0x8e57,0x8e56,
  0x8e56,0x8e56,0x8636,0x8656,0x8e56,0x8e56,0x8e77,0x8e56,0x8636,0x8e56,0x8e77,0x8e56,0x8636,0x8e56,0x8e77,0x7dd4,
  0x8615,0x9697,0x8e57,0x8e77,0x8e57,0x8e77,0x8e56,0x8e77,0x8e77,0x8e77,0x8e56,0x8e56,0x9676,0x85b4,0x540d,0x5c4e,
  0x8573,0x8573,0x7d52,0x8d93,0x8db4,0x8dd4,0x9615,0x9615,0x8df4,0x8dd4,0x8dd4,0x8dd4,0x8df4,0x8db4,0x8e15,0x9656,
  0x9e76,0x9eb7,0xa6d7,0xa718,0xa718,0xa6f7,0x9eb6,0x9eb6,0xa718,0xa6f7,0xa6d7,0x9e96,0x9e96,0x9675,0x9634,0x9655,
  0x9e55,0x8dd3,0x7d51,0x8571,0x9614,0xa655,0xa655,0xa655,0x9e34,0x95f3,0x8d92,0x8571,0x8551,0x8551,0x8530,0x74ae,
  0x6cae,0x750f,0x8571,0x8db2,0x9614,0x9634,0x9e75,0x9e55,0x9655,0x9655,0x9e97,0xa6b7,0xa6d8,0xb719,0xb6f9,0xb6d8,
  0xb6d8,0xae76,0xa5f5,0x9d73,0x8cd0,0x7c6f,0x8490,0x8470,0x7c0e,0x7c0e,0x7bee,0x73ed,0x7c4f,0x94f1,0x8d11,0x9573,
  0x9dd5,0x9dd5,0xa656,0x74d1,0x0984,0x6cb0,0x9e77,0x8e35,0x8615,0x8635,0x8635,0x8635,0x8615,0x85f5,0x8615,0x8636,
  0x8636,0x8636,0x8636,0x8e36,0x8616,0x8616,0x85f5,0x8616,0x8616,0x8616,0x8e37,0x85d5,0x6d53,0x8e57,0x8e36,0x8e36,
  0x8636,0x8616,0x8636,0x8636,0x8616,0x8636,0x8616,0x8616,0x8616,0x8616,0x8616,0x8616,0x8615,0x7dd5,0x7df5,0x8616,
  0x8616,0x8616,0x8616,0x85f5,0x7dd5,0x85f5,0x85f5,0x85f5,0x85f5,0x85f5,0x8616,0x85f5,0x85f5,0x8615,0x8615,0x8635,
  0x8e96,0x96b7,0x96b7,0x96b7,0x8eb7,0x96b7,0x8e76,0x8e76,0x8e96,0x8e76,0x8e76,0x8656,0x8635,0x8636,0x8636,0x8e56,
  0x8636,0x8e56,0x8656,0x8e36,0x8e36,0x8e36,0x8e56,0x8e36,0x8635,0x8615,0x8e36,0x8e56,0x8e36,0x8635,0x8635,0x8e56,
  0x8e77,0x8615,0x8e36,0x8e76,0x8636,0x8e56,0x8656,0x8656,0x8656,0x8635,0x8635,0x8635,0x8635,0x8635,0x8e35,0x8635,
  0x8635,0x8e56,0x8e56,0x8e56,0x8e56,0x8e36,0x8e36,0x8e56,0x8e56,0x8e56,0x8e56,0x8e36,0x8636,0x8e56,0x8e56,0x8e56,
  0x8e56,0x8e56,0x8e77,0x8e77,0x8e77,0x8e77,0x8656,0x8e77,0x8e77,0x8e56,0x8e56,0x8e56,0x8e56,0x8e77,0x8e77,0x8e36,
  0x8e56,0x8e56,0x8e56,0x8e56,0x8e56,0x8e56,0x8e77,0x8e56,0x8636,0x8656,0x8e76,0x8656,0x8656,0x8e57,0x8e57,0x7dd5,
  0x7df5,0x9697,0x8e57,0x8e36,0x8e57,0x8e77,0x8e56,0x8e56,0x8e77,0x8e76,0x8e56,0x8e56,0x9676,0x7d93,0x4c0d,0x64af,
  0x8573,0x8573,0x8573,0x8dd4,0x8df4,0x8df5,0x9635,0x8df4,0x85d3,0x85d4,0x85d4,0x85d4,0x8df4,0x8df4,0x8e35,0x9676,
  0x9e76,0x9e97,0xa6d7,0x9ed6,0x9eb6,0x9696,0x9eb6,0xa6d7,0x9675,0x9655,0x9eb6,0x9675,0x9654,0x9655,0x9655,0x9655,
  0x9614,0x85b2,0x8572,0x95f4,0x9e75,0xa696,0x9e55,0x9e14,0x9e34,0x95f3,0x95b2,0x8d92,0x8571,0x8550,0x7d10,0x6c8e,
  0x6c8e,0x74ef,0x7d30,0x7d50,0x8591,0x8df3,0x9e76,0xa6b7,0x9e76,0x9656,0x9656,0x9656,0x9656,0x9e97,0xa6b8,0xaed8,
  0xaef8,0xa697,0xa615,0x9df4,0x9573,0x7cd0,0x7c90,0x7c90,0x8cf1,0x8490,0x742e,0x6c0e,0x742e,0x744e,0x7cd0,0x6c6f,
  0x642e,0x644e,0x8594,0x646f,0x1205,0x74f1,0x9656,0x85f4,0x8635,0x8615,0x8615,0x8615,0x85f5,0x8615,0x8636,0x8636,
  0x8656,0x8636,0x8636,0x8636,0x8e36,0x8616,0x8616,0x8616,0x8616,0x8e37,0x8e37,0x7dd5,0x6d33,0x8e36,0x8e57,0x8616,
  0x8616,0x8616,0x8616,0x8616,0x8636,0x8636,0x8616,0x85f5,0x8616,0x8616,0x8636,0x8636,0x8616,0x8616,0x85f5,0x8615,
  0x8616,0x8616,0x8616,0x85f5,0x7dd5,0x85f5,0x85f5,0x85f5,0x85f5,0x7df5,0x7df5,0x8616,0x8616,0x8615,0x8615,0x8635,
  0x8eb7,0x96d7,0x8eb7,0x96b7,0x96b7,0x96b8,0x8e76,0x8e96,0x8e96,0x8e76,0x8e76,0x8e56,0x8636,0x8636,0x8635,0x8636,
  0x8636,0x8636,0x8e36,0x8e56,0x8e56,0x8e36,0x8e36,0x8615,0x8e35,0x8615,0x8635,0x8e35,0x8e35,0x8635,0x8635,0x8e56,
  0x8e76,0x85f5,0x8615,0x8e56,0x8e56,0x8e56,0x8656,0x8656,0x8e56,0x8635,0x8635,0x8635,0x8635,0x8635,0x8e36,0x8e56,
  0x8e56,0x8e36,0x8e56,0x8e56,0x8e56,0x8e56,0x8e56,0x8e56,0x8e56,0x8e76,0x8e56,0x8e56,0x8e56,0x8e56,0x8e56,0x8e56,
  0x8e57,0x8e77,0x8e77,0x8e77,0x8e77,0x8e77,0x8e77,0x8e56,0x8e56,0x8e56,0x8e56,0x8e77,0x8e77,0x8e77,0x8e56,0x8e36,
  0x8e36,0x8e36,0x8e36,0x8e56,0x8e56,0x8e56,0x8e56,0x8e36,0x8e56,0x8636,0x8636,0x8636,0x8e36,0x8636,0x8e77,0x85f5,
  0x7df5,0x8e77,0x8636,0x8e56,0x8636,0x8e57,0x8e56,0x8e56,0x8e76,0x8e76,0x8e56,0x8e56,0x9676,0x6d11,0x4bec,0x6cd0,
  0x8593,0x8593,0x8d93,0x8dd4,0x8df4,0x8df4,0x85d4,0x8df4,0x85d4,0x85d4,0x85d4,0x85d3,0x85f4,0x8e15,0x8e35,0x9635,
  0x9656,0x9e96,0x9e96,0x9675,0x8e34,0x9675,0x9e96,0x9655,0x9655,0x9655,0x9e75,0x9655,0x9e95,0x9e75,0x9e75,0x8e34,
  0x85d3,0x85b3,0x8df3,0x9e55,0x9e75,0xa675,0x9e55,0x9e34,0x9e34,0x95f3,0x8d71,0x8551,0x8551,0x8550,0x74ef,0x6cae,
  0x6cae,0x6cae,0x7d10,0x8571,0x85b2,0x8dd3,0x8e14,0x9e76,0x9e76,0xa696,0x9e76,0x9635,0x8e15,0x9636,0xa697,0xa6b7,
  0xa697,0xa697,0x9e35,0x95d4,0x9593,0x8d52,0x84f1,0x7c90,0x7cb0,0x84f1,0x7cd1,0x7c90,0x746f,0x6c4f,0x74b0,0x6c6f,
  0x5c0e,0x4bac,0x5c2e,0x53cd,0x1a46,0x7d52,0x9656,0x85f4,0x8635,0x8615,0x8615,0x8615,0x8615,0x8636,0x8636,0x8656,
  0x8656,0x8636,0x8636,0x85f5,0x8616,0x8616,0x8615,0x8616,0x8616,0x8e16,0x8e37,0x7dd5,0x6d32,0x8e36,0x8616,0x8616,
  0x8616,0x8616,0x8636,0x8636,0x8636,0x8636,0x8636,0x8636,0x8636,0x8636,0x8616,0x8616,0x8616,0x8616,0x8616,0x7df5,
  0x8616,0x8616,0x7df5,0x7dd5,0x7dd5,0x85f5,0x85f5,0x85f5,0x85f5,0x85f5,0x8616,0x8616,0x8616,0x8615,0x8615,0x8615,
  0x8ed7,0x8eb7,0x8eb7,0x8eb7,0x96b7,0x96b7,0x8e96,0x8e76,0x8e76,0x8e76,0x8e76,0x8e56,0x8636,0x8e56,0x8656,0x8636,
  0x8635,0x8e56,0x8e56,0x8e76,0x8e56,0x8e56,0x8e36,0x8635,0x8615,0x8635,0x8e35,0x8e35,0x8e55,0x8e35,0x8e36,0x8e36,
  0x8e56,0x8615,0x85f5,0x8e56,0x8e36,0x8636,0x8656,0x8656,0x8635,0x8635,0x8615,0x8635,0x8635,0x8635,0x8635,0x8e56,
  0x8e56,0x8e56,0x8e56,0x8e56,0x8e56,0x8e56,0x8e56,0x8e56,0x8e56,0x8e36,0x8636,0x8e56,0x8e56,0x8e56,0x9677,0x8e76,
  0x8e56,0x8e57,0x8e77,0x8e56,0x8e56,0x8e77,0x8e56,0x8e56,0x8e77,0x8e56,0x8e56,0x8e57,0x8e56,0x8e77,0x8e56,0x8636,
  0x8e36,0x8e36,0x8e36,0x8e36,0x8e36,0x8636,0x8636,0x8636,0x8e36,0x8e36,0x8e56,0x8e56,0x8e56,0x8e36,0x8e56,0x8615,
  0x7df5,0x8e77,0x8636,0x8e57,0x8636,0x8636,0x8e56,0x8e56,0x8e76,0x8e77,0x8e76,0x8e56,0x8e56,0x5c8f,0x542e,0x7511,
  0x8593,0x8593,0x8db3,0x8dd4,0x85d3,0x85d4,0x85b3,0x85d4,0x85b4,0x7d93,0x85b3,0x85d4,0x85d3,0x8e15,0x8e35,0x8e15,
  0x8e35,0x9676,0x9655,0x9655,0x9634,0x9635,0x9634,0x9655,0x9e75,0x9634,0x9634,0x9675,0x9e96,0x9e75,0x9655,0x8e14,
  0x85d3,0x8df3,0x9e55,0x9e75,0x9e96,0xa676,0x9e34,0x9e34,0x95d3,0x8d92,0x7d30,0x8530,0x8530,0x8550,0x7d10,0x74cf,
  0x74ef,0x74cf,0x7d0f,0x8591,0x8db2,0x8dd3,0x8dd3,0x9614,0x9e55,0xa676,0x9e56,0x9635,0x8e15,0x9615,0x9e56,0xa677,
  0x9e56,0xa676,0xa656,0x95f5,0x8d93,0x8d53,0x8511,0x7cb0,0x748f,0x74b0,0x7cf1,0x7cd1,0x7490,0x7490,0x74b0,0x74b0,
  0x646f,0x5c0e,0x644f,0x4b6b,0x1a26,0x7d32,0x9635,0x85f4,0x8615,0x8615,0x8615,0x8615,0x8615,0x8616,0x8615,0x8656,
  0x8636,0x8636,0x8e36,0x8616,0x8636,0x8636,0x8636,0x8616,0x8616,0x8616,0x8e37,0x7db5,0x6d32,0x8e56,0x85f5,0x8616,
  0x8616,0x85f5,0x8616,0x8616,0x8616,0x8616,0x8616,0x8616,0x85f5,0x8615,0x85f5,0x85f5,0x8616,0x8616,0x8615,0x7df5,
  0x8616,0x8615,0x8615,0x8615,0x8615,0x8616,0x8615,0x8615,0x8615,0x85f5,0x8615,0x8616,0x8615,0x85f5,0x8635,0x7df4,
  0x8ed7,0x8eb7,0x8eb7,0x8e96,0x96b7,0x8e97,0x8eb7,0x8e96,0x8e76,0x8e76,0x8e76,0x8636,0x8636,0x8636,0x8635,0x8656,
  0x8e56,0x8e56,0x8e56,0x8e56,0x8e56,0x8e56,0x8e35,0x8615,0x8635,0x8615,0x8635,0x8e35,0x8635,0x8635,0x8e36,0x8635,
  0x8e36,0x8635,0x8615,0x8e35,0x8e56,0x8635,0x8656,0x8636,0x8656,0x8e56,0x8635,0x8e56,0x8635,0x8635,0x8e56,0x8e56,
  0x8e56,0x8635,0x8635,0x8e76,0x8e56,0x8e36,0x8e36,0x8e56,0x8e56,0x8636,0x8e56,0x8636,0x8e56,0x8e56,0x8e56,0x9677,
  0x8e57,0x8e56,0x8e57,0x8e57,0x8e56,0x8e77,0x8e77,0x8e56,0x8e56,0x8e57,0x8e77,0x8e56,0x8e56,0x8656,0x8e57,0x8e57,
  0x8636,0x8e36,0x8e36,0x8e36,0x8e36,0x8e36,0x8636,0x8636,0x8e36,0x8636,0x8e36,0x8e56,0x8e56,0x8e56,0x8e77,0x85f5,
  0x7dd4,0x8e77,0x8636,0x8e36,0x8636,0x8e57,0x8e56,0x8e56,0x8e76,0x8e77,0x8e76,0x8e56,0x7dd4,0x546f,0x64d0,0x7d73,
  0x8593,0x85b3,0x85b4,0x85b3,0x85d4,0x85d4,0x85f4,0x7db3,0x7572,0x7db3,0x85b3,0x85b3,0x85b3,0x8e15,0x9635,0x8e14,
  0x8e14,0x8df4,0x8e14,0x9614,0x9634,0x8e14,0x8e14,0x9614,0x8e14,0x9614,0x9e55,0x9e96,0x9655,0x9e75,0x9e75,0x8df3,
  0x8e14,0x9635,0x9e75,0xa696,0xa696,0xa675,0x95f4,0x8db3,0x8572,0x7d10,0x7d10,0x8551,0x8551,0x8530,0x7d30,0x7d10,
  0x8551,0x7d10,0x7d0f,0x7d10,0x8551,0x8dd3,0x8db3,0x8dd3,0x9614,0x9e55,0x9e56,0x9615,0x8df5,0x8dd4,0x9615,0x9636,
  0x9e56,0xa656,0x9e56,0x95f5,0x8573,0x7d12,0x7cf1,0x74b0,0x74b0,0x74d0,0x74d0,0x7cf1,0x7cf1,0x74d0,0x74b0,0x6c90,
  0x6c90,0x642e,0x6c70,0x4b4b,0x2247,0x5c0d,0x8dd4,0x8e15,0x8615,0x8e36,0x8615,0x8615,0x8636,0x85f5,0x8636,0x8615,
  0x8636,0x8636,0x8636,0x8636,0x8616,0x8616,0x8616,0x8616,0x8616,0x85f6,0x8e37,0x7594,0x6d32,0x8e36,0x8616,0x8616,
  0x8616,0x8616,0x8616,0x8615,0x85f5,0x8616,0x8616,0x8615,0x8616,0x8615,0x8615,0x85f5,0x8616,0x8615,0x7df5,0x8615,
  0x8636,0x8615,0x8615,0x8615,0x8615,0x8616,0x8616,0x8615,0x8616,0x85f5,0x85f5,0x8616,0x85f5,0x8616,0x8616,0x85f5,
  0x8eb7,0x8ed7,0x96d7,0x96b7,0x8e97,0x8e76,0x8e96,0x8e96,0x8e76,0x8656,0x8e56,0x8e56,0x8656,0x8e56,0x8635,0x8615,
  0x8656,0x8635,0x8635,0x8e56,0x8635,0x8635,0x8e56,0x8e36,0x8615,0x8615,0x8635,0x8615,0x8615,0x8e35,0x8635,0x8635,
  0x8e36,0x85f4,0x7df4,0x8e35,0x8635,0x8635,0x8656,0x8636,0x8635,0x8e56,0x8635,0x8e35,0x8635,0x8635,0x8635,0x8635,
  0x8635,0x8635,0x8635,0x8635,0x8e56,0x8e56,0x8e36,0x8e36,0x8636,0x8e36,0x8e56,0x8e56,0x8e36,0x8e56,0x8e56,0x8e56,
  0x8e56,0x8e57,0x8e56,0x8636,0x8656,0x8636,0x8656,0x8e56,0x8636,0x8e36,0x8636,0x8e36,0x8e36,0x8e77,0x8e56,0x8e56,
  0x8e36,0x8e56,0x8e57,0x8e56,0x8e36,0x8e56,0x8e56,0x8636,0x8616,0x8636,0x8e36,0x8e36,0x8e56,0x8e56,0x8e56,0x7df5,
  0x75d4,0x8e56,0x8636,0x8636,0x8e57,0x8e56,0x8e56,0x8e56,0x8e56,0x8e77,0x8e57,0x8616,0x7db4,0x64d0,0x7d93,0x85b4,
  0x85d4,0x8593,0x7d93,0x7d92,0x85d3,0x85b3,0x85b3,0x7d93,0x7572,0x7d72,0x7d72,0x7d93,0x85b3,0x8dd4,0x8dd4,0x8dd3,
  0x8dd3,0x8dd3,0x8dd3,0x8dd3,0x8df3,0x8dd3,0x7d72,0x8592,0x9614,0x9e55,0x9e75,0x9e96,0x9e75,0x9e96,0xa6b6,0x8e34,
  0x9655,0x9e55,0x9634,0x9e75,0x9e55,0x8df3,0x8d92,0x8551,0x7cf0,0x7cf0,0x8551,0x8d92,0x8551,0x8530,0x7d10,0x8530,
  0x8551,0x7d10,0x7d10,0x74ef,0x74ef,0x8571,0x8572,0x8dd3,0x95f4,0x9614,0x9e35,0x9635,0x8df5,0x8df4,0x85d4,0x8db4,
  0x95f4,0x9e36,0x9615,0x95f5,0x8593,0x7d32,0x7d11,0x74d0,0x74b0,0x6caf,0x74b0,0x7d11,0x7d11,0x74f0,0x6cb0,0x6cb0,
  0x6c90,0x6c8f,0x6c6f,0x4b4b,0x2a68,0x3aea,0x6cd0,0x9636,0x85f5,0x8615,0x8e36,0x8615,0x8615,0x85f5,0x8615,0x85f5,
  0x8636,0x8636,0x8e36,0x8615,0x8616,0x8616,0x8616,0x7df5,0x8616,0x8616,0x8e37,0x7574,0x6512,0x8e36,0x8616,0x8616,
  0x8616,0x85f5,0x8615,0x8615,0x8615,0x8615,0x8615,0x8616,0x8616,0x8636,0x8615,0x7df5,0x85f5,0x8615,0x85f5,0x85f5,
  0x8616,0x8615,0x85f5,0x7dd4,0x85f5,0x8615,0x8616,0x8615,0x85f5,0x8615,0x8e36,0x8616,0x8616,0x8616,0x7df5,0x7dd5,
  0x8eb7,0x96d7,0x96d7,0x96d7,0x96b7,0x8e76,0x8e96,0x8e96,0x8e76,0x8656,0x8655,0x8e56,0x8e56,0x8e56,0x8635,0x8635,
  0x8635,0x8e55,0x8635,0x8635,0x8635,0x8e55,0x8e56,0x8e35,0x8615,0x8615,0x8615,0x8635,0x8635,0x8e35,0x8615,0x8e36,
  0x8e56,0x8615,0x85f4,0x8e55,0x8615,0x8614,0x8635,0x8636,0x8635,0x8635,0x8e56,0x8e56,0x8615,0x8615,0x8615,0x8615,
  0x8635,0x8635,0x8635,0x8635,0x8e56,0x8e56,0x8e36,0x8636,0x8635,0x8615,0x8636,0x8e56,0x8e56,0x8e56,0x8e56,0x8e56,
  0x8e56,0x8e36,0x8e57,0x8636,0x8636,0x8636,0x8656,0x8e56,0x8e56,0x8636,0x8636,0x8636,0x8e36,0x8e56,0x8e56,0x8e36,
  0x8636,0x8e36,0x8e36,0x8e36,0x8636,0x8636,0x8656,0x8636,0x8e56,0x8e56,0x8e56,0x8e77,0x8e56,0x8e56,0x8e56,0x7df5,
  0x7dd4,0x8e77,0x8636,0x8636,0x8e56,0x8e56,0x8e76,0x8e56,0x8e76,0x8e56,0x8e36,0x85f5,0x7d94,0x6d52,0x85d4,0x7d73,
  0x85b4,0x7d93,0x7d93,0x7db3,0x85b3,0x7d93,0x7d93,0x7552,0x7532,0x7572,0x7d52,0x7d72,0x8dd3,0x8dd3,0x8592,0x85b3,
  0x8592,0x8592,0x8592,0x8572,0x7d72,0x7d71,0x7d92,0x8e14,0x9e76,0x9e55,0x9655,0x9e76,0x9e76,0x9e96,0x9e76,0x9655,
  0x9655,0x9e75,0x9e55,0x95f4,0x8dd3,0x8572,0x8551,0x7d10,0x74af,0x7cf0,0x8d72,0x8d72,0x8551,0x8530,0x7d10,0x7d10,
  0x8531,0x7d10,0x7d10,0x7d10,0x7d10,0x7d10,0x8551,0x8572,0x8572,0x8db3,0x95f4,0x95f4,0x95f5,0x8df4,0x8db4,0x85b3,
  0x8db3,0x95f5,0x8df4,0x8db4,0x8573,0x7d52,0x7d32,0x74f1,0x6cb0,0x6caf,0x6c8f,0x74d0,0x7511,0x7d32,0x74f1,0x6cb0,
  0x74b0,0x74d1,0x7cd1,0x430a,0x2a47,0x3aea,0x53ed,0x8df5,0x8e36,0x8615,0x8636,0x8615,0x85f5,0x8615,0x8615,0x8615,
  0x8615,0x8615,0x8636,0x8636,0x8636,0x8616,0x8616,0x8616,0x8616,0x85f6,0x8e37,0x6d53,0x6d32,0x8e16,0x8e16,0x8616,
  0x8616,0x85f5,0x8615,0x85f5,0x8615,0x8636,0x8615,0x8616,0x8615,0x8616,0x85f5,0x8615,0x8615,0x8616,0x85f5,0x85f5,
  0x8615,0x85f5,0x85f5,0x85f5,0x85f5,0x85f5,0x85f5,0x8615,0x85f5,0x85f5,0x8615,0x8615,0x85f5,0x8616,0x85f5,0x7df5,
  0x8eb7,0x8e96,0x96b7,0x96b7,0x9697,0x8e76,0x8e76,0x8676,0x8655,0x8655,0x8655,0x8655,0x8655,0x8635,0x8655,0x8e56,
  0x8e55,0x8e55,0x8e55,0x8e55,0x8635,0x8e55,0x8e35,0x8635,0x8615,0x8615,0x8615,0x8635,0x8615,0x8635,0x8615,0x8e56,
  0x8e56,0x8635,0x8614,0x8e35,0x8635,0x8635,0x8636,0x8615,0x8635,0x8635,0x8e56,0x8e56,0x8635,0x8635,0x8635,0x8635,
  0x8635,0x8635,0x8635,0x8635,0x8635,0x8635,0x8635,0x8636,0x8635,0x8636,0x8e56,0x8e76,0x8e36,0x8e56,0x8e56,0x8e56,
  0x8e57,0x8e36,0x8e56,0x8e36,0x8636,0x8656,0x8e56,0x8e77,0x8e56,0x8636,0x8636,0x8636,0x8e56,0x8e77,0x8e56,0x8e56,
  0x8e56,0x8e56,0x8636,0x8636,0x8615,0x8615,0x8615,0x8636,0x8e56,0x8656,0x8e56,0x8e77,0x8656,0x8656,0x8e56,0x7df5,
  0x75b4,0x8e77,0x8656,0x8636,0x8e56,0x8e56,0x8e57,0x8e56,0x8e77,0x8e56,0x8635,0x7db4,0x7593,0x7593,0x7dd4,0x7d93,
  0x7db3,0x7d73,0x7d72,0x7d92,0x7d93,0x7d72,0x7d52,0x7531,0x7d52,0x7d52,0x7d52,0x7d72,0x8572,0x8572,0x8572,0x8572,
  0x8592,0x8572,0x7d31,0x7510,0x7d51,0x85d2,0x9614,0x9635,0x9635,0x9634,0x9e55,0x9e76,0x9655,0x9e55,0x9655,0x9e75,
  0x9e76,0x9e35,0x9614,0x7d71,0x7d51,0x7d10,0x7d10,0x74af,0x6c8e,0x7d10,0x8d92,0x8d72,0x8531,0x7cf0,0x7cf0,0x7cf0,
  0x7d10,0x8531,0x7cf0,0x7cf0,0x7d10,0x74f0,0x8531,0x8531,0x7d31,0x8572,0x8d93,0x8dd4,0x95d4,0x95f4,0x8df4,0x8db3,
  0x8572,0x8573,0x8593,0x8573,0x8593,0x8573,0x74f1,0x6cb0,0x74d0,0x6cb0,0x646f,0x648f,0x6cd0,0x74f1,0x74f1,0x74d1,
  0x6cb0,0x74d1,0x74b0,0x3ae9,0x2a47,0x32e9,0x3b2a,0x6cd0,0x85d4,0x8615,0x8615,0x8615,0x8615,0x8615,0x8635,0x8615,
  0x7df5,0x8615,0x8615,0x8e56,0x8636,0x8616,0x8616,0x8616,0x8616,0x85f5,0x8616,0x6d33,0x6d33,0x8e36,0x8e36,0x8e15,
  0x8615,0x85f5,0x7dd4,0x8615,0x8615,0x8615,0x8615,0x8615,0x8615,0x8636,0x8615,0x85f5,0x8616,0x8616,0x85f5,0x7df5,
  0x85f5,0x85f5,0x8615,0x8615,0x8615,0x8616,0x8615,0x8616,0x85f5,0x7df5,0x8615,0x8615,0x8616,0x85f5,0x8615,0x7df5,
  0x8e96,0x8e96,0x96b7,0x96b7,0x9696,0x8e76,0x8e76,0x8e76,0x8655,0x8635,0x8635,0x8e55,0x8655,0x8635,0x8655,0x8e56,
  0x8e56,0x8e56,0x8e56,0x8e55,0x8635,0x8635,0x8615,0x8635,0x8615,0x8615,0x8615,0x8615,0x8615,0x8615,0x8615,0x8635,
  0x8e56,0x8635,0x7df4,0x8635,0x8635,0x8615,0x8636,0x8615,0x8615,0x8635,0x8635,0x8635,0x8635,0x8635,0x8635,0x8635,
  0x8635,0x8635,0x8635,0x8635,0x8635,0x8615,0x8615,0x8615,0x8636,0x8e56,0x8e56,0x8e56,0x8e36,0x8e36,0x8635,0x8e36,
  0x8e36,0x8e36,0x8636,0x8e56,0x8636,0x8636,0x8656,0x8e56,0x8e56,0x8e56,0x8636,0x8636,0x8e56,0x8e56,0x8e56,0x8e56,
  0x8e56,0x8e56,0x8e56,0x8636,0x8636,0x8636,0x8635,0x8636,0x8636,0x8e56,0x8e56,0x8e56,0x8656,0x8e56,0x8e76,0x7e15,
  0x75b4,0x8e56,0x8656,0x8e56,0x8e56,0x8636,0x8e56,0x8e56,0x8e56,0x8e56,0x8635,0x7db3,0x7593,0x7593,0x7db3,0x7db3,
  0x7d93,0x7552,0x7d72,0x7d92,0x7d72,0x7d52,0x7d32,0x6cf0,0x6cd0,0x7511,0x7d72,0x8592,0x7d31,0x7d31,0x8572,0x8572,
  0x7d51,0x7511,0x74f0,0x7d31,0x8db3,0x9614,0x9634,0x9614,0x9614,0x9655,0x9e55,0x9655,0x9e75,0x9e75,0x9655,0x9e75,
  0x9e55,0x8df3,0x8592,0x7530,0x7510,0x74f0,0x74ef,0x74af,0x74cf,0x8551,0x8d72,0x8d52,0x7cf0,0x7cf0,0x7d10,0x8531,
  0x8531,0x8551,0x7d10,0x7d10,0x7cf0,0x74f0,0x7d11,0x8531,0x7d31,0x7d10,0x8531,0x8552,0x8552,0x8572,0x8dd3,0x8dd3,
  0x8573,0x7d52,0x7d32,0x7d32,0x8552,0x7d52,0x74d0,0x6cb0,0x74f0,0x6cb0,0x648f,0x646f,0x648f,0x6cb0,0x74d0,0x6cb0,
  0x6cb1,0x74d1,0x6c90,0x3ae9,0x32a8,0x3b0a,0x32e9,0x540e,0x7d93,0x85f4,0x8615,0x8615,0x8615,0x8615,0x8636,0x8615,
  0x8615,0x8615,0x8636,0x8e56,0x8636,0x8616,0x8616,0x8636,0x8616,0x85f5,0x8e36,0x6d12,0x7573,0x8e36,0x8615,0x8615,
  0x8e36,0x85f5,0x85d5,0x85f5,0x85f5,0x8615,0x8615,0x85f5,0x8615,0x8636,0x8616,0x7df5,0x85f5,0x7dd5,0x85f5,0x7dd5,
  0x7dd5,0x85f5,0x8616,0x8616,0x8616,0x8615,0x8e36,0x85f5,0x8615,0x8615,0x8615,0x8616,0x8615,0x85f5,0x7df5,0x7df5,
  0x8eb7,0x96b7,0x96d7,0x96b7,0x8e96,0x8e76,0x8e76,0x8e76,0x8e76,0x8e76,0x8e55,0x8e76,0x8e55,0x8635,0x8e55,0x8655,
  0x8655,0x8655,0x8635,0x8e35,0x8635,0x8614,0x8614,0x8e35,0x8635,0x8614,0x8615,0x8615,0x8e35,0x8615,0x8615,0x8e35,
  0x8e56,0x8615,0x85f4,0x8635,0x8635,0x8615,0x8615,0x8615,0x8636,0x8635,0x8656,0x8615,0x8635,0x8635,0x8635,0x8635,
  0x8635,0x8615,0x8635,0x8655,0x8635,0x8615,0x8635,0x8615,0x8635,0x8636,0x8e56,0x8e56,0x8e76,0x8e56,0x8e36,0x8636,
  0x8636,0x8e36,0x8e36,0x8636,0x8636,0x8636,0x8636,0x8636,0x8e56,0x8e36,0x8e36,0x8e36,0x8e36,0x8e56,0x8e56,0x8e56,
  0x8e56,0x8636,0x8e36,0x8636,0x8656,0x8636,0x8615,0x8636,0x8656,0x8e56,0x8656,0x8656,0x8e56,0x8e56,0x8e77,0x8636,
  0x7594,0x8e56,0x8e56,0x8e77,0x8e56,0x8636,0x8e56,0x8e36,0x8e55,0x8635,0x7dd4,0x7d93,0x7572,0x7db3,0x7db3,0x7d92,
  0x7552,0x7551,0x7531,0x7d52,0x7d52,0x7532,0x74f1,0x6caf,0x6cb0,0x7d11,0x7d31,0x7d52,0x7d11,0x8552,0x7d52,0x7d31,
  0x7511,0x74f1,0x7d52,0x8592,0x8df4,0x8df3,0x8df3,0x8dd3,0x8e14,0x9e55,0x9655,0x9614,0x9e75,0x9e96,0x9655,0x9614,
  0x8dd3,0x8592,0x7530,0x7d31,0x7510,0x7510,0x74f0,0x74af,0x7d10,0x8d72,0x8d72,0x8531,0x74cf,0x7cf0,0x8551,0x8d71,
  0x8d72,0x8d52,0x8531,0x7d10,0x7cf0,0x7cf0,0x7cd0,0x7d10,0x8531,0x7d11,0x8531,0x7cf0,0x7cf0,0x7d11,0x7d31,0x8593,
  0x8d93,0x8572,0x7d11,0x7d11,0x7511,0x7511,0x74f1,0x6cb0,0x6cb0,0x6cd0,0x6c8f,0x646f,0x646f,0x646f,0x6cb0,0x6cb0,
  0x6cb0,0x6cb0,0x6c90,0x3b2b,0x3b2a,0x436b,0x330a,0x542e,0x7573,0x85f5,0x85f5,0x8616,0x85f5,0x85f5,0x8615,0x8616,
  0x8616,0x8616,0x8636,0x8636,0x8616,0x8636,0x8636,0x8636,0x8616,0x85f5,0x8e57,0x6d32,0x7573,0x8e36,0x8616,0x8e16,
  0x8e36,0x8616,0x85f5,0x85f5,0x85f5,0x7df5,0x85f5,0x8616,0x85f5,0x8616,0x85f6,0x7dd5,0x85f5,0x85f5,0x7dd5,0x85f5,
  0x85f5,0x85f5,0x8615,0x8636,0x85f5,0x85f5,0x85f5,0x85f5,0x85f5,0x85f5,0x85f5,0x8615,0x85f5,0x85f5,0x7dd5,0x85f5,
  0x8e96,0x8e97,0x96b7,0x96b7,0x8e97,0x8e76,0x8e96,0x8e76,0x8e56,0x8e55,0x8e76,0x8e55,0x8e55,0x8655,0x8655,0x8635,
  0x7e14,0x7df4,0x8615,0x8614,0x8615,0x8635,0x8615,0x8615,0x85f4,0x8614,0x8615,0x8615,0x8615,0x8614,0x8635,0x8635,
  0x8e35,0x8e35,0x7df4,0x8635,0x8e35,0x85f5,0x8615,0x8635,0x8636,0x8636,0x8635,0x8615,0x8635,0x8635,0x8635,0x8635,
  0x8615,0x8635,0x8635,0x8635,0x8635,0x8615,0x8635,0x8635,0x8635,0x8e56,0x8e36,0x8e56,0x8e77,0x8e56,0x8e77,0x8e57,
  0x8e56,0x8e56,0x8e36,0x8e56,0x8656,0x8656,0x8e56,0x8e77,0x8e56,0x8e36,0x8e36,0x8e36,0x8e36,0x8636,0x8e56,0x8e77,
  0x8e56,0x8e56,0x8e56,0x8636,0x8615,0x8636,0x8656,0x8636,0x8656,0x8656,0x8e56,0x8e56,0x8e56,0x8636,0x8e77,0x8616,
  0x75b4,0x8e56,0x8e56,0x8e76,0x8656,0x8e56,0x8e36,0x8e56,0x8615,0x7dd4,0x7593,0x7572,0x7db3,0x7d93,0x7d72,0x7d52,
  0x7d52,0x7531,0x7511,0x7511,0x7d52,0x7d31,0x6c8f,0x648f,0x74f1,0x7511,0x7511,0x7511,0x74f0,0x7511,0x74f1,0x74f0,
  0x6cd0,0x7d31,0x8593,0x8db3,0x8db3,0x8db2,0x8df3,0x8df4,0x9614,0x9635,0x9635,0x9635,0x9634,0x9655,0x9655,0x85b3,
  0x7d51,0x7d51,0x74f0,0x7510,0x7d10,0x74f0,0x74f0,0x7d11,0x8552,0x8d72,0x8531,0x7cf0,0x74af,0x7d10,0x8531,0x8d72,
  0x8d51,0x8551,0x8531,0x7d10,0x74cf,0x74d0,0x74af,0x7ccf,0x7d10,0x8531,0x8531,0x7cf0,0x7cf0,0x7cf0,0x74d0,0x74f0,
  0x7d31,0x8593,0x8552,0x7511,0x7511,0x74f1,0x74d0,0x6cd0,0x6cb0,0x6cb0,0x648f,0x646f,0x644f,0x644f,0x6cb0,0x6c8f,
  0x6c90,0x74f1,0x6cd1,0x4bcd,0x646f,0x6cf1,0x64b0,0x64d1,0x6d32,0x8615,0x85f5,0x85f5,0x8615,0x85f5,0x85f5,0x8615,
  0x8616,0x8616,0x8616,0x8636,0x8616,0x8636,0x8616,0x85f5,0x8615,0x7df5,0x8e57,0x6d53,0x7574,0x8e37,0x85d5,0x8616,
  0x85f5,0x85d5,0x8616,0x85f5,0x7df5,0x85f5,0x8636,0x8616,0x85d5,0x85d5,0x85d5,0x85f5,0x8616,0x85f5,0x85f5,0x85f5,
  0x8615,0x8615,0x85f5,0x85f5,0x8616,0x8616,0x8e16,0x8616,0x85f5,0x85f5,0x85f5,0x85f5,0x85f5,0x85f5,0x7dd4,0x85f5,
  0x8e97,0x8e97,0x8e76,0x9697,0x8e76,0x8e76,0x9697,0x8e76,0x8e56,0x8e55,0x8e35,0x8635,0x8614,0x8635,0x8635,0x8635,
  0x8635,0x8615,0x8635,0x8615,0x8635,0x8635,0x8614,0x8614,0x85f4,0x85f4,0x8e35,0x8615,0x8e35,0x8635,0x8615,0x8635,
  0x8635,0x8e35,0x7df4,0x8615,0x8635,0x8e35,0x8636,0x8635,0x8615,0x8635,0x8635,0x8635,0x8635,0x8635,0x8615,0x8615,
  0x7df4,0x7e15,0x7e15,0x8615,0x8615,0x8635,0x8635,0x8e56,0x8e56,0x8e56,0x8e36,0x8e56,0x8e56,0x8e77,0x8e57,0x8e57,
  0x8e56,0x8e36,0x8e56,0x8e56,0x8e56,0x8e56,0x8e56,0x8e56,0x8636,0x8616,0x8e36,0x8e56,0x8e57,0x8e56,0x8e56,0x8e56,
  0x8e56,0x8e36,0x8636,0x8636,0x8615,0x8e56,0x8e56,0x8e56,0x8656,0x8636,0x8e56,0x8e77,0x8e56,0x8e57,0x8e57,0x8616,
  0x75b4,0x8e56,0x8e56,0x8e56,0x8e56,0x8e56,0x8635,0x8615,0x8615,0x75b3,0x7572,0x7d93,0x7d93,0x7552,0x7d52,0x7d52,
  0x7d72,0x7531,0x7511,0x7d31,0x7d32,0x6cb0,0x646f,0x6cd0,0x74d0,0x7511,0x7511,0x74f0,0x74f0,0x7511,0x7d11,0x74f0,
  0x7511,0x8572,0x8593,0x8572,0x8572,0x8592,0x9614,0x9614,0x95f4,0x9614,0x9635,0x9634,0x8e14,0x8df4,0x8dd3,0x7d51,
  0x7d31,0x7d31,0x74f0,0x74f0,0x74f0,0x7d10,0x7d10,0x8552,0x8552,0x7d10,0x7cd0,0x74af,0x7cd0,0x7d10,0x8531,0x8551,
  0x8d51,0x8551,0x8531,0x7cf0,0x7cd0,0x74af,0x748f,0x74af,0x74af,0x8511,0x8511,0x7cd0,0x7cf0,0x7cf0,0x74d0,0x74d0,
  0x6cb0,0x7d32,0x8572,0x7d32,0x7511,0x7511,0x74f0,0x6cb0,0x6cb0,0x6c8f,0x644e,0x644e,0x646f,0x646f,0x6c8f,0x648f,
  0x648f,0x6cd0,0x6490,0x53ed,0x7532,0x8df5,0x8df5,0x85f5,0x7db4,0x7dd4,0x7df5,0x8615,0x7df5,0x8615,0x8616,0x7df5,
  0x85f5,0x7df5,0x7df5,0x8616,0x8616,0x8616,0x85f5,0x7df5,0x7df5,0x7dd5,0x8616,0x6d53,0x7594,0x8e36,0x7dd5,0x85f5,
  0x85f5,0x85f5,0x85f6,0x85f5,0x85f5,0x85f5,0x8616,0x8616,0x85f5,0x85f5,0x8e36,0x8616,0x85f5,0x85f5,0x8616,0x85f5,
  0x8615,0x8615,0x85f5,0x8615,0x85f5,0x8e16,0x8615,0x85f5,0x8615,0x85f5,0x8615,0x85f5,0x85f5,0x85f5,0x85f5,0x85f5,
  0x8e97,0x96b7,0x8e76,0x8e76,0x8e97,0x8e97,0x8e76,0x8e56,0x8e56,0x8e55,0x8e55,0x8e35,0x8635,0x8635,0x8635,0x8635,
  0x8635,0x8635,0x8615,0x8615,0x8615,0x8e35,0x8635,0x8615,0x8614,0x8615,0x8615,0x8615,0x8615,0x8615,0x8635,0x8635,
  0x8635,0x8e35,0x7db3,0x8614,0x8e35,0x8635,0x8e36,0x8636,0x8615,0x8615,0x8635,0x8615,0x8635,0x8615,0x8615,0x8635,
  0x8615,0x8615,0x7df4,0x8615,0x8635,0x8635,0x8635,0x8e55,0x8e55,0x8635,0x8e56,0x8e36,0x8e56,0x8e56,0x8e36,0x8e57,
  0x8e36,0x8e56,0x8e56,0x8e36,0x8e56,0x8e56,0x8656,0x8e56,0x8616,0x8615,0x8e36,0x8e57,0x8e57,0x9677,0x8e56,0x8636,
  0x8e36,0x8636,0x8e36,0x8636,0x8615,0x8656,0x8656,0x8e56,0x8e56,0x8e56,0x8656,0x8636,0x8e56,0x8e56,0x8e56,0x8616,
  0x75b4,0x8e76,0x8e56,0x8636,0x8636,0x8656,0x8e56,0x8615,0x85f4,0x7db3,0x7572,0x7572,0x7552,0x7552,0x7531,0x7511,
  0x7d32,0x7d31,0x74f1,0x7d32,0x6cd0,0x644e,0x644e,0x74f1,0x74d0,0x7511,0x7511,0x74f0,0x74f0,0x7511,0x74f0,0x74f0,
  0x7d31,0x8572,0x8573,0x7d51,0x8552,0x8db3,0x8dd3,0x8dd3,0x8592,0x8db3,0x8dd3,0x8dd3,0x8db3,0x7d71,0x7d31,0x7510,
  0x7d11,0x7510,0x6caf,0x6caf,0x74f0,0x74f0,0x7d31,0x8572,0x7d10,0x74af,0x748f,0x74af,0x7d11,0x8551,0x8531,0x8551,
  0x8d72,0x8d72,0x8511,0x8511,0x7cf0,0x7caf,0x74af,0x74af,0x74af,0x7caf,0x7cf0,0x7cf0,0x7caf,0x748f,0x74af,0x74b0,
  0x6c6f,0x6cb0,0x7d11,0x7d31,0x7d32,0x7d11,0x74d0,0x74f1,0x74d1,0x6c8f,0x646f,0x646f,0x646f,0x644e,0x646e,0x646f,
  0x5c4e,0x6490,0x6cb0,0x5c2e,0x7511,0x85d4,0x8df5,0x8e15,0x85f5,0x85f5,0x8615,0x8615,0x8615,0x85f5,0x85f5,0x7dd5,
  0x7df5,0x8615,0x7df5,0x8616,0x8616,0x8616,0x7df5,0x8616,0x85f5,0x7df5,0x8e36,0x6532,0x7db4,0x8e36,0x85f5,0x85f5,
  0x85f5,0x8616,0x85f5,0x8616,0x85f6,0x85f6,0x85f5,0x8616,0x8e16,0x85f5,0x8e36,0x8616,0x85f5,0x8616,0x8615,0x7dd5,
  0x7dd5,0x85f5,0x85f5,0x8615,0x85f5,0x8615,0x85f5,0x85d5,0x85d5,0x85f5,0x85f5,0x85d5,0x85f5,0x85f5,0x85f5,0x7db4,
  0x8e96,0x8e96,0x8e76,0x8e96,0x8e76,0x8e97,0x8e97,0x8e56,0x8e76,0x8e55,0x8e55,0x8e55,0x8e55,0x8635,0x8635,0x8635,
  0x8635,0x8615,0x8615,0x8614,0x8635,0x8615,0x8615,0x8615,0x8614,0x8615,0x8615,0x8615,0x8615,0x8635,0x8635,0x8635,
  0x8e35,0x8e35,0x7dd4,0x85f4,0x8e35,0x8e15,0x8635,0x8e56,0x8e36,0x8615,0x8615,0x8615,0x8615,0x8615,0x7df4,0x8615,
  0x8635,0x8615,0x8615,0x8635,0x8635,0x8615,0x8615,0x8635,0x8e55,0x8635,0x8e36,0x8636,0x8e36,0x8e56,0x8e56,0x8e57,
  0x8e36,0x8e56,0x8e36,0x8e36,0x8636,0x8e56,0x8656,0x8e76,0x8636,0x8636,0x8e36,0x8e56,0x8e56,0x8e77,0x8e56,0x8e56,
  0x8e56,0x8e36,0x8e36,0x8636,0x8635,0x8e56,0x8e56,0x8636,0x8e56,0x8e76,0x8e76,0x8636,0x8636,0x8636,0x8e56,0x8636,
  0x7dd4,0x8e77,0x8e57,0x8e36,0x8636,0x8e36,0x8e36,0x85f4,0x7593,0x7572,0x7592,0x7572,0x7552,0x7531,0x7511,0x74f1,
  0x74f1,0x74f1,0x74d0,0x6cd0,0x646e,0x646f,0x6cb0,0x74d0,0x7d11,0x74f1,0x7511,0x7d31,0x7d11,0x6cd0,0x6cd0,0x7511,
  0x7d31,0x7d11,0x7d31,0x7d31,0x8572,0x8592,0x8572,0x8572,0x8572,0x8572,0x8592,0x8592,0x7d71,0x7d10,0x74f0,0x74d0,
  0x74f0,0x74cf,0x6c8e,0x6caf,0x74cf,0x7d11,0x8572,0x8531,0x74cf,0x6c8f,0x74af,0x7cf0,0x8531,0x8551,0x8551,0x8531,
  0x8531,0x8531,0x8511,0x8511,0x7cf0,0x7cd0,0x7cb0,0x74af,0x746e,0x746e,0x7caf,0x84f0,0x746e,0x6c4e,0x6c6f,0x748f,
  0x6c6f,0x642e,0x748f,0x74d0,0x7cf1,0x7cf1,0x74d0,0x74d0,0x7d11,0x7d11,0x74f0,0x74d0,0x6c8f,0x646f,0x5c4e,0x5c4e,
  0x5c4e,0x648f,0x6cd1,0x64b0,0x7532,0x7d93,0x85d4,0x7dd4,0x85f5,0x8e15,0x8615,0x85f5,0x8615,0x7dd5,0x7dd5,0x7df5,
  0x8615,0x8636,0x85f5,0x85f5,0x7df5,0x7df5,0x8616,0x7dd5,0x7df5,0x85f5,0x8636,0x6512,0x7594,0x85f5,0x85d5,0x85f5,
  0x85d5,0x85d5,0x85d5,0x85d5,0x85d5,0x85d5,0x85d5,0x85f5,0x8616,0x85d5,0x85f5,0x8615,0x8615,0x8e16,0x85f5,0x7db4,
  0x85d5,0x85f5,0x8615,0x8615,0x8615,0x8e16,0x8615,0x8615,0x85d5,0x8e16,0x8e16,0x8df5,0x8df5,0x8e16,0x8e16,0x8df5,
  0x8e96,0x8e96,0x8e97,0x8e97,0x8e96,0x8e96,0x8e97,0x8e76,0x8e76,0x8676,0x8e55,0x8e55,0x8635,0x8635,0x8635,0x8635,
  0x8635,0x8e35,0x8635,0x85f4,0x8614,0x8614,0x8614,0x7df4,0x8615,0x8615,0x8615,0x8615,0x8615,0x8e35,0x8e35,0x8e56,
  0x8e35,0x8e35,0x7dd3,0x7dd4,0x8e56,0x8615,0x8e36,0x8e36,0x8e36,0x8615,0x8615,0x8615,0x8635,0x8635,0x7df4,0x8635,
  0x8635,0x7e15,0x8615,0x8615,0x8635,0x8635,0x8635,0x8635,0x8635,0x8635,0x8635,0x8636,0x8e56,0x8e36,0x8e36,0x8e36,
  0x8e36,0x8636,0x8616,0x8636,0x8636,0x8636,0x8656,0x8656,0x8e56,0x8636,0x8636,0x8e56,0x8e56,0x8e57,0x8e56,0x8e56,
  0x8e57,0x8e56,0x8636,0x8e36,0x8635,0x8e36,0x8e56,0x8e56,0x8e56,0x8e56,0x8e56,0x8636,0x8636,0x8615,0x8e56,0x8e56,
  0x7db4,0x8e56,0x8e57,0x8e36,0x8e36,0x8636,0x85f5,0x7d93,0x6d52,0x7572,0x7572,0x7552,0x7511,0x7511,0x6cf1,0x74f0,
  0x6cd0,0x6cd0,0x74f1,0x648f,0x644e,0x644e,0x648f,0x6cd0,0x74f1,0x74f1,0x7511,0x7d11,0x74f0,0x74d0,0x74f0,0x7511,
  0x7d11,0x74f0,0x74f0,0x7d31,0x7d31,0x8551,0x7d31,0x8552,0x8d72,0x8551,0x8552,0x7d31,0x74f0,0x74d0,0x74af,0x74cf,
  0x74af,0x6c8f,0x74af,0x74f0,0x7d11,0x8552,0x8531,0x74d0,0x6c8e,0x6c6e,0x74cf,0x7cf0,0x8511,0x7d11,0x8531,0x8531,
  0x8531,0x8531,0x8531,0x8511,0x7cf0,0x7cb0,0x74af,0x748f,0x748f,0x6c4e,0x6c4e,0x7caf,0x748f,0x6c2d,0x6c2e,0x6c4f,
  0x6c6f,0x6c4e,0x642e,0x6c4e,0x74af,0x74b0,0x6cb0,0x6cb0,0x74d0,0x74f1,0x74f1,0x74f0,0x6cb0,0x646f,0x646f,0x648f,
  0x648f,0x646f,0x64b0,0x6490,0x6d11,0x7532,0x7573,0x7573,0x7573,0x8e36,0x8615,0x85f5,0x8615,0x85f5,0x85f5,0x7dd5,
  0x7dd5,0x7df5,0x85f5,0x85f5,0x8616,0x8616,0x8616,0x7dd5,0x7df5,0x8e36,0x8e36,0x6d12,0x85f5,0x8e37,0x85f5,0x8616,
  0x8616,0x8e36,0x8e16,0x85f5,0x8e16,0x8616,0x85f5,0x85f6,0x85f5,0x8615,0x85f5,0x85d5,0x7dd4,0x85f5,0x7dd4,0x7573,
  0x7553,0x7593,0x7db4,0x7593,0x7573,0x7d94,0x7573,0x7573,0x7d73,0x7d73,0x7d94,0x7d73,0x7553,0x7db4,0x7d94,0x7532,
  0x8e96,0x8e96,0x8e97,0x8e96,0x8e96,0x8e76,0x8e76,0x8e96,0x8e76,0x8e76,0x8e76,0x8e55,0x8655,0x8635,0x8635,0x8635,
  0x8615,0x8635,0x8635,0x8635,0x8615,0x8614,0x8614,0x8635,0x8635,0x8615,0x8615,0x8615,0x8e35,0x8635,0x8615,0x8615,
  0x8635,0x8e56,0x7dd4,0x85f4,0x8e35,0x8635,0x8635,0x8636,0x8615,0x8615,0x8635,0x8615,0x8635,0x8635,0x7e15,0x8615,
  0x8615,0x8615,0x8615,0x8615,0x8615,0x8635,0x8635,0x8e55,0x8635,0x8655,0x8656,0x8636,0x8635,0x8636,0x8616,0x8e36,
  0x8636,0x8616,0x8e36,0x8e56,0x8e36,0x8e56,0x8656,0x8656,0x8635,0x8636,0x8636,0x8e56,0x8e57,0x8e56,0x8e56,0x8e36,
  0x8e56,0x8e76,0x8e36,0x8615,0x8e56,0x8636,0x8636,0x8e36,0x8e36,0x8636,0x8e56,0x8e56,0x8636,0x8636,0x8e56,0x8636,
  0x7594,0x8e36,0x8e56,0x8e56,0x8e57,0x8615,0x85f5,0x7db3,0x7572,0x7552,0x7552,0x6d11,0x6d11,0x6cf1,0x6cd0,0x6cd0,
  0x6cd0,0x74d0,0x6cb0,0x646f,0x5c2d,0x5c4d,0x646e,0x6caf,0x74d0,0x74f1,0x7cf1,0x74d0,0x74d0,0x6c8f,0x6caf,0x74d0,
  0x7510,0x7d10,0x7d31,0x7510,0x74f0,0x7cf0,0x7d10,0x7d11,0x7d10,0x7d11,0x7cf0,0x74d0,0x74af,0x74af,0x6c8e,0x74af,
  0x748f,0x6c6e,0x7ccf,0x8511,0x8531,0x8531,0x74cf,0x748f,0x74af,0x74cf,0x7cf0,0x8531,0x8531,0x8531,0x8531,0x8531,
  0x7cf0,0x8511,0x8511,0x8511,0x7cf0,0x7cf0,0x74af,0x748f,0x746e,0x744e,0x6c4e,0x6c2d,0x7c8f,0x6c2e,0x63ec,0x6c2e,
  0x640d,0x640d,0x6c0e,0x63ed,0x6c4e,0x748f,0x7490,0x6c8f,0x7490,0x6c8f,0x74b0,0x74d1,0x74d0,0x74d0,0x646f,0x646f,
  0x5c4e,0x5c4e,0x646f,0x648f,0x6cd0,0x7511,0x6d11,0x7552,0x6d12,0x6d32,0x7573,0x7553,0x7573,0x7593,0x7db4,0x7d94,
  0x7db4,0x7db4,0x7dd4,0x7dd5,0x85d5,0x7d94,0x7db4,0x7dd5,0x7db4,0x7db4,0x64f1,0x4c0e,0x7553,0x7d94,0x7553,0x6d32,
  0x6d32,0x64f1,0x5cb0,0x64f1,0x64d1,0x6d12,0x64d1,0x5cd0,0x64d1,0x64f1,0x64b0,0x5c90,0x546f,0x5c90,0x5c6f,0x546f,
  0x546f,0x548f,0x5c90,0x548f,0x5c90,0x64d1,0x64f1,0x64f1,0x64f1,0x6d12,0x6d32,0x7533,0x6d12,0x5c90,0x4c0e,0x7d73,
  0x8e96,0x8e96,0x8e97,0x8e96,0x8e96,0x8e96,0x8e96,0x8e96,0x8676,0x8655,0x8e55,0x8635,0x8635,0x8635,0x8635,0x8635,
  0x8615,0x8615,0x8635,0x8615,0x8615,0x8614,0x8614,0x8615,0x8635,0x8615,0x8615,0x8e15,0x8e35,0x8635,0x8615,0x8615,
  0x8635,0x8e36,0x7dd4,0x7dd4,0x8635,0x8635,0x8635,0x8635,0x8615,0x8615,0x8635,0x8615,0x8635,0x8615,0x8615,0x8615,
  0x8615,0x85f5,0x8615,0x8615,0x8615,0x8635,0x8615,0x8635,0x8655,0x8635,0x8635,0x8635,0x8636,0x8636,0x8636,0x8636,
  0x8636,0x8e36,0x8636,0x8e56,0x8635,0x8636,0x8656,0x8e56,0x8e56,0x8636,0x8636,0x8e36,0x8e56,0x8e56,0x8e56,0x8e36,
  0x8e56,0x8e56,0x8e56,0x8e56,0x8e56,0x8636,0x8636,0x8e56,0x8636,0x8e36,0x8e36,0x8636,0x8636,0x8e56,0x8e56,0x8e36,
  0x7594,0x8615,0x8615,0x8636,0x8616,0x8615,0x85d4,0x7573,0x7552,0x6d31,0x6d31,0x6d11,0x6d11,0x6cd0,0x6cb0,0x6c8f,
  0x6cb0,0x646f,0x6c8f,0x644e,0x53ec,0x646e,0x6caf,0x6caf,0x74d0,0x7cf1,0x74f1,0x7cf1,0x74b0,0x74af,0x74af,0x74d0,
  0x7d11,0x7d10,0x74f0,0x74d0,0x74cf,0x7cd0,0x7cd0,0x74af,0x74af,0x7cd0,0x74af,0x6c4e,0x6c6e,0x6c4e,0x642d,0x6c6e,
  0x748f,0x746e,0x7cf0,0x8531,0x8511,0x74af,0x6c6e,0x748f,0x7cd0,0x84f1,0x8511,0x8552,0x8531,0x7d10,0x7d10,0x8531,
  0x8511,0x8531,0x8511,0x7cf0,0x7cd0,0x7cd0,0x74af,0x748f,0x6c4e,0x6c2e,0x744e,0x6c0d,0x6c2e,0x744e,0x63ec,0x5bcc,
  0x63cc,0x63ed,0x6c0d,0x63cc,0x640d,0x6c4e,0x6c4f,0x6c4f,0x6c6f,0x6c6f,0x6c4f,0x6c6f,0x74b0,0x74b0,0x646f,0x5c2e,
  0x5c2e,0x644e,0x646f,0x648f,0x6cd0,0x6cd0,0x5c8f,0x544e,0x544f,0x544e,0x2b2a,0x43ed,0x64f1,0x64f1,0x6511,0x7553,
  0x7552,0x6d32,0x7573,0x7553,0x5c90,0x5470,0x5cb0,0x64f1,0x5cb1,0x5c90,0x4c0e,0x4c0e,0x5cb0,0x5cb1,0x64d1,0x5cb1,
  0x5c90,0x5cb0,0x5cb0,0x64d1,0x64f1,0x6d32,0x6512,0x6d12,0x7553,0x7573,0x7573,0x7553,0x7553,0x7573,0x7573,0x7d94,
  0x7d94,0x7db4,0x85d5,0x85f5,0x85f5,0x85f5,0x85f5,0x85d5,0x85f5,0x85d5,0x85f5,0x85f5,0x85f5,0x6d32,0x5cb0,0x8e16,
  0x8e76,0x8e76,0x8e76,0x8e97,0x8e76,0x8e76,0x8e76,0x8e96,0x8e96,0x8e56,0x8655,0x8635,0x8635,0x8635,0x8635,0x8635,
  0x8614,0x8615,0x8635,0x8635,0x8635,0x8615,0x8614,0x8614,0x8614,0x8615,0x8e35,0x8615,0x8e35,0x8635,0x8615,0x8615,
  0x8615,0x8e35,0x7dd4,0x7db3,0x8615,0x8635,0x8635,0x8615,0x8615,0x8615,0x8615,0x8615,0x8615,0x8615,0x8615,0x8615,
  0x8615,0x8615,0x8635,0x8635,0x8635,0x8615,0x85f4,0x8635,0x8635,0x8635,0x8635,0x8615,0x8635,0x8e56,0x8636,0x8e56,
  0x8636,0x8e36,0x8636,0x8e56,0x8635,0x8635,0x8e56,0x8656,0x8e56,0x8636,0x8636,0x8e57,0x8e57,0x8e77,0x8e56,0x8e36,
  0x8e56,0x8e36,0x8636,0x8e56,0x8e56,0x8e36,0x8e56,0x8e56,0x8e56,0x8e36,0x8e36,0x8615,0x8e36,0x8636,0x8e56,0x8636,
  0x6d73,0x7df5,0x8636,0x8615,0x85f5,0x7dd4,0x7d93,0x7532,0x6d31,0x6d11,0x7531,0x7532,0x7511,0x6cd0,0x648f,0x648f,
  0x6c6f,0x6c8f,0x642e,0x53cc,0x5c0c,0x5c2d,0x646e,0x6c8f,0x74b0,0x7cf1,0x74d0,0x6c8f,0x6c6e,0x6c8f,0x74af,0x7cf0,
  0x7cf1,0x74af,0x6c8f,0x74d0,0x74d0,0x74af,0x748f,0x748f,0x74af,0x6c6e,0x6c4e,0x642d,0x640d,0x642d,0x6c4e,0x748f,
  0x74af,0x74af,0x84f0,0x7cd0,0x748f,0x6c6e,0x6c6e,0x74af,0x7cf0,0x84f1,0x8511,0x8531,0x8511,0x7d11,0x7cf0,0x7cf0,
  0x7cf0,0x7d11,0x7cf0,0x7cd0,0x7cd0,0x7caf,0x7caf,0x748f,0x6c4e,0x6c2d,0x6c2d,0x6c2e,0x6c0d,0x6c2e,0x744e,0x63cc,
  0x5bac,0x63cc,0x5bac,0x5b8c,0x63ed,0x6c2e,0x640e,0x6c4f,0x6c2e,0x6c4f,0x640d,0x640e,0x6c4e,0x6c6f,0x644e,0x642e,
  0x5c0d,0x5c2e,0x644e,0x646f,0x6cb0,0x6cf1,0x7552,0x6d31,0x64d0,0x6d32,0x6d32,0x6d53,0x7dd4,0x7db4,0x7dd4,0x85d5,
  0x85d5,0x85f5,0x8615,0x7dd5,0x7594,0x7dd5,0x85f6,0x85f5,0x85f5,0x85d5,0x8e16,0x85f5,0x85f5,0x85f5,0x85f5,0x7db4,
  0x7dd5,0x8616,0x85f5,0x85f5,0x8e36,0x85f6,0x85f5,0x8615,0x8615,0x8615,0x8e16,0x8e16,0x85f5,0x8615,0x85f5,0x8615,
  0x85d5,0x7dd4,0x85d5,0x85f5,0x85f5,0x85d5,0x85f5,0x85d5,0x7dd5,0x7dd5,0x85d5,0x7db5,0x8df5,0x6d12,0x5c8f,0x85b4,
  0x8656,0x8e56,0x8e56,0x8e77,0x8e76,0x8e76,0x8e76,0x8e96,0x8e55,0x8e76,0x8e76,0x8655,0x8635,0x8635,0x8615,0x8614,
  0x8615,0x8615,0x8635,0x8615,0x8615,0x8614,0x8615,0x8615,0x85f4,0x8614,0x8614,0x8615,0x8e35,0x8614,0x8615,0x8e35,
  0x8635,0x8635,0x8615,0x6d72,0x8e35,0x8635,0x8615,0x85f5,0x8615,0x8635,0x8615,0x8615,0x8615,0x8615,0x8615,0x8635,
  0x8615,0x8615,0x8615,0x8615,0x8635,0x8615,0x8614,0x8615,0x8635,0x8635,0x8635,0x8e35,0x8e36,0x8e36,0x8e36,0x8636,
  0x8636,0x8636,0x8635,0x8635,0x8635,0x8e55,0x8656,0x8635,0x8635,0x8635,0x8615,0x8e56,0x8e56,0x8e57,0x8e36,0x8e56,
  0x8636,0x8636,0x8e36,0x8e56,0x8e56,0x8e56,0x8e56,0x8e56,0x8e56,0x8e36,0x8e36,0x8635,0x8e36,0x8e76,0x8e77,0x8e56,
  0x7db4,0x8636,0x8636,0x8615,0x85f5,0x7593,0x7552,0x6d11,0x6d11,0x6cf1,0x6cf1,0x7511,0x6cf0,0x6caf,0x646f,0x646f,
  0x646f,0x644e,0x5bed,0x53ab,0x53ec,0x642d,0x642d,0x74af,0x74d0,0x74b0,0x6c8f,0x6c8f,0x6c6f,0x748f,0x74b0,0x7cd1,
  0x74d0,0x6c8f,0x6c6f,0x748f,0x748f,0x748f,0x6c4e,0x6c4e,0x746e,0x6c4e,0x6c4e,0x640d,0x640d,0x6c2d,0x6c6e,0x748f,
  0x748f,0x7cd0,0x7caf,0x74af,0x6c6e,0x6c4e,0x748f,0x7cf0,0x8511,0x8511,0x7cf0,0x7cf0,0x7cf1,0x8511,0x7cf0,0x7cf0,
  0x8511,0x7cf0,0x7cf0,0x7cf0,0x7cd0,0x7caf,0x74af,0x748f,0x746e,0x6c0d,0x6c2d,0x6c0d,0x63ed,0x6c0d,0x742e,0x63cd,
  0x5bac,0x5bac,0x5b8b,0x5b8b,0x5b8c,0x63ed,0x640d,0x640e,0x6c0e,0x640e,0x640e,0x63ed,0x5bcc,0x5bed,0x644e,0x644e,
  0x5c2e,0x5c2e,0x644e,0x646f,0x64af,0x6cf1,0x7d93,0x85f4,0x8e15,0x8e15,0x8e15,0x8e36,0x8615,0x85f5,0x7dd5,0x85f5,
  0x85f5,0x8615,0x8616,0x8616,0x85f5,0x8616,0x85f5,0x85f5,0x85d5,0x8616,0x8e36,0x85f5,0x7dd5,0x7df5,0x7dd5,0x7dd5,
  0x7dd4,0x7df5,0x7df5,0x7dd5,0x7df5,0x7db4,0x85f5,0x85f5,0x85f5,0x85f5,0x85f5,0x85f5,0x85f5,0x7dd4,0x7df5,0x85f5,
  0x8615,0x85f5,0x7dd4,0x85f5,0x85d5,0x85f5,0x85f5,0x7db5,0x85d5,0x85f5,0x85d5,0x7dd5,0x85f5,0x6cf1,0x64b0,0x8df5,
  0x8635,0x8e55,0x8e56,0x8e76,0x8e76,0x8e76,0x9697,0x8e76,0x8e56,0x8e56,0x8635,0x8635,0x8635,0x8635,0x8635,0x8614,
  0x8635,0x8635,0x8635,0x8615,0x7df4,0x8614,0x85f4,0x8614,0x8614,0x8614,0x8614,0x8615,0x8614,0x8614,0x7df4,0x8615,
  0x8615,0x8615,0x85f4,0x6511,0x8615,0x8615,0x7dd4,0x8615,0x8615,0x85f5,0x8615,0x8e35,0x8615,0x8615,0x8615,0x8635,
  0x8615,0x85f4,0x8614,0x8614,0x8614,0x85f4,0x85f4,0x8615,0x8e76,0x8e56,0x8e56,0x8e56,0x8e56,0x8e36,0x8e56,0x8e56,
  0x8e56,0x8635,0x8635,0x8635,0x8635,0x8635,0x8e56,0x8635,0x8635,0x8636,0x8635,0x8e56,0x8e77,0x8e56,0x8e56,0x8e56,
  0x8e36,0x8e36,0x8e56,0x8e56,0x8636,0x8615,0x8e56,0x8635,0x8615,0x8e36,0x8e56,0x8e56,0x8615,0x8615,0x8615,0x7df5,
  0x6511,0x7dd4,0x7dd4,0x75b3,0x7593,0x6d52,0x6d32,0x6d11,0x7511,0x7531,0x74f1,0x6cb0,0x6cb0,0x648f,0x646e,0x646f,
  0x6c8f,0x5c2e,0x53ac,0x53ab,0x53ab,0x644e,0x748f,0x74af,0x748f,0x6c6f,0x644e,0x6c4e,0x6c4e,0x6c6f,0x7cb0,0x7cb0,
  0x748f,0x642e,0x6c4e,0x748f,0x6c4e,0x6c4e,0x746e,0x6c4e,0x6c2e,0x6c4e,0x6c2d,0x640d,0x6c2d,0x6c4e,0x746e,0x746f,
  0x748f,0x74af,0x748f,0x6c6e,0x6c6e,0x6c6e,0x7cd0,0x7cf0,0x7cf0,0x7cf0,0x7cf0,0x7cd0,0x7cf1,0x7cf1,0x7cf0,0x7cd0,
  0x84f0,0x7cf0,0x7cd0,0x7cd0,0x74af,0x748f,0x746f,0x748f,0x748f,0x744e,0x6c0d,0x63ed,0x63ed,0x63cd,0x6bed,0x6bed,
  0x63cc,0x5b6b,0x5b6b,0x5b6b,0x534a,0x536b,0x5bac,0x63cc,0x6c0e,0x6c2e,0x6c2e,0x6c2e,0x63ed,0x5bcc,0x5bed,0x642e,
  0x644e,0x5c0e,0x5c0e,0x646f,0x6cb0,0x64b0,0x7552,0x85d4,0x85b3,0x85f5,0x85f5,0x85f5,0x85f5,0x7dd4,0x7dd4,0x7dd4,
  0x85f5,0x85f5,0x8615,0x8616,0x7dd5,0x7dd5,0x8616,0x7dd5,0x7dd5,0x85f5,0x7dd5,0x8616,0x8616,0x85f5,0x7db4,0x7dd5,
  0x7dd5,0x7dd4,0x85f5,0x7dd4,0x7dd4,0x7df5,0x85f5,0x85f5,0x85f5,0x85f5,0x85d5,0x7dd5,0x85f5,0x7dd4,0x85f5,0x7df5,
  0x7df5,0x7dd5,0x7dd4,0x85d5,0x85f5,0x7dd5,0x7dd5,0x85f5,0x7dd5,0x85f5,0x85d5,0x85d5,0x85f5,0x5c6f,0x64d0,0x8e15,
  0x8635,0x8e55,0x8e76,0x8e76,0x8e76,0x8e56,0x8e76,0x8e76,0x8e76,0x8656,0x8e56,0x8656,0x8655,0x8e55,0x8e55,0x8e35,
  0x8e35,0x8615,0x8e35,0x8615,0x85f4,0x8615,0x85f4,0x85f4,0x85f4,0x8615,0x8615,0x8635,0x8614,0x8615,0x8e35,0x8615,
  0x8615,0x8615,0x8e15,0x5cb0,0x7dd4,0x8e36,0x7dd4,0x8e15,0x8e15,0x8e36,0x8635,0x8635,0x8e35,0x8e56,0x8e76,0x8e36,
  0x8635,0x8615,0x85f5,0x8635,0x8e35,0x8e55,0x8e56,0x9676,0x8e35,0x8e35,0x8635,0x8e56,0x8e56,0x8e35,0x8615,0x8635,
  0x8635,0x8635,0x8635,0x8e35,0x8635,0x8635,0x7e15,0x8635,0x8635,0x7df4,0x7df5,0x8615,0x8615,0x8615,0x8635,0x8615,
  0x8615,0x8615,0x85f5,0x8615,0x7593,0x7593,0x85f5,0x7dd4,0x7df4,0x8615,0x7df5,0x7df5,0x7df4,0x7593,0x7df4,0x7593,
  0x5d11,0x6d72,0x75b3,0x6d72,0x7572,0x6d32,0x6d32,0x6d11,0x7511,0x74f1,0x6cb0,0x648f,0x646f,0x646e,0x5c2e,0x5c4e,
  0x646f,0x642e,0x4b4a,0x4b6b,0x5c0d,0x6c8f,0x7cd0,0x74af,0x6c8e,0x642d,0x640d,0x640d,0x642d,0x746e,0x748f,0x746f,
  0x6c4e,0x6c4e,0x746e,0x6c6e,0x6c2d,0x6c2e,0x6c4e,0x6c2d,0x6c0d,0x6c0d,0x6c0d,0x6c2d,0x744e,0x6c4e,0x744e,0x746e,
  0x748f,0x74af,0x74af,0x6c6e,0x6c6e,0x74af,0x7cd0,0x7cd0,0x7cf0,0x7cf0,0x7cd0,0x7cf0,0x7cf1,0x7cf0,0x7cf0,0x7caf,
  0x7cf0,0x7cf0,0x7cd0,0x74af,0x7caf,0x7caf,0x746f,0x746e,0x746e,0x744e,0x6c0d,0x6c0d,0x63ed,0x6bed,0x6bed,0x6bed,
  0x6bed,0x638b,0x5b4a,0x532a,0x4ae9,0x4ae9,0x536a,0x5b8b,0x63ed,0x6c0e,0x640e,0x6c2e,0x6c2e,0x5bed,0x5bcd,0x640d,
  0x6c4e,0x642e,0x5c2e,0x644e,0x648f,0x6cd0,0x7552,0x85d3,0x85f4,0x85d4,0x85d4,0x7dd4,0x7dd4,0x7dd4,0x7dd4,0x7df5,
  0x8615,0x8615,0x8615,0x7dd5,0x7df5,0x85f5,0x7df5,0x7df5,0x7df5,0x7dd5,0x85f5,0x85f5,0x85f5,0x85f5,0x7df5,0x85f5,
  0x7df5,0x7df5,0x7dd4,0x7dd4,0x7dd4,0x7df5,0x7dd5,0x85f5,0x85f5,0x85d5,0x85f5,0x7dd4,0x7dd4,0x85d5,0x85f5,0x85f5,
  0x85f5,0x7dd4,0x7dd4,0x7dd5,0x85f5,0x85f5,0x7dd5,0x85f5,0x7df5,0x7dd5,0x7db5,0x85d5,0x85f5,0x5c6f,0x64d0,0x8df5,
  0x7dd3,0x8614,0x8e56,0x8e35,0x8615,0x8e56,0x8e35,0x8e55,0x8e76,0x8635,0x8635,0x8656,0x8635,0x8635,0x8635,0x8e56,
  0x8635,0x8615,0x8615,0x8e35,0x8e35,0x8615,0x85f4,0x7dd4,0x7dd4,0x7dd4,0x8615,0x85f4,0x7df4,0x85f4,0x85f5,0x85d4,
  0x7dd4,0x7593,0x6d11,0x43ed,0x64d0,0x7573,0x7db4,0x7573,0x7573,0x7552,0x7552,0x7572,0x7572,0x7572,0x6d32,0x6d52,
  0x7dd4,0x7dd4,0x6d52,0x7572,0x7593,0x6d31,0x6510,0x6d52,0x6d52,0x6d52,0x7593,0x6d72,0x7593,0x7593,0x7593,0x6d52,
  0x6d72,0x7593,0x7592,0x5cf0,0x64f0,0x7593,0x6d52,0x7dd4,0x8615,0x7dd4,0x7dd4,0x85f5,0x7df4,0x7df4,0x8615,0x7df4,
  0x8615,0x8615,0x85f5,0x8615,0x7db4,0x7dd4,0x8615,0x85f5,0x8615,0x8635,0x8615,0x8615,0x8e35,0x8615,0x8635,0x8615,
  0x7dd4,0x7df4,0x7593,0x7593,0x7552,0x6d11,0x6d11,0x6cf1,0x6cd0,0x64b0,0x646f,0x5c4e,0x646f,0x5c4e,0x53ed,0x5c2e,
  0x644e,0x5c0d,0x4b8b,0x53ac,0x642d,0x748f,0x74af,0x6c8e,0x642d,0x5c0c,0x5bcc,0x5bcc,0x63ec,0x746e,0x746e,0x6c4e,
  0x6c4e,0x6c2e,0x6c2e,0x640d,0x6c2d,0x6c2e,0x6c2d,0x6c2d,0x6c0d,0x6c0d,0x6c0d,0x6c4e,0x6c2d,0x6c2d,0x6c2d,0x6c4e,
  0x6c4e,0x748f,0x748f,0x6c6e,0x6c6e,0x74af,0x7cd0,0x7cd0,0x7cd0,0x7cd0,0x7cd0,0x7cd0,0x7cd0,0x7cd0,0x7cd0,0x7ccf,
  0x7cd0,0x7caf,0x7cd0,0x7caf,0x7caf,0x748f,0x748f,0x744e,0x744e,0x6c0d,0x6c0d,0x6bed,0x6bed,0x63cd,0x6bed,0x6bcc,
  0x638b,0x638b,0x5b6b,0x532a,0x4ae9,0x42c8,0x4ac8,0x4b29,0x5b6b,0x5bac,0x5bac,0x640d,0x640d,0x640e,0x5bed,0x5bed,
  0x640d,0x642e,0x644e,0x5c4e,0x646f,0x64b0,0x7531,0x85b3,0x85d4,0x85f4,0x85d4,0x7dd4,0x7dd5,0x7dd4,0x7df4,0x7df4,
  0x7df5,0x7dd5,0x7df5,0x7dd5,0x7df5,0x85f5,0x85f5,0x7dd5,0x85f5,0x85f5,0x7df5,0x7dd5,0x85f5,0x85f5,0x7df5,0x85f5,
  0x7df5,0x85f5,0x7dd4,0x85f5,0x7dd4,0x85f5,0x7dd4,0x85f5,0x7dd4,0x85f5,0x7dd4,0x7dd4,0x85d5,0x7dd4,0x85f5,0x85f5,
  0x7dd5,0x7dd4,0x75b4,0x7dd5,0x8616,0x8616,0x85f5,0x8616,0x85f5,0x7dd5,0x7db4,0x7dd5,0x85d5,0x5c8f,0x6d12,0x8df5,
  0x6531,0x6d51,0x7592,0x7572,0x6d31,0x7592,0x75b3,0x6d52,0x7572,0x6d72,0x7dd3,0x7dd4,0x7593,0x6d72,0x6511,0x6d52,
  0x6531,0x7593,0x6511,0x75b3,0x7db3,0x64d0,0x544e,0x544e,0x546e,0x64f0,0x5cd0,0x4c2e,0x5c8f,0x5cd0,0x6d52,0x8615,
  0x7593,0x546e,0x4c2e,0x546f,0x5cb0,0x5cb0,0x6d12,0x5cb0,0x5c8f,0x5c8f,0x5c8f,0x5cb0,0x548f,0x546e,0x5caf,0x6511,
  0x7dd4,0x85f4,0x75b3,0x7572,0x7592,0x6d52,0x64f0,0x6d31,0x85d4,0x85f4,0x7dd4,0x85f4,0x8615,0x85f5,0x8e35,0x8615,
  0x85f4,0x85f4,0x85f4,0x7db3,0x7db3,0x85f4,0x7593,0x85f5,0x8615,0x7df4,0x85f5,0x85f5,0x85f4,0x7df4,0x8614,0x7df4,
  0x7df4,0x8614,0x85f4,0x85f5,0x8615,0x85f5,0x85f4,0x7df4,0x7df5,0x8615,0x8615,0x8615,0x85f4,0x7dd4,0x7dd3,0x7db3,
  0x7dd4,0x7db3,0x7572,0x7592,0x7572,0x6d11,0x6d11,0x6cd1,0x64b0,0x648f,0x646f,0x5c4e,0x644e,0x5c0d,0x5bed,0x5c2d,
  0x642d,0x5bcc,0x538c,0x640d,0x6c6e,0x748f,0x748f,0x642d,0x5c0c,0x5bcc,0x5bac,0x538b,0x63ec,0x6c4e,0x6c4e,0x642d,
  0x6c2d,0x6c2d,0x5bcc,0x63ec,0x6c2e,0x6c2e,0x6c0d,0x6c0d,0x6c0d,0x63ed,0x63cc,0x63cc,0x63ed,0x640d,0x6c2d,0x6c4e,
  0x6c6e,0x748f,0x748f,0x748f,0x748f,0x748f,0x74af,0x7cd0,0x7cd0,0x7caf,0x748f,0x748f,0x7cb0,0x7cb0,0x74af,0x748f,
  0x74af,0x74af,0x7caf,0x748f,0x746e,0x744e,0x746e,0x746e,0x742e,0x6bed,0x63ec,0x63cc,0x6c0d,0x63cd,0x63ac,0x638c,
  0x5b6b,0x5b6b,0x5b6b,0x5b4a,0x4b09,0x42c8,0x42a8,0x42c8,0x4b0a,0x534a,0x538b,0x5bcd,0x63ed,0x640d,0x640d,0x640e,
  0x5bec,0x644e,0x646e,0x644e,0x648f,0x648f,0x6cd0,0x7d93,0x85d4,0x85f4,0x7dd4,0x7dd4,0x85f5,0x85f5,0x7dd4,0x7df4,
  0x7df5,0x7dd5,0x7dd5,0x85f5,0x7df5,0x7df5,0x85f5,0x85f5,0x7dd5,0x7dd5,0x7dd4,0x7dd5,0x85f5,0x85f5,0x7dd4,0x85f5,
  0x85f5,0x85f5,0x85f5,0x85f5,0x7dd4,0x85d4,0x7dd4,0x85f5,0x85d4,0x7dd4,0x85f4,0x7dd4,0x85d4,0x85f4,0x7df4,0x7dd4,
  0x7dd4,0x7dd5,0x7dd5,0x7df5,0x85f5,0x85f5,0x85d5,0x85f5,0x7df5,0x7df5,0x7db4,0x7db4,0x7db4,0x5c6f,0x7552,0x8e15,
  0x7dd3,0x85f4,0x7dd4,0x85f4,0x8614,0x8615,0x8615,0x85f4,0x85f4,0x7593,0x85f4,0x8e56,0x8615,0x7df4,0x75b3,0x7dd4,
  0x75b3,0x8615,0x7593,0x7df4,0x85f4,0x7572,0x6d31,0x7572,0x7592,0x7db3,0x7d93,0x7db3,0x85f4,0x85f4,0x8615,0x8e35,
  0x8615,0x7dd4,0x85f4,0x85d4,0x8e35,0x85f5,0x85d4,0x85d4,0x85d4,0x85f5,0x85f4,0x85d4,0x85f4,0x85f4,0x85f4,0x8614,
  0x85f4,0x85f4,0x7df4,0x8615,0x8614,0x8614,0x85f4,0x8614,0x8614,0x8614,0x8615,0x8615,0x85f5,0x8615,0x85f5,0x85f5,
  0x85f4,0x85f4,0x85f4,0x85f4,0x8e35,0x8e35,0x7593,0x7dd4,0x7dd4,0x7dd4,0x7dd4,0x7dd4,0x7dd4,0x7dd4,0x7df4,0x7dd4,
  0x7df4,0x85f4,0x85f5,0x7dd4,0x8615,0x8615,0x7df4,0x7df4,0x7dd4,0x85f5,0x8614,0x7df4,0x85f4,0x85f4,0x85f4,0x85d4,
  0x7dd4,0x7593,0x7572,0x6d31,0x6d31,0x6cf1,0x6cd0,0x6cb0,0x648f,0x5c4e,0x644e,0x5c0d,0x5c2e,0x5c2d,0x5bed,0x5c0d,
  0x5bed,0x538b,0x4b4a,0x5bec,0x748f,0x748f,0x642d,0x640d,0x5bcc,0x5bac,0x538b,0x5bab,0x63ec,0x63ed,0x640d,0x640d,
  0x63ec,0x640d,0x640d,0x6c4e,0x6c4e,0x6c4e,0x6c2e,0x63ed,0x5bcc,0x5bab,0x5b8b,0x5b8b,0x5bab,0x63cc,0x640d,0x6c4e,
  0x6c4e,0x746e,0x748f,0x746e,0x746f,0x748f,0x7caf,0x7caf,0x748f,0x748f,0x748f,0x748f,0x7cb0,0x748f,0x748f,0x748f,
  0x746e,0x7caf,0x748f,0x746f,0x746f,0x746e,0x6c2e,0x6c2e,0x6c0d,0x6bed,0x63cc,0x63cc,0x63cc,0x63ac,0x638c,0x5b6b,
  0x5b6b,0x638b,0x5b6b,0x532a,0x4ae9,0x4ae9,0x42a8,0x42a8,0x3a87,0x3a88,0x4b09,0x5b8b,0x5bcd,0x63ed,0x63ed,0x63ed,
  0x5bcc,0x5c0d,0x5c2d,0x642e,0x644e,0x648f,0x648f,0x7532,0x85d4,0x85d4,0x85d4,0x7dd4,0x85f5,0x7dd5,0x7dd4,0x7dd4,
  0x7df5,0x7dd4,0x7dd5,0x7dd5,0x7dd5,0x7dd5,0x85f5,0x7dd5,0x7dd5,0x7dd5,0x7dd4,0x7dd5,0x7dd5,0x7dd5,0x7dd5,0x7dd4,
  0x7dd4,0x7dd4,0x7dd4,0x7df5,0x7dd4,0x7dd4,0x85f5,0x7dd4,0x7dd4,0x7dd4,0x7dd4,0x7dd4,0x85d4,0x85d4,0x85d4,0x7dd4,
  0x85f5,0x7db4,0x7dd4,0x7dd4,0x7dd5,0x85d5,0x7dd5,0x7dd5,0x7df5,0x8615,0x85f5,0x85f5,0x7db4,0x544f,0x7573,0x8e15,
  0x8614,0x8e35,0x8e55,0x8e76,0x9696,0x8e55,0x9676,0x8e35,0x9676,0x7572,0x6d51,0x8e35,0x8615,0x8615,0x8635,0x8635,
  0x8615,0x7df4,0x85f4,0x85f4,0x85f4,0x7dd4,0x8615,0x8e35,0x8614,0x8615,0x8614,0x7dd4,0x7dd4,0x8615,0x7dd4,0x7dd4,
  0x85f4,0x8615,0x8615,0x85d4,0x85f4,0x7dd4,0x7dd4,0x7dd4,0x85f4,0x85f4,0x7df4,0x8614,0x7df4,0x7db3,0x7db3,0x7dd4,
  0x7dd3,0x7dd3,0x7db3,0x7dd4,0x7dd3,0x7dd4,0x7dd3,0x7dd3,0x85f4,0x8614,0x85f4,0x85f4,0x85f4,0x85f5,0x85f5,0x7dd4,
  0x7dd4,0x85f4,0x85f4,0x7dd4,0x85f4,0x8e35,0x7572,0x7593,0x7dd4,0x7dd4,0x7dd4,0x7dd4,0x85f4,0x7df4,0x85f5,0x8615,
  0x7df4,0x85f5,0x85d4,0x85f5,0x85f4,0x85f4,0x85f4,0x7df4,0x7df4,0x7df4,0x7dd4,0x7dd4,0x85f4,0x7dd4,0x8615,0x85d4,
  0x7d92,0x7d93,0x7531,0x6d11,0x6d11,0x64b0,0x648f,0x648f,0x646f,0x644f,0x5c2e,0x5c0d,0x642e,0x5c0d,0x5bed,0x640e,
  0x640d,0x538b,0x538b,0x640d,0x6c6e,0x6c4e,0x63ec,0x63ec,0x5bab,0x538b,0x536b,0x5b8b,0x63ec,0x63ec,0x5bcc,0x5bcc,
  0x5bab,0x5bcc,0x640d,0x6c0d,0x6c2d,0x640d,0x63ed,0x5b8b,0x536a,0x5b8b,0x5bab,0x5bab,0x5bab,0x63ec,0x6c2d,0x6c2d,
  0x6c2d,0x6c4e,0x6c4e,0x6c4e,0x746e,0x746e,0x748f,0x7c8f,0x748f,0x748f,0x748f,0x748f,0x748f,0x748f,0x748f,0x748e,
  0x6c4e,0x748f,0x746f,0x744e,0x744e,0x744e,0x6c0d,0x6c2d,0x6c0d,0x63ed,0x63cc,0x63ac,0x5b8b,0x63ac,0x63ac,0x5b6b,
  0x5b6b,0x5b6b,0x534a,0x4b09,0x4b09,0x4ac9,0x4288,0x4287,0x3a87,0x3a67,0x3a87,0x42c8,0x4b2a,0x538c,0x5bcd,0x640d,
  0x642e,0x5bed,0x5c0d,0x5bed,0x5c0d,0x6c8f,0x646f,0x6cf1,0x85b4,0x85d4,0x85d4,0x7dd4,0x7db4,0x7dd4,0x7dd4,0x7db4,
  0x7dd4,0x7db4,0x7db5,0x7db5,0x7db5,0x7dd5,0x7df5,0x85f5,0x7df5,0x7dd5,0x7dd5,0x7df5,0x7dd5,0x7df5,0x7dd5,0x7df5,
  0x7df5,0x7df5,0x7dd4,0x85f5,0x85f5,0x7db4,0x85d4,0x7db4,0x85f4,0x85d4,0x7dd4,0x7dd4,0x7db4,0x7dd4,0x7db4,0x7db4,
  0x7db4,0x85f5,0x7dd5,0x7dd4,0x85f5,0x85f5,0x7dd5,0x7db4,0x7dd5,0x7dd5,0x85f5,0x85f5,0x7593,0x4c0e,0x7d93,0x85f5,
  0x85f4,0x8e35,0x8e55,0x8e35,0x8e35,0x8635,0x8635,0x8614,0x8e55,0x7592,0x6d31,0x8e35,0x85f4,0x8614,0x8614,0x7dd4,
  0x7df4,0x7dd3,0x7dd3,0x7dd3,0x85f4,0x7dd3,0x7db3,0x7dd3,0x7dd3,0x7dd4,0x85f4,0x7db3,0x85f4,0x7dd4,0x7dd3,0x7dd3,
  0x85d4,0x7dd4,0x85f4,0x85f4,0x85f4,0x85f4,0x85f4,0x7dd4,0x7dd4,0x85f4,0x85f4,0x7df4,0x7df4,0x7dd3,0x7db3,0x7dd4,
  0x7db3,0x7db3,0x7dd3,0x7dd4,0x7dd3,0x7dd4,0x85f4,0x7dd4,0x85f4,0x85f4,0x85f4,0x85f4,0x85f4,0x85f4,0x85d4,0x85f4,
  0x85f4,0x85f4,0x85f4,0x85f4,0x7dd3,0x85f4,0x7db3,0x85f4,0x85f4,0x7dd4,0x7db3,0x7dd3,0x7df4,0x8615,0x7dd4,0x85f4,
  0x7dd4,0x7dd4,0x7dd4,0x8615,0x85f4,0x7dd4,0x8614,0x7df4,0x85f4,0x7dd4,0x75b3,0x7dd3,0x7dd4,0x85d4,0x85f4,0x85b4,
  0x7d72,0x7572,0x6d11,0x6cf1,0x6cb0,0x646f,0x646f,0x6c8f,0x646f,0x53ed,0x5bed,0x5c0d,0x5c0d,0x5bed,0x5bcc,0x640e,
  0x5bed,0x538b,0x5bcc,0x6c4e,0x6c4e,0x640d,0x5bcc,0x63cc,0x5bac,0x536b,0x536a,0x536b,0x5bac,0x5bcc,0x5bcc,0x538b,
  0x538b,0x5bab,0x5bab,0x5b8b,0x538b,0x538b,0x536a,0x534a,0x534a,0x5bab,0x5bab,0x63ec,0x6c0d,0x6c2d,0x6c2d,0x6c2d,
  0x6c2d,0x746e,0x746e,0x744e,0x748f,0x746f,0x7caf,0x7c8f,0x7c8f,0x748f,0x746f,0x746f,0x746f,0x746f,0x746e,0x746e,
  0x746e,0x746e,0x6c4e,0x6c2e,0x6c0d,0x63ed,0x63ed,0x6c0d,0x63ec,0x63cc,0x63cc,0x63ac,0x638b,0x638c,0x5b8c,0x5b8b,
  0x5b6b,0x534a,0x532a,0x5309,0x5309,0x4ae9,0x42a8,0x42a8,0x42a8,0x42a8,0x4287,0x3a87,0x42c9,0x4b0a,0x536b,0x63cd,
  0x63ed,0x5bcc,0x5c0d,0x5bed,0x5bed,0x642e,0x648f,0x6cb0,0x7d73,0x85d4,0x85d4,0x7db4,0x7db4,0x7dd4,0x7db4,0x7db4,
  0x75b4,0x75b4,0x7dd5,0x75b5,0x7dd5,0x7dd5,0x85f5,0x7dd5,0x7dd5,0x7df5,0x7dd5,0x7dd5,0x7dd4,0x7db4,0x7dd4,0x7df5,
  0x7df5,0x85f5,0x8615,0x85f5,0x7dd4,0x7dd4,0x85f5,0x7db4,0x85f4,0x85f4,0x85f4,0x7db4,0x7db3,0x7db4,0x7db4,0x7db4,
  0x7dd4,0x85d4,0x85d4,0x7dd4,0x7dd4,0x7dd4,0x7dd4,0x7db4,0x7dd4,0x7dd5,0x7db5,0x85f5,0x7573,0x4c2e,0x7db4,0x7db4,
  0x7dd3,0x8614,0x8e55,0x8e35,0x8e35,0x8e35,0x8e55,0x8614,0x8e14,0x85f4,0x7552,0x85f4,0x8615,0x85f4,0x85f4,0x85d4,
  0x7dd4,0x85d4,0x7db3,0x7dd3,0x7db3,0x7dd3,0x7db3,0x7dd4,0x7dd4,0x7dd3,0x7dd4,0x85f4,0x7dd4,0x85f4,0x7dd3,0x7dd3,
  0x7dd4,0x85d4,0x7dd4,0x7db3,0x7dd4,0x85f4,0x7dd4,0x7dd3,0x7dd3,0x85f4,0x8615,0x7df4,0x7df4,0x7dd4,0x7db3,0x7dd4,
  0x7db3,0x7db3,0x7dd3,0x7dd4,0x7dd3,0x7dd4,0x7dd4,0x85f4,0x85f4,0x7dd4,0x7dd3,0x85f4,0x85f4,0x85f4,0x7dd4,0x7dd4,
  0x7dd4,0x7dd4,0x7dd4,0x7dd4,0x7dd4,0x8615,0x7db3,0x7db3,0x85f4,0x7db3,0x7dd3,0x7dd4,0x7dd4,0x8615,0x7df4,0x7dd4,
  0x7df4,0x7dd4,0x85f5,0x85d4,0x85d4,0x7dd4,0x7dd4,0x7df4,0x7df4,0x7df4,0x7dd3,0x7dd4,0x85d4,0x85d4,0x7d93,0x7572,
  0x7552,0x7532,0x6cf1,0x6cd0,0x646f,0x5c4e,0x6c8f,0x74d0,0x5c0d,0x5c0d,0x644e,0x5c0d,0x5c0d,0x5bcc,0x53ac,0x5bcd,
  0x538b,0x538b,0x63ec,0x642d,0x640d,0x63ec,0x63ec,0x63ec,0x5bab,0x536a,0x536a,0x5b8b,0x5bab,0x5b8b,0x5bab,0x5bab,
  0x5b8b,0x5b8b,0x536b,0x536b,0x5b6b,0x5b8b,0x5b8b,0x5b8b,0x5bab,0x63cc,0x63ec,0x6c0d,0x6c2d,0x6c0d,0x6c2d,0x6c2d,
  0x640d,0x6c2d,0x6c4e,0x746e,0x746f,0x746f,0x746f,0x7c8f,0x746e,0x746f,0x746f,0x748f,0x748f,0x746f,0x6c4e,0x6c4e,
  0x6c4e,0x6c4e,0x6c2e,0x6c0d,0x63ed,0x63ec,0x63cc,0x63ec,0x63cc,0x63cc,0x63ac,0x63ac,0x638c,0x5b6b,0x5b6b,0x5b6b,
  0x5b6b,0x532a,0x532a,0x5309,0x4ac9,0x4ae9,0x4aa8,0x42c8,0x4287,0x4287,0x3a67,0x3a67,0x42a8,0x42a9,0x4b0a,0x534b,
  0x536b,0x5bcc,0x5bed,0x5bcd,0x5bcd,0x5bed,0x646f,0x6490,0x7532,0x85d4,0x7db4,0x7db4,0x75b4,0x7dd5,0x7db4,0x7db4,
  0x7dd4,0x75b4,0x7dd5,0x7dd5,0x7dd5,0x85f5,0x7df5,0x7dd5,0x7dd5,0x7dd5,0x7dd5,0x75b4,0x7dd5,0x7df5,0x7df4,0x7df4,
  0x7df5,0x7dd4,0x8615,0x7df4,0x7dd4,0x85f4,0x7dd4,0x7dd4,0x7dd4,0x85f4,0x85f4,0x7db4,0x7db4,0x7dd4,0x7db4,0x7db4,
  0x7db4,0x7db4,0x7dd4,0x7dd4,0x7dd4,0x7db4,0x7dd4,0x7dd4,0x7dd5,0x7dd5,0x7db4,0x85f5,0x7553,0x542e,0x85d5,0x7db4,
  0x85f4,0x8614,0x8e55,0x8e35,0x8e35,0x8e34,0x8e14,0x8614,0x8e14,0x7dd3,0x7572,0x8615,0x8e15,0x85f4,0x85f4,0x85d3,
  0x7db3,0x7db3,0x7db3,0x7dd3,0x7db3,0x85d4,0x85d3,0x7db3,0x7dd3,0x85f4,0x7dd4,0x7dd4,0x7dd4,0x7dd4,0x7dd3,0x7dd3,
  0x7dd3,0x85d4,0x7dd4,0x85d4,0x85f4,0x7dd3,0x85f4,0x85d4,0x85d4,0x85f4,0x7df4,0x7dd4,0x7df4,0x7dd4,0x7dd4,0x7dd4,
  0x75b3,0x7db3,0x7dd3,0x7db3,0x7dd3,0x7dd4,0x85f4,0x85f4,0x85f4,0x7db3,0x7dd4,0x85f4,0x7dd4,0x7dd4,0x7dd4,0x7dd3,
  0x7dd4,0x7dd4,0x85f4,0x85f4,0x85f4,0x8e35,0x7dd3,0x75b3,0x85f4,0x7dd3,0x7dd4,0x7dd4,0x7dd4,0x7df4,0x7dd4,0x7df4,
  0x7df4,0x7df4,0x85f5,0x85f4,0x85f4,0x7df4,0x7dd4,0x7dd3,0x7df4,0x7dd4,0x7dd4,0x85d4,0x7dd4,0x7db3,0x7d73,0x7552,
  0x7532,0x7511,0x6cd0,0x648f,0x646e,0x648f,0x6c8f,0x646f,0x5c0d,0x5c2e,0x644e,0x5bed,0x53cc,0x5bcc,0x5bcd,0x5bac,
  0x536b,0x5bac,0x640d,0x640d,0x5bec,0x640c,0x640d,0x5bcc,0x534a,0x534a,0x536b,0x5b8b,0x5bac,0x5b6b,0x5b8b,0x5b8b,
  0x5b8b,0x5b6b,0x5b6b,0x5b8b,0x5b8b,0x63cc,0x63ac,0x63cc,0x63ec,0x63ec,0x6c0d,0x6c0d,0x6c2d,0x6c2d,0x6c0d,0x640d,
  0x6c2d,0x6c2d,0x6c4d,0x744e,0x744e,0x744e,0x746e,0x746f,0x746f,0x748f,0x746f,0x6c4e,0x6c4f,0x6c4f,0x6c4e,0x6c4e,
  0x6c6e,0x6c4e,0x6c2d,0x6c0d,0x63ed,0x5bcc,0x5b8b,0x5bac,0x63cc,0x63cc,0x63ac,0x638b,0x638b,0x5b6b,0x5b4b,0x5b6b,
  0x5b6b,0x534a,0x532a,0x532a,0x4ae9,0x4ae9,0x4aa8,0x4aa8,0x4288,0x4287,0x3a67,0x3a47,0x3a88,0x4288,0x42a8,0x4ae9,
  0x532a,0x536b,0x5bac,0x5bcd,0x5bcd,0x5bed,0x644f,0x648f,0x7511,0x85b3,0x7db4,0x7db4,0x7dd4,0x7dd4,0x7db4,0x75b4,
  0x7594,0x7db4,0x7dd5,0x7dd5,0x7dd5,0x7df5,0x7df5,0x85f5,0x7dd5,0x7dd5,0x7dd5,0x7dd5,0x85f5,0x7df5,0x7db4,0x7df5,
  0x7df5,0x7df4,0x7e15,0x85f4,0x7dd4,0x85d4,0x7dd4,0x7dd4,0x7db3,0x7dd4,0x7dd4,0x7db4,0x7dd4,0x7dd4,0x7dd4,0x7db4,
  0x7db4,0x7db4,0x7dd4,0x85f5,0x7df5,0x7db4,0x7db4,0x7dd4,0x7dd4,0x85f5,0x7db5,0x85f5,0x6d12,0x544f,0x85d4,0x85d5,
  0x85f4,0x8614,0x8e55,0x8e35,0x8e35,0x8e35,0x8e35,0x8614,0x8614,0x85d3,0x6d51,0x8614,0x85f4,0x85f4,0x85f4,0x7dd3,
  0x7db3,0x7db3,0x85d4,0x85d4,0x7dd4,0x7dd4,0x7dd4,0x7db3,0x7dd3,0x7dd3,0x7dd3,0x7dd4,0x7dd4,0x7dd3,0x7db3,0x7df4,
  0x7dd3,0x7db3,0x85d4,0x85f4,0x85f4,0x7df4,0x7df4,0x85f4,0x85f4,0x7db3,0x7dd3,0x85f4,0x7dd4,0x7db3,0x7db3,0x7dd4,
  0x7db3,0x7dd3,0x7dd4,0x7db3,0x7db3,0x7db3,0x7dd3,0x7db3,0x7dd4,0x7dd4,0x85d4,0x85f4,0x7dd3,0x7dd4,0x7dd3,0x7dd3,
  0x7db3,0x7dd4,0x85f4,0x85f4,0x7dd3,0x8615,0x7d93,0x7592,0x7dd4,0x7dd4,0x85f4,0x7db3,0x7db3,0x7df4,0x7dd4,0x7df4,
  0x7df4,0x7df4,0x7df4,0x7dd4,0x7dd4,0x7df4,0x7df4,0x7dd4,0x7dd4,0x7dd4,0x7df4,0x85d4,0x7db3,0x7d73,0x7552,0x7552,
  0x6cf1,0x6cd0,0x6cb0,0x646f,0x5c4e,0x5c4e,0x5c2e,0x5c0d,0x5bed,0x53cd,0x5bcd,0x5bec,0x53ac,0x5bac,0x5bcd,0x538b,
  0x536a,0x5bcc,0x5bcc,0x5bec,0x640d,0x640d,0x5bcc,0x5bac,0x536a,0x534a,0x536a,0x5bab,0x5bab,0x5b8b,0x5b8b,0x5b8b,
  0x5b8b,0x5bac,0x63cc,0x6bed,0x63ec,0x6bed,0x6bed,0x6c0d,0x63ec,0x63cc,0x6c0d,0x6c2d,0x6c2d,0x6c2d,0x6c2d,0x640d,
  0x6c2d,0x6c2d,0x6c4e,0x6c4e,0x6c4e,0x6c6e,0x746e,0x748f,0x746f,0x746e,0x6c4e,0x6c4e,0x6c2e,0x6c2e,0x744e,0x6c4e,
  0x6c4e,0x6c4e,0x6c2d,0x6c0d,0x63ec,0x63cc,0x63cc,0x63cc,0x63cc,0x63ac,0x63ac,0x5b6b,0x5b6b,0x5b6b,0x5b6b,0x5b6b,
  0x5b6b,0x5b4b,0x532a,0x5309,0x4ae9,0x4ae9,0x4ac9,0x4aa8,0x4287,0x4267,0x4267,0x4267,0x4267,0x4288,0x3a68,0x42a9,
  0x532a,0x4aea,0x4b0a,0x536c,0x538c,0x53cc,0x5c2e,0x644f,0x6cd0,0x7d93,0x7db3,0x7dd4,0x7dd4,0x75b4,0x7db4,0x75b4,
  0x7593,0x7dd4,0x75b4,0x7dd5,0x7df5,0x7db4,0x7df5,0x85f5,0x7dd5,0x7db5,0x7dd5,0x7dd5,0x85f6,0x85f5,0x7db4,0x7df5,
  0x7df5,0x7dd5,0x7dd4,0x7df4,0x85d4,0x85d4,0x7dd4,0x7db4,0x7db4,0x7dd4,0x7db4,0x7dd4,0x7db3,0x7db4,0x7db3,0x7db4,
  0x7dd4,0x7dd4,0x7dd4,0x7db4,0x7dd4,0x85f5,0x85d4,0x85d4,0x85d4,0x85f5,0x85d5,0x85d5,0x64d1,0x546f,0x85d5,0x85d5,
  0x7df3,0x85f4,0x8e55,0x8e35,0x8614,0x8614,0x8614,0x8614,0x8e35,0x85f4,0x6d31,0x85f4,0x85f4,0x85f4,0x7dd4,0x7db3,
  0x7dd4,0x7dd4,0x85d4,0x85d4,0x85d4,0x85d4,0x85f4,0x7dd3,0x7dd3,0x85f4,0x7dd3,0x7dd4,0x7dd4,0x85f4,0x7dd3,0x7db3,
  0x7db3,0x7dd4,0x7dd4,0x7dd4,0x7db3,0x7dd4,0x85f4,0x85f4,0x7dd4,0x7dd4,0x7db3,0x85f4,0x7dd4,0x7db3,0x7db3,0x85f4,
  0x7dd3,0x7db3,0x7dd3,0x7db3,0x7db3,0x7dd4,0x7dd3,0x7db3,0x7db3,0x7dd3,0x7dd3,0x7dd3,0x7db3,0x7db3,0x7dd4,0x7dd4,
  0x7dd3,0x7dd4,0x85f4,0x85f4,0x7dd3,0x8614,0x7592,0x7572,0x85f4,0x7dd3,0x85f4,0x7dd4,0x7dd3,0x7dd4,0x7dd4,0x85f5,
  0x7df4,0x7dd4,0x7df4,0x7df4,0x7df4,0x7dd4,0x7dd4,0x7df4,0x7df4,0x7dd3,0x7db3,0x7dd3,0x7db3,0x7d72,0x7572,0x6d11,
  0x6cd0,0x64b0,0x646f,0x644e,0x5c2e,0x5c2e,0x642e,0x5c0e,0x53ac,0x53cd,0x5bcd,0x5bcc,0x53cc,0x5bcd,0x5bcc,0x536b,
  0x4b4a,0x5bab,0x53ab,0x5bec,0x640d,0x63ec,0x5bcc,0x5bab,0x534a,0x4b2a,0x4b2a,0x5b8b,0x63ec,0x63cc,0x63cc,0x5bac,
  0x63cc,0x6bed,0x6c0d,0x6c0d,0x6bed,0x6c0d,0x6c0d,0x6c2d,0x640c,0x640c,0x6c2d,0x6c2d,0x6c2d,0x6c2d,0x6c2d,0x6c4d,
  0x6c4e,0x6c4e,0x6c4e,0x6c2d,0x642d,0x6c6e,0x746e,0x748f,0x746e,0x744e,0x6c4e,0x6c4e,0x6c4e,0x6c2e,0x6c4e,0x6c4e,
  0x6c2e,0x6c4e,0x6c2d,0x640d,0x63ed,0x63ec,0x63ec,0x63cc,0x5bac,0x5bab,0x5b8b,0x5b8b,0x638b,0x5b6b,0x5b4b,0x534a,
  0x532a,0x532a,0x532a,0x5309,0x4ac8,0x52e9,0x4ac9,0x4aa8,0x4288,0x4287,0x4267,0x4267,0x4aa8,0x4268,0x3a47,0x4288,
  0x4aea,0x4b0a,0x430a,0x4b4b,0x536b,0x53ac,0x5c2e,0x5c4e,0x64b0,0x7d73,0x85d4,0x7dd4,0x85d4,0x7db4,0x7dd4,0x7dd4,
  0x75b4,0x7db4,0x7db4,0x75b4,0x7dd5,0x7dd5,0x7df5,0x7df5,0x7dd5,0x7dd5,0x7db5,0x7db5,0x85f5,0x7dd5,0x7dd5,0x7dd5,
  0x7dd5,0x7dd5,0x7dd4,0x7df4,0x85f5,0x85d4,0x7dd4,0x7db4,0x7dd4,0x7db4,0x7db4,0x85d4,0x85d4,0x7db4,0x7dd4,0x7dd4,
  0x7dd4,0x7dd4,0x7db4,0x7db4,0x7dd4,0x7dd4,0x85f5,0x7dd4,0x7dd4,0x7dd4,0x7dd4,0x85d5,0x5cb0,0x5cb0,0x7db4,0x85d5,
  0x7df4,0x7df4,0x8614,0x8614,0x8614,0x85f4,0x8614,0x8614,0x8e35,0x8615,0x6d51,0x85f4,0x8614,0x85f4,0x85f4,0x7dd3,
  0x7dd3,0x7dd4,0x7dd4,0x85f4,0x85d4,0x85f4,0x85f4,0x7dd3,0x7dd3,0x85f4,0x7dd4,0x7dd4,0x7dd4,0x85f4,0x85f4,0x7dd4,
  0x85f4,0x85f4,0x7dd4,0x7dd3,0x7db3,0x7dd3,0x85f4,0x85f4,0x7dd4,0x7dd4,0x7dd3,0x85f4,0x85f4,0x7db3,0x7db3,0x7dd4,
  0x7dd4,0x7dd3,0x7dd3,0x7db3,0x7dd3,0x7dd3,0x7dd3,0x7db3,0x7dd3,0x7dd4,0x7dd4,0x7dd4,0x7db3,0x7db3,0x7dd4,0x7dd4,
  0x7dd4,0x7dd4,0x85f4,0x85f4,0x85f4,0x85f4,0x7593,0x7572,0x85f4,0x85f4,0x85f4,0x7dd4,0x7df4,0x7dd4,0x7df4,0x7df4,
  0x7dd4,0x7dd4,0x7dd3,0x7df4,0x7df4,0x7dd4,0x7dd4,0x7dd4,0x7df4,0x75b3,0x75b3,0x7db3,0x7592,0x7d93,0x7d93,0x6cf0,
  0x6cd0,0x6490,0x646f,0x642e,0x644e,0x644f,0x642e,0x5bed,0x53cc,0x53ac,0x53cd,0x53cc,0x5bcc,0x5bcc,0x53ac,0x4b2a,
  0x4309,0x4b4a,0x538b,0x5bcc,0x5bcc,0x63ed,0x63ec,0x538b,0x4b2a,0x4b4a,0x536a,0x5b8b,0x63ec,0x640d,0x640d,0x63ed,
  0x640d,0x63ed,0x63ed,0x6c0d,0x640d,0x6c2d,0x6c0d,0x6c2d,0x6c2d,0x6c4d,0x6c2d,0x6c4d,0x6c4e,0x6c2d,0x644d,0x6c6e,
  0x6c6e,0x6c6e,0x6c6e,0x6c4e,0x6c6e,0x746e,0x746e,0x746e,0x746f,0x746f,0x746f,0x746f,0x6c4f,0x6c4e,0x6c4e,0x6c4e,
  0x6c2e,0x6c2d,0x640d,0x640d,0x63ed,0x63ed,0x63ec,0x63cc,0x5bac,0x5bab,0x5bab,0x638b,0x638b,0x5b6b,0x5b4b,0x534a,
  0x532a,0x532a,0x532a,0x532a,0x4ac9,0x52e9,0x4ac9,0x4288,0x4287,0x4287,0x3a67,0x4267,0x4288,0x4268,0x4268,0x4288,
  0x4288,0x4ae9,0x4b0a,0x4b2a,0x536b,0x53ac,0x53ed,0x5c2e,0x648f,0x7d73,0x85d4,0x7db4,0x7dd4,0x7dd4,0x7dd4,0x7dd4,
  0x7dd4,0x75b4,0x7dd5,0x7db4,0x7dd5,0x7df5,0x7df5,0x7dd5,0x7dd5,0x7dd5,0x7594,0x7dd5,0x7dd5,0x7dd4,0x7dd5,0x7df5,
  0x7dd5,0x7dd5,0x7db4,0x7df5,0x8615,0x7dd4,0x7dd4,0x7dd4,0x7dd4,0x7dd4,0x7dd4,0x7dd4,0x85d4,0x7db4,0x7dd5,0x7dd4,
  0x7dd4,0x7dd4,0x7dd4,0x7dd4,0x85f5,0x7dd4,0x85d4,0x7dd4,0x7dd4,0x7dd4,0x7dd4,0x85f5,0x5cb0,0x64f1,0x85d4,0x85d5,
  0x7df3,0x85f4,0x8614,0x8614,0x8614,0x8614,0x8e55,0x8614,0x8635,0x8e35,0x7592,0x7df4,0x8634,0x85f4,0x85f4,0x7dd4,
  0x7dd4,0x7dd4,0x7dd4,0x7dd4,0x7dd4,0x85f4,0x85f4,0x85f4,0x85f4,0x7dd4,0x7dd4,0x7db3,0x7dd3,0x7dd3,0x7dd4,0x7dd4,
  0x7dd4,0x85d4,0x85d4,0x7dd3,0x7dd4,0x7db3,0x7db3,0x7dd4,0x7dd4,0x85f4,0x85f4,0x7dd3,0x7dd4,0x7dd3,0x7dd3,0x7db3,
  0x7dd4,0x7dd3,0x7db3,0x7db3,0x7dd3,0x85f4,0x7dd4,0x7dd4,0x7db3,0x7dd3,0x85f4,0x7dd3,0x7db3,0x7dd3,0x7dd4,0x7dd3,
  0x7dd4,0x7dd4,0x7dd3,0x7dd4,0x85f4,0x85f4,0x7db3,0x6d51,0x7dd4,0x7dd4,0x7dd4,0x7dd3,0x7dd4,0x7dd4,0x85f4,0x7df4,
  0x7dd4,0x7df4,0x7df4,0x8614,0x7df4,0x7dd4,0x7dd4,0x7dd3,0x7dd4,0x7dd4,0x7593,0x7593,0x7592,0x7d72,0x7552,0x6cf0,
  0x648f,0x646f,0x644e,0x642e,0x642e,0x642e,0x5bed,0x53ac,0x538c,0x53ac,0x53ac,0x5bcc,0x5bcc,0x5bcc,0x4b4a,0x4b4a,
  0x4b29,0x4b4a,0x538b,0x5bab,0x5bac,0x63ec,0x63ec,0x536b,0x4b29,0x536a,0x5bab,0x63cc,0x63ec,0x640d,0x6c2d,0x6c2d,
  0x640d,0x640d,0x6c2d,0x6c2d,0x6c2d,0x6c4e,0x6c4e,0x6c2d,0x746e,0x746e,0x746e,0x746e,0x6c6e,0x6c6e,0x6c8e,0x748f,
  0x74af,0x748f,0x748f,0x748f,0x746e,0x746e,0x746e,0x744e,0x6c2d,0x6c2e,0x6c4e,0x6c4e,0x744f,0x6c4e,0x6c2e,0x6c2e,
  0x6c4e,0x6c4e,0x6c2d,0x6c2d,0x6c2e,0x6c0d,0x63ec,0x5bac,0x63cc,0x5bac,0x63cc,0x63ab,0x5b6b,0x638b,0x5b6b,0x5b4a,
  0x5b6b,0x534a,0x532a,0x4b09,0x4ae9,0x4ae9,0x4ac8,0x4288,0x4287,0x3a67,0x4288,0x4288,0x4267,0x4248,0x4288,0x4268,
  0x3a68,0x42c9,0x4b2a,0x4b0a,0x4b2a,0x4b6b,0x53ac,0x5c2e,0x648f,0x7d53,0x85d4,0x7db4,0x7db4,0x7db3,0x7dd4,0x7db4,
  0x7dd4,0x7db4,0x75b4,0x7dd5,0x7dd5,0x7df5,0x7df5,0x7dd5,0x7dd5,0x7dd5,0x7dd4,0x75b4,0x7dd4,0x7db4,0x7dd4,0x7dd4,
  0x7dd5,0x7dd4,0x7db4,0x7dd4,0x7dd4,0x7df5,0x7dd4,0x7db4,0x7db4,0x7db4,0x7db4,0x7db4,0x7dd5,0x85d5,0x7dd5,0x7dd5,
  0x85f5,0x85f5,0x7dd4,0x7dd4,0x7dd4,0x7db4,0x7db4,0x7dd4,0x7dd4,0x7dd4,0x7dd4,0x85f5,0x544f,0x6511,0x85f5,0x85f5,
  0x7dd3,0x7df4,0x8635,0x8e35,0x8614,0x7df4,0x8614,0x8615,0x8635,0x8e35,0x7592,0x7dd3,0x8614,0x85f4,0x85f4,0x85f4,
  0x85f4,0x85f4,0x7dd4,0x7dd4,0x7dd4,0x7dd4,0x85f4,0x7dd3,0x7dd3,0x7dd4,0x85f4,0x7dd3,0x7dd4,0x7dd4,0x7dd3,0x7db3,
  0x7dd3,0x7dd3,0x7dd3,0x7dd3,0x7dd3,0x7dd4,0x75b3,0x7db3,0x85f4,0x85f4,0x85f4,0x7dd4,0x7dd3,0x7db3,0x7dd3,0x7dd4,
  0x7db3,0x7db3,0x7db3,0x7db3,0x7dd4,0x7dd4,0x7dd4,0x7dd4,0x7dd3,0x7db3,0x7df4,0x75b3,0x7dd3,0x7df4,0x7dd3,0x7dd3,
  0x7dd4,0x7dd4,0x85f4,0x7dd4,0x7dd3,0x8614,0x7dd3,0x6d52,0x7dd4,0x7dd4,0x7dd4,0x7df4,0x7dd4,0x7dd3,0x7df4,0x7df4,
  0x7df4,0x7dd4,0x7df4,0x7dd4,0x7dd4,0x7df4,0x7dd4,0x7db3,0x75b3,0x7dd3,0x7592,0x7593,0x7d93,0x7d72,0x6cf1,0x6caf,
  0x646f,0x5c2e,0x5c2e,0x640e,0x5bed,0x5bed,0x53cc,0x53ac,0x53ac,0x53ac,0x53ac,0x53ac,0x5bac,0x4b6a,0x4309,0x4b4a,
  0x536a,0x534a,0x5bab,0x5bab,0x5bac,0x63cc,0x5bac,0x536a,0x534a,0x5b8b,0x63cc,0x63ed,0x640d,0x640d,0x6c2d,0x6c4e,
  0x6c6e,0x746e,0x6c4e,0x6c4e,0x6c6e,0x748f,0x748f,0x746f,0x748f,0x746e,0x748f,0x748f,0x6c6e,0x6c8e,0x6c8e,0x74af,
  0x74af,0x74af,0x74b0,0x748f,0x748f,0x748f,0x746f,0x744f,0x6c4e,0x6c4e,0x6c4f,0x6c2e,0x6c4f,0x6c2e,0x6c4e,0x6c4f,
  0x6c4e,0x6c2d,0x640d,0x6c2d,0x744e,0x744e,0x6c0d,0x63ec,0x63ec,0x63cc,0x63cc,0x63ac,0x5bac,0x63ac,0x63ac,0x5b8b,
  0x5b8b,0x5b8b,0x534a,0x532a,0x5309,0x5309,0x4ae9,0x4ac8,0x4aa8,0x4267,0x4288,0x4aa8,0x3a47,0x3a47,0x4268,0x4267,
  0x3a68,0x42a9,0x4309,0x42e9,0x4309,0x4b2a,0x4b8b,0x53ed,0x646f,0x7511,0x7d93,0x7db4,0x7d94,0x7dd4,0x7db4,0x7dd4,
  0x75b4,0x7db4,0x7db4,0x7dd5,0x7dd5,0x7dd5,0x7dd5,0x7df5,0x7dd5,0x7dd5,0x7dd5,0x7db4,0x75b4,0x7db4,0x7dd4,0x7dd5,
  0x7dd5,0x7dd5,0x7dd5,0x7db4,0x7db4,0x7df5,0x7dd4,0x7db4,0x7dd4,0x7db4,0x7d94,0x7db4,0x7db4,0x7dd5,0x7db4,0x7db4,
  0x7db4,0x7dd5,0x7dd5,0x7dd4,0x7dd4,0x7db4,0x7d93,0x7593,0x7db4,0x7db4,0x7dd5,0x7db4,0x43ed,0x64f1,0x85f5,0x85d5,
  0x7dd4,0x85f4,0x8615,0x8e35,0x8635,0x8614,0x8614,0x8615,0x8615,0x8615,0x7572,0x75b3,0x85f4,0x85f4,0x7dd3,0x7dd3,
  0x85f4,0x7dd4,0x85f4,0x7db3,0x7dd3,0x7dd3,0x7dd4,0x85d4,0x85d4,0x7dd3,0x85f4,0x7dd3,0x7dd4,0x7dd3,0x7db3,0x7dd3,
  0x7dd3,0x7dd3,0x85d3,0x85f4,0x7dd3,0x7dd4,0x75b3,0x7db3,0x7dd4,0x7dd3,0x85f4,0x85f4,0x85f4,0x7dd3,0x7db3,0x7dd4,
  0x7dd4,0x7db3,0x7db3,0x7dd3,0x7dd4,0x85f4,0x7dd4,0x7dd4,0x7dd3,0x7df4,0x7dd3,0x7df4,0x7df4,0x7df4,0x7dd3,0x7dd3,
  0x7db3,0x7dd3,0x85f4,0x7dd4,0x7dd4,0x8614,0x7db3,0x6d51,0x7db3,0x7dd3,0x7dd4,0x7dd3,0x7dd4,0x7dd4,0x7dd4,0x7dd4,
  0x7dd4,0x7dd4,0x7df4,0x7dd3,0x75b3,0x7df4,0x7df4,0x7dd3,0x7dd3,0x75b3,0x7592,0x7592,0x7d93,0x7552,0x6cd0,0x6c8f,
  0x644f,0x642e,0x5c0e,0x5c0d,0x5bcd,0x53cc,0x53ac,0x538c,0x53ac,0x538b,0x53ac,0x5bcd,0x536b,0x4309,0x4b09,0x4b2a,
  0x4b2a,0x534a,0x5bab,0x5bac,0x5b8b,0x5b8b,0x5bab,0x536b,0x5b8b,0x5bac,0x63ec,0x63ed,0x6c2d,0x6c2e,0x6c2e,0x6c4e,
  0x6c6e,0x746e,0x746e,0x748f,0x746e,0x6c6e,0x748f,0x748f,0x748f,0x748f,0x74af,0x74af,0x748f,0x6c8e,0x6c8e,0x74af,
  0x74af,0x748f,0x74b0,0x7cb0,0x74b0,0x7490,0x748f,0x748f,0x746f,0x744f,0x6c6f,0x6c4e,0x6c4e,0x6c6f,0x6c6f,0x746f,
  0x6c4e,0x6c4e,0x6c4e,0x6c4e,0x6c2d,0x6c0d,0x6c0d,0x6c0d,0x6c0d,0x63ed,0x63ec,0x6c0d,0x63cc,0x63cc,0x63ed,0x5bac,
  0x5bab,0x63ac,0x5b8b,0x534a,0x532a,0x532a,0x5309,0x4ac9,0x4ac8,0x4ac8,0x4288,0x3a47,0x3a27,0x3a47,0x3a48,0x4268,
  0x4288,0x42a8,0x42c9,0x4ae9,0x4b2a,0x4b2a,0x4b8c,0x53cd,0x644f,0x64b0,0x7552,0x7db4,0x7db4,0x7dd4,0x7db4,0x7db4,
  0x7593,0x7594,0x7db4,0x7594,0x75b4,0x7db4,0x7db4,0x7df5,0x7dd5,0x7dd5,0x7dd4,0x7dd5,0x7dd4,0x7db4,0x7db4,0x7dd5,
  0x7dd5,0x7dd5,0x7dd5,0x7db4,0x7db4,0x7dd5,0x7dd5,0x7dd4,0x7db4,0x7db4,0x7db4,0x7db5,0x7d94,0x7db4,0x7d94,0x7db4,
  0x7db4,0x7db4,0x7dd5,0x7db4,0x7dd4,0x7db4,0x7db4,0x7db4,0x7db4,0x7dd4,0x7dd5,0x7dd5,0x544f,0x6d32,0x85f5,0x7dd4,
  0x85f4,0x85f4,0x85f4,0x8635,0x8635,0x8e35,0x85f4,0x8614,0x8614,0x8e35,0x7db3,0x7db3,0x85f4,0x7dd3,0x85f3,0x7dd3,
  0x7dd4,0x7dd4,0x7dd4,0x85f4,0x7dd3,0x7db3,0x7db3,0x7dd3,0x7dd4,0x7dd4,0x7dd3,0x7dd4,0x7dd3,0x7db3,0x7db3,0x7dd4,
  0x7dd4,0x7dd4,0x7dd3,0x7dd3,0x7db3,0x7dd3,0x7dd3,0x7db3,0x7dd3,0x7dd4,0x85d4,0x85f4,0x7dd3,0x7dd4,0x7db3,0x7dd3,
  0x7dd4,0x7dd4,0x7dd3,0x7dd4,0x85f4,0x7dd4,0x7dd4,0x7dd3,0x7dd3,0x7df4,0x7df4,0x7dd3,0x7dd4,0x7dd4,0x85f4,0x7dd3,
  0x7dd3,0x7dd3,0x7db3,0x7dd3,0x7dd3,0x85f4,0x7db3,0x6d51,0x7dd4,0x7dd3,0x7dd4,0x7dd3,0x7dd4,0x7dd4,0x7db4,0x7df4,
  0x85f4,0x7dd4,0x7dd3,0x75b3,0x75b3,0x7dd4,0x7dd4,0x7dd4,0x7dd3,0x7593,0x7552,0x7552,0x7552,0x6d11,0x6cb0,0x644f,
  0x5c0e,0x5bcd,0x5bcd,0x53cc,0x53cc,0x53cc,0x53cd,0x538c,0x538c,0x538c,0x53ac,0x538c,0x4b4b,0x4b29,0x4b4a,0x4b2a,
  0x4b2a,0x536a,0x538b,0x5bac,0x5bab,0x5b8b,0x534a,0x536a,0x5bab,0x63cc,0x63ec,0x6c0d,0x744e,0x744f,0x6c4e,0x6c6f,
  0x6c6e,0x748f,0x748f,0x748f,0x748e,0x6c6e,0x748f,0x74af,0x748f,0x748f,0x74af,0x7caf,0x74af,0x74af,0x74af,0x74cf,
  0x74d0,0x74d0,0x748f,0x748f,0x748f,0x748f,0x746f,0x7490,0x6c4f,0x6c4f,0x6c4f,0x6c2e,0x6c4f,0x6c4f,0x6c4f,0x746f,
  0x6c6e,0x6c4e,0x746e,0x6c4e,0x6c2e,0x6c2e,0x6c2e,0x6c2e,0x6c2d,0x6c0d,0x63ed,0x6c0d,0x6c0d,0x63ec,0x63ed,0x63cc,
  0x5bab,0x5bab,0x5bab,0x5b8b,0x5b8b,0x5b6b,0x5b4a,0x5309,0x4ae9,0x4ac9,0x4288,0x3a47,0x3a27,0x3a47,0x3a47,0x4268,
  0x4288,0x42a8,0x42c8,0x42e9,0x4b2a,0x4b2a,0x4b6b,0x53cc,0x5c2e,0x648f,0x7532,0x85d4,0x85d4,0x7dd4,0x7db4,0x7db4,
  0x7db4,0x7db4,0x7db4,0x75b4,0x75b4,0x7db4,0x7db4,0x7db4,0x7df5,0x7db4,0x7dd4,0x7dd5,0x7dd5,0x7dd5,0x7dd5,0x7dd4,
  0x7dd4,0x7dd5,0x7dd5,0x7db4,0x7dd4,0x7dd4,0x7db4,0x7db4,0x7594,0x7594,0x7593,0x7d94,0x7d94,0x7db4,0x7db4,0x7db5,
  0x7d94,0x7d94,0x7db4,0x7dd5,0x7db4,0x7db4,0x7db4,0x7db4,0x7d94,0x7db4,0x85d5,0x7db4,0x546f,0x7594,0x85f5,0x85d5,
  0x85f4,0x85f4,0x7df4,0x7df4,0x8635,0x8635,0x8614,0x8614,0x8614,0x8e35,0x7db3,0x75b2,0x8634,0x7df3,0x7dd3,0x7dd3,
  0x7db3,0x7dd4,0x7dd4,0x85f4,0x7dd4,0x7dd4,0x7dd3,0x7db3,0x7dd3,0x7dd3,0x7dd3,0x7dd4,0x7dd3,0x7dd3,0x7db3,0x7db3,
  0x7dd4,0x7dd4,0x7dd3,0x7dd3,0x7db3,0x7db3,0x7dd3,0x7dd4,0x7db3,0x7df4,0x7dd4,0x85d4,0x7dd3,0x7dd3,0x7dd3,0x7dd3,
  0x7dd3,0x7dd3,0x7dd3,0x7dd4,0x7dd4,0x7dd4,0x7dd4,0x7dd3,0x7dd3,0x7dd4,0x7dd3,0x7dd4,0x7dd3,0x7dd3,0x7df4,0x85d4,
  0x7dd4,0x7dd3,0x7dd3,0x8614,0x85d4,0x7d93,0x7db3,0x6d31,0x85d4,0x7db3,0x7dd3,0x7dd3,0x7dd4,0x7dd4,0x7db3,0x7dd4,
  0x7df4,0x7dd4,0x75b3,0x75b3,0x75b3,0x7dd3,0x7dd3,0x7db3,0x7db3,0x7592,0x7572,0x7532,0x7d52,0x6cd0,0x646f,0x642e,
  0x5c0e,0x5bcd,0x5bed,0x5bcd,0x53ac,0x53ac,0x53ac,0x4b6b,0x4b6b,0x53ac,0x538c,0x4b4b,0x4b4b,0x4b2a,0x534a,0x4b2a,
  0x532a,0x534a,0x536a,0x5bac,0x5bac,0x5b8b,0x536a,0x536b,0x5bcc,0x63ec,0x63ed,0x6c2d,0x744e,0x746f,0x746f,0x6c4e,
  0x748f,0x748f,0x6c6e,0x748e,0x748f,0x748f,0x748f,0x748f,0x74af,0x7caf,0x7caf,0x7caf,0x7ccf,0x74af,0x74cf,0x74d0,
  0x74cf,0x7cd0,0x748f,0x7cb0,0x746f,0x746f,0x746f,0x746f,0x746f,0x6c4e,0x6c2e,0x6c4f,0x6c4f,0x6c2e,0x6c4f,0x6c6f,
  0x6c4e,0x6c4e,0x6c6e,0x6c4e,0x744e,0x744e,0x744e,0x6c2e,0x6c2d,0x6c2d,0x6c2e,0x6c0d,0x63ed,0x6c0d,0x63ec,0x63ec,
  0x63cc,0x5b8b,0x5b8b,0x5bac,0x5b8b,0x5b8b,0x5b6b,0x532a,0x4ae9,0x4ac8,0x42a8,0x4288,0x3a67,0x3a68,0x3a47,0x3a47,
  0x42a8,0x4ac9,0x4ac9,0x42a8,0x42c9,0x42e9,0x4b6b,0x53ac,0x5c0e,0x646f,0x6cf1,0x8594,0x85d4,0x7db4,0x7db4,0x7db4,
  0x7db4,0x7dd4,0x7dd4,0x7db4,0x7db4,0x7db4,0x7db4,0x7db4,0x7db4,0x75b4,0x7dd4,0x7dd5,0x75b4,0x7db4,0x7dd4,0x7dd5,
  0x7dd4,0x7dd5,0x7db4,0x7db4,0x7dd5,0x7dd4,0x75b4,0x75b4,0x7db4,0x7594,0x7594,0x7d94,0x7594,0x7d94,0x7d94,0x7db5,
  0x7d94,0x7593,0x7db4,0x7dd5,0x7db4,0x7db4,0x7db4,0x7db4,0x7d94,0x7db4,0x7db4,0x7573,0x544f,0x7db4,0x7dd5,0x85f5,
  0x85d3,0x85f4,0x85f4,0x8635,0x8634,0x8614,0x8614,0x8615,0x8e35,0x8e35,0x7592,0x7592,0x85f4,0x85f3,0x7df3,0x7df4,
  0x7dd3,0x7dd4,0x7df4,0x7df4,0x7df4,0x7dd4,0x7dd3,0x7db3,0x7dd3,0x85f4,0x7db3,0x7dd3,0x7dd3,0x7dd3,0x7db3,0x7dd3,
  0x7dd3,0x7db3,0x7dd3,0x7db3,0x7db3,0x7db3,0x7dd3,0x7dd3,0x7dd4,0x7db3,0x7dd3,0x85d4,0x7dd3,0x7dd3,0x7dd4,0x7dd4,
  0x7db3,0x7db3,0x7dd4,0x7db3,0x85f4,0x85f4,0x7dd3,0x7dd3,0x7db3,0x7dd4,0x7dd4,0x7dd4,0x7dd4,0x7df4,0x7dd4,0x7dd3,
  0x7dd3,0x7db3,0x7dd4,0x85f4,0x85f4,0x7d93,0x85d4,0x6d31,0x7dd3,0x85d4,0x7dd4,0x7db3,0x7dd3,0x7dd3,0x85f4,0x7dd3,
  0x7df4,0x8614,0x7df4,0x7dd3,0x7db3,0x7dd3,0x7db3,0x7592,0x7593,0x7572,0x7531,0x7d52,0x7511,0x648f,0x644e,0x642e,
  0x5c0e,0x5bed,0x5bcc,0x53ac,0x53ac,0x53ac,0x538c,0x4b6b,0x536b,0x538c,0x536c,0x4b2b,0x534b,0x536b,0x4b2a,0x532a,
  0x4b09,0x534a,0x5b8b,0x63cc,0x5bab,0x536a,0x536a,0x538b,0x5bac,0x6c2e,0x6c4e,0x6c2e,0x6c4e,0x746e,0x748f,0x748f,
  0x748f,0x6c6e,0x748f,0x748f,0x748f,0x74af,0x748f,0x748f,0x7caf,0x7cd0,0x7cd0,0x7cf0,0x7cd0,0x74af,0x748f,0x74af,
  0x748f,0x74af,0x748f,0x748f,0x748f,0x746f,0x6c4e,0x744f,0x744e,0x6c2e,0x6c4e,0x6c4e,0x744e,0x744e,0x6c2e,0x746f,
  0x6c4e,0x746e,0x6c4e,0x744e,0x744e,0x6c2e,0x744e,0x6c2d,0x6c0d,0x6c2d,0x744e,0x6c2d,0x6c0d,0x6c2e,0x6c0d,0x63ed,
  0x63ec,0x63ac,0x5b8b,0x5b8b,0x5b8b,0x5b6b,0x5b8b,0x5b6b,0x5309,0x42c8,0x42a8,0x4288,0x3a67,0x4288,0x3a67,0x3a67,
  0x42c9,0x4ae9,0x4ae9,0x42c8,0x42c8,0x4309,0x432a,0x538c,0x5bee,0x5c2e,0x64b0,0x7d73,0x85b4,0x7d94,0x7d94,0x7db4,
  0x7594,0x75b4,0x7db4,0x7db4,0x7db4,0x7dd4,0x7dd4,0x7db4,0x7db4,0x75b4,0x75b4,0x7dd5,0x7df5,0x75b4,0x7db4,0x7dd4,
  0x7db4,0x7db4,0x7db4,0x7db4,0x7df5,0x7dd4,0x7db4,0x7594,0x7dd5,0x7594,0x7d94,0x7db4,0x7db4,0x7d94,0x7d94,0x7594,
  0x7d94,0x7db4,0x7db4,0x7db4,0x7db4,0x7d94,0x7db4,0x7d94,0x7db4,0x7dd4,0x7dd4,0x7573,0x4c2e,0x7dd4,0x85f5,0x7df5,
  0x7db3,0x85f4,0x85f4,0x8614,0x8634,0x8614,0x8614,0x8615,0x8615,0x8e35,0x7df4,0x6d72,0x85f4,0x8614,0x7dd3,0x7dd3,
  0x7df3,0x7df4,0x85f4,0x7dd4,0x7dd3,0x7dd3,0x7dd3,0x7db3,0x7dd3,0x7dd4,0x85f4,0x85f4,0x85f4,0x85f4,0x7dd3,0x7dd4,
  0x7dd3,0x7dd3,0x7db3,0x7593,0x7db3,0x7db3,0x7dd3,0x7dd3,0x7dd3,0x7db3,0x7dd4,0x7dd3,0x7dd4,0x7dd3,0x7dd3,0x7dd3,
  0x7db3,0x7dd3,0x7dd3,0x7db3,0x85f4,0x85f4,0x7dd3,0x85f4,0x7db3,0x75b3,0x75b3,0x7dd4,0x7dd4,0x7dd4,0x7dd4,0x7dd3,
  0x7db3,0x7dd4,0x85f4,0x7dd4,0x85d4,0x85d4,0x85d4,0x64f0,0x7d93,0x85d4,0x7db3,0x7dd4,0x85f4,0x7dd4,0x7df4,0x7dd4,
  0x7df4,0x7df3,0x7df3,0x7dd4,0x7db3,0x7db3,0x7db3,0x7592,0x7572,0x7552,0x7532,0x7d52,0x7511,0x648f,0x644e,0x5c0e,
  0x5bed,0x5bed,0x538c,0x538b,0x538c,0x538c,0x538b,0x536b,0x538c,0x538c,0x536b,0x532a,0x532a,0x534b,0x4b2a,0x4b0a,
  0x4b0a,0x534a,0x5bac,0x63cc,0x5b8b,0x4b4a,0x536b,0x5bcc,0x5bec,0x640d,0x6c6e,0x6c6f,0x746f,0x748f,0x74af,0x7cd0,
  0x74b0,0x74af,0x748f,0x748f,0x748f,0x746f,0x748f,0x748f,0x7caf,0x7caf,0x74af,0x7caf,0x748f,0x746e,0x6c4e,0x6c4e,
  0x6c4e,0x746f,0x746e,0x746e,0x6c2e,0x6c2e,0x640d,0x6c2d,0x6c4e,0x6c2e,0x6c4e,0x6c4e,0x744e,0x744e,0x744e,0x744e,
  0x6c4e,0x744e,0x6c2e,0x6c2e,0x6c2e,0x6c2e,0x6c2d,0x744e,0x6c2d,0x6c2d,0x6c2d,0x6c0d,0x6c0d,0x6c2d,0x6c2e,0x6c0d,
  0x63ec,0x5bac,0x5b8b,0x5b8b,0x63ac,0x5b8b,0x5b8b,0x5b6a,0x532a,0x4ae9,0x4ac9,0x42a8,0x3a67,0x3a88,0x4288,0x3a67,
  0x42a8,0x42c8,0x42c8,0x42c8,0x3aa8,0x42e9,0x4b2a,0x536c,0x53cd,0x5c0e,0x6cb0,0x7d73,0x7d94,0x7573,0x7594,0x7db4,
  0x7594,0x75b4,0x7593,0x7594,0x75b4,0x75b4,0x7dd4,0x7dd5,0x7db5,0x7dd5,0x7dd5,0x7dd5,0x7df5,0x75b4,0x7db4,0x7db4,
  0x7db4,0x7db5,0x7db4,0x7db4,0x7dd5,0x7db4,0x7d94,0x7593,0x7db4,0x7db4,0x7db4,0x7db4,0x7593,0x7594,0x7db4,0x7593,
  0x7594,0x7db4,0x7db4,0x7db4,0x7db4,0x7d94,0x7d93,0x7593,0x7db4,0x7db3,0x7db4,0x7552,0x5c90,0x7db4,0x7dd4,0x7dd4,
  0x85d3,0x85d3,0x8614,0x8635,0x8635,0x8614,0x8615,0x8615,0x8615,0x8615,0x7df4,0x5cf0,0x7df4,0x8614,0x7df4,0x7dd3,
  0x7db3,0x8614,0x85f4,0x7dd3,0x7db3,0x7dd4,0x7dd3,0x7db3,0x7db3,0x7dd4,0x85f4,0x85f4,0x7dd4,0x85f4,0x7df4,0x7db3,
  0x75b3,0x7dd3,0x7db3,0x7d93,0x7db3,0x7dd3,0x7dd3,0x7dd3,0x7db3,0x7db3,0x7dd3,0x7db3,0x7dd3,0x7db3,0x7dd3,0x7db3,
  0x7db3,0x7db3,0x7dd3,0x85f4,0x85f4,0x85f4,0x7dd4,0x7dd4,0x7dd4,0x7dd4,0x7dd4,0x7dd4,0x7dd4,0x7dd4,0x7dd4,0x7dd3,
  0x7dd4,0x7dd4,0x7dd4,0x7dd3,0x7dd4,0x85f4,0x85d4,0x6cf0,0x7d93,0x7db3,0x7dd3,0x7dd3,0x7dd4,0x7dd3,0x7dd3,0x7dd3,
  0x7dd3,0x7dd3,0x7dd3,0x7dd3,0x7db3,0x7d93,0x7593,0x7d93,0x7593,0x7552,0x7531,0x7d32,0x74d0,0x648f,0x5c2d,0x5c0d,
  0x5bec,0x53cc,0x53ac,0x538c,0x538b,0x538b,0x538b,0x538c,0x538b,0x536b,0x4b2a,0x4b0a,0x532a,0x532a,0x534a,0x532a,
  0x534a,0x536a,0x5bcc,0x63ed,0x5bac,0x536b,0x538b,0x640d,0x640d,0x640d,0x746f,0x748f,0x748f,0x748f,0x746f,0x6c2e,
  0x5bac,0x5bac,0x5bac,0x5bac,0x538b,0x534b,0x5b8c,0x63ed,0x6c2e,0x6c0d,0x6c0d,0x6c0d,0x6c0d,0x6c0d,0x6c0d,0x640d,
  0x6c2d,0x6c2d,0x6c4e,0x6c4e,0x6c0d,0x6c0d,0x640d,0x6c2d,0x6c2e,0x6c2d,0x6c2e,0x6c2e,0x744e,0x6c2e,0x6c2e,0x6c2d,
  0x744e,0x744e,0x6c0d,0x6c0d,0x6c0d,0x6c0d,0x6c0d,0x6c4e,0x744e,0x6c0d,0x6c0d,0x6c2e,0x6c0d,0x6c0d,0x6c0d,0x63ed,
  0x63ed,0x63cc,0x5b8b,0x5b8b,0x638b,0x63ac,0x5b8b,0x5b6b,0x532a,0x5309,0x4b09,0x4ac8,0x4288,0x3a68,0x4288,0x3a47,
  0x3a67,0x42a8,0x42c8,0x42c8,0x3a88,0x42e9,0x4b2a,0x538c,0x53ac,0x5bee,0x6490,0x7532,0x7d73,0x7573,0x7db4,0x7db4,
  0x7594,0x7594,0x7594,0x7593,0x7db4,0x7594,0x75b4,0x7db4,0x7db4,0x7dd5,0x7dd5,0x7dd4,0x7dd5,0x7dd4,0x75b4,0x7db4,
  0x7dd5,0x7dd5,0x7db4,0x7d94,0x85d5,0x7db4,0x7db4,0x7db4,0x7dd4,0x7db4,0x7db4,0x7db4,0x7593,0x7db4,0x7d94,0x7593,
  0x7593,0x7594,0x7db4,0x7db4,0x7db4,0x7db4,0x7593,0x7d93,0x7db4,0x7db4,0x7db4,0x6d32,0x5cb0,0x85d5,0x85d5,0x7dd4,
  0x7db3,0x85d4,0x85f4,0x8614,0x8615,0x8614,0x8614,0x8614,0x8e35,0x8614,0x85f4,0x5ccf,0x7dd3,0x8614,0x85f4,0x7dd3,
  0x7dd3,0x7dd3,0x7dd3,0x7dd3,0x7dd3,0x7dd3,0x7dd3,0x7dd3,0x7dd3,0x7dd4,0x85f4,0x7dd4,0x7dd4,0x7df4,0x7df4,0x75b3,
  0x7dd3,0x7dd3,0x7d93,0x7db3,0x7db3,0x7dd3,0x7dd3,0x7dd3,0x7dd3,0x7dd4,0x7dd3,0x7db3,0x7db3,0x7dd3,0x7dd3,0x7593,
  0x7db3,0x7dd3,0x7dd3,0x7dd4,0x85f4,0x7dd3,0x7dd3,0x7dd4,0x7df4,0x7df4,0x7dd4,0x7dd4,0x7dd3,0x75b3,0x7dd4,0x7dd4,
  0x7dd3,0x7dd3,0x7dd4,0x7dd4,0x85d4,0x85d4,0x85f4,0x6d11,0x7d93,0x7dd4,0x7db3,0x7db3,0x7dd4,0x7dd4,0x7db4,0x7dd4,
  0x7dd4,0x7dd4,0x7dd3,0x7dd4,0x7dd4,0x7d93,0x7593,0x7572,0x7593,0x7552,0x7531,0x74f1,0x6c8f,0x644e,0x5c0d,0x5bec,
  0x5bcc,0x53ac,0x5bac,0x538b,0x536b,0x536b,0x538b,0x538b,0x538b,0x4b2a,0x4b2a,0x534a,0x534b,0x534a,0x534a,0x4b09,
  0x534a,0x5b8b,0x63ed,0x63ed,0x5bac,0x5bab,0x63ec,0x640d,0x6c2e,0x746f,0x746f,0x6c2e,0x640e,0x63cd,0x534b,0x3a88,
  0x2a06,0x29e6,0x2a06,0x29e6,0x21a5,0x21c5,0x2a06,0x3247,0x3a88,0x4b0a,0x4ae9,0x42e9,0x4b0a,0x532a,0x5b8b,0x5bac,
  0x5bab,0x63cc,0x63ec,0x63cc,0x6c0d,0x63ed,0x6c0d,0x6c2d,0x63ed,0x640d,0x640e,0x6c0e,0x6c0e,0x6c0d,0x6c0d,0x6c0d,
  0x6c0d,0x63ed,0x6bed,0x63cc,0x63cc,0x63cc,0x63cc,0x63ed,0x63ed,0x63ed,0x63cc,0x63cc,0x63cc,0x5bac,0x5b8c,0x5b8c,
  0x63ac,0x63ac,0x5b8c,0x5b8b,0x638c,0x638c,0x5b6b,0x534a,0x5309,0x5309,0x5309,0x4ac9,0x4288,0x3a68,0x3a68,0x3a68,
  0x3a67,0x42a8,0x42c8,0x42c8,0x3aa8,0x430a,0x4b2a,0x538c,0x5bad,0x5bed,0x644f,0x7532,0x7d73,0x7d93,0x7db4,0x7db4,
  0x7db4,0x7594,0x7594,0x75b4,0x7db4,0x7db4,0x7db4,0x7dd4,0x7dd4,0x75b4,0x75b4,0x7594,0x75b4,0x7db4,0x75b4,0x7db4,
  0x7dd4,0x7db4,0x7db4,0x7db4,0x7db4,0x7db4,0x7db4,0x7d94,0x7db4,0x7593,0x7db4,0x7db4,0x7d93,0x7db4,0x7db4,0x7593,
  0x7573,0x7573,0x7573,0x7573,0x7d94,0x7d93,0x7573,0x7593,0x7d93,0x7db4,0x85d5,0x6cf1,0x64d1,0x85d5,0x85d5,0x7db4,
  0x7d93,0x7db3,0x85f4,0x8614,0x8615,0x85f4,0x85f4,0x8614,0x8e35,0x8614,0x8614,0x5cf0,0x7dd3,0x8614,0x7dd3,0x7dd3,
  0x7dd3,0x7db3,0x7db3,0x75b3,0x7db3,0x7dd3,0x7dd3,0x7db3,0x7db3,0x7db3,0x7dd4,0x85f4,0x7dd4,0x7df4,0x7df4,0x75b3,
  0x7dd3,0x7dd4,0x7db3,0x7db3,0x7db3,0x7dd3,0x7dd3,0x7dd4,0x7db3,0x7dd4,0x7db3,0x7db3,0x7db3,0x7dd3,0x7db3,0x7db3,
  0x7db3,0x7dd4,0x7db3,0x85f4,0x7dd4,0x7dd3,0x7dd3,0x7dd3,0x7dd3,0x7df4,0x7df4,0x7dd4,0x7df4,0x7dd3,0x7dd3,0x7dd3,
  0x7dd4,0x7dd3,0x7dd4,0x7dd4,0x85f4,0x85d4,0x85f4,0x6d31,0x7592,0x7dd4,0x7db3,0x7db4,0x7db4,0x7db4,0x7d93,0x7dd4,
  0x7dd4,0x7dd4,0x7db3,0x7db3,0x7dd4,0x7db3,0x7572,0x7572,0x7572,0x7572,0x7d52,0x74d0,0x646e,0x642d,0x5bec,0x5bcc,
  0x5bcc,0x53ac,0x5bac,0x5b8b,0x4b4a,0x536b,0x536b,0x538b,0x536b,0x4b29,0x42e9,0x4b0a,0x534a,0x4b29,0x4b09,0x4b09,
  0x534a,0x5bcc,0x63ec,0x5bec,0x5bcc,0x5bcc,0x6c2d,0x6c0d,0x6c4e,0x746f,0x63ed,0x4b0a,0x3267,0x29e6,0x21a5,0x1123,
  0x1123,0x1123,0x1103,0x08e2,0x08e2,0x1102,0x1143,0x1123,0x1143,0x2185,0x21a5,0x21a5,0x21a5,0x2a06,0x3a87,0x42c8,
  0x42e9,0x4b2a,0x536b,0x5bab,0x63cc,0x63cc,0x63ed,0x63ed,0x63ed,0x6c0e,0x6c0e,0x6c0e,0x63ed,0x63ed,0x6c0d,0x6bed,
  0x63cc,0x5b8b,0x5b8b,0x5b6b,0x5b6b,0x5b6b,0x5b8c,0x536b,0x536b,0x4b2a,0x42c9,0x3a88,0x3a88,0x3227,0x29e6,0x29e6,
  0x2a06,0x29e6,0x3206,0x4ac9,0x5b6b,0x638c,0x5b6b,0x5b6b,0x5b6b,0x532a,0x4ae9,0x4ac9,0x4288,0x4288,0x3a68,0x4288,
  0x3a87,0x4ac9,0x4ac9,0x42a8,0x42c9,0x4b0a,0x4b0a,0x4b4b,0x538c,0x5bed,0x5c2e,0x6cf1,0x7d93,0x7573,0x7d93,0x75b4,
  0x7594,0x75b4,0x7594,0x75b4,0x75b4,0x7dd4,0x7df5,0x7dd5,0x7dd5,0x75b4,0x75b4,0x7dd4,0x7dd5,0x75b4,0x7594,0x7db4,
  0x7dd4,0x75b4,0x75b4,0x7d94,0x7593,0x7593,0x7d93,0x7d93,0x7d93,0x7573,0x7db3,0x7db3,0x7d93,0x7db4,0x7db4,0x7573,
  0x7593,0x7573,0x7553,0x7573,0x7593,0x7593,0x7d93,0x7573,0x7573,0x7d93,0x85f5,0x64d1,0x6cf2,0x85d5,0x85d5,0x7db4,
  0x7d93,0x7db3,0x85f4,0x8614,0x8614,0x7dd4,0x7df3,0x8614,0x85f4,0x85f4,0x7dd3,0x6511,0x7db3,0x8614,0x7dd3,0x85f4,
  0x85f3,0x7dd3,0x7db2,0x75b3,0x75b3,0x7db3,0x7db3,0x7db3,0x7db3,0x7dd3,0x7dd3,0x7dd3,0x7db3,0x7dd3,0x7dd3,0x7dd4,
  0x7dd4,0x7dd3,0x7dd4,0x7dd3,0x7db3,0x7dd4,0x7db3,0x7dd4,0x7db3,0x7dd4,0x7dd3,0x7dd3,0x7dd3,0x7dd4,0x7dd3,0x7dd3,
  0x7df4,0x7dd4,0x7dd3,0x7dd3,0x7dd4,0x7dd3,0x7dd4,0x7dd4,0x7dd4,0x7dd3,0x7db3,0x7dd4,0x85f4,0x7db3,0x7db3,0x7dd3,
  0x7dd3,0x7dd4,0x7dd3,0x7db3,0x85f4,0x7dd3,0x85f4,0x6d31,0x7572,0x7dd4,0x7d93,0x7db3,0x7db3,0x7db4,0x7db3,0x7db3,
  0x7db4,0x75b3,0x75b3,0x7db3,0x7dd3,0x7dd3,0x7592,0x7572,0x7d93,0x7d52,0x7511,0x648f,0x644e,0x640d,0x5bec,0x5bcc,
  0x5bec,0x5bcc,0x5bcc,0x5b8b,0x534a,0x534a,0x536a,0x538b,0x536a,0x4309,0x3ac8,0x4b09,0x4b09,0x42c9,0x42e9,0x4b4a,
  0x538b,0x640c,0x640c,0x5bcc,0x5bcc,0x63ec,0x6c2d,0x6c2d,0x640d,0x4b2a,0x2a06,0x1163,0x1143,0x1123,0x1123,0x1143,
  0x1103,0x1102,0x10e2,0x1103,0x10e2,0x1103,0x1123,0x1103,0x1103,0x1943,0x2185,0x2185,0x1964,0x2184,0x29c5,0x2a06,
  0x2a26,0x3a67,0x42c8,0x4b09,0x536b,0x63cc,0x63ed,0x63ed,0x63ec,0x63ed,0x6c0e,0x6bed,0x6bed,0x63cd,0x63ac,0x5b8b,
  0x5b6b,0x534a,0x5309,0x4ac9,0x4ac9,0x4288,0x4288,0x3a68,0x2a06,0x1984,0x2184,0x1964,0x1103,0x08e2,0x00a1,0x1103,
  0x08e2,0x00c1,0x08c1,0x1123,0x29c5,0x42c9,0x534b,0x5b6b,0x5b4a,0x4b2a,0x4ae9,0x42a8,0x42a9,0x4288,0x3a68,0x3a67,
  0x42a8,0x4ae9,0x4ae9,0x42a8,0x42e9,0x42e9,0x4b0a,0x4b2a,0x536b,0x5bed,0x5c0e,0x6cd0,0x7d93,0x7d93,0x7db4,0x7db4,
  0x7db4,0x75b4,0x75b4,0x75b4,0x7594,0x7dd4,0x7dd5,0x7dd5,0x7dd5,0x7dd4,0x7594,0x7dd4,0x7dd5,0x75b4,0x7db4,0x75b4,
  0x75b4,0x7db4,0x75b4,0x7d94,0x7593,0x7593,0x7db3,0x7d93,0x7db3,0x7db3,0x7d93,0x7db3,0x7d93,0x7db3,0x7db4,0x7d93,
  0x7593,0x7552,0x7572,0x6d52,0x7573,0x7593,0x7593,0x7572,0x7573,0x7d93,0x85d4,0x64d0,0x64f1,0x85d5,0x7db4,0x7d94,
  0x7d93,0x85d4,0x7dd4,0x7dd3,0x7dd3,0x7dd3,0x85f4,0x85f4,0x7dd3,0x8614,0x85f4,0x6d51,0x7db3,0x8634,0x7df4,0x85f4,
  0x8614,0x7dd3,0x7dd3,0x7dd3,0x7df3,0x7dd3,0x7dd3,0x7dd4,0x7dd3,0x7dd3,0x7dd3,0x7db3,0x7db3,0x7db3,0x7db3,0x75b3,
  0x7dd3,0x7df4,0x7db3,0x7593,0x7db3,0x7db3,0x7dd3,0x7db3,0x7db3,0x7db3,0x7593,0x7db3,0x7db3,0x7dd3,0x7dd3,0x7df4,
  0x7dd3,0x7db3,0x7db3,0x7db3,0x7dd3,0x7dd4,0x7dd4,0x7dd4,0x85f4,0x7df4,0x7dd3,0x7dd4,0x7dd4,0x7dd3,0x7dd3,0x7dd4,
  0x7db3,0x7db3,0x7db3,0x7db3,0x85d4,0x7dd3,0x85f4,0x6d11,0x6d52,0x85d4,0x7db3,0x7db3,0x7db3,0x7db3,0x7db3,0x7db3,
  0x7db3,0x7db3,0x7db3,0x7db3,0x7db3,0x7593,0x7d93,0x7572,0x7d72,0x7d52,0x7511,0x646e,0x642e,0x5bed,0x5bec,0x53cc,
  0x5bcc,0x5bab,0x538b,0x534a,0x4b29,0x4b29,0x4b4a,0x4b4a,0x4b29,0x42e8,0x42e8,0x4b09,0x4b09,0x42c8,0x42e8,0x536a,
  0x5bcc,0x640d,0x5bec,0x63ec,0x5bcc,0x6c2d,0x6c2d,0x5bab,0x3267,0x19a4,0x1143,0x1964,0x21a5,0x1964,0x1943,0x1964,
  0x1123,0x1923,0x1103,0x1923,0x1103,0x1923,0x1903,0x1103,0x1903,0x1923,0x2164,0x2985,0x21a5,0x2184,0x21a4,0x21c5,
  0x2a06,0x3246,0x3a67,0x42c8,0x4b09,0x534b,0x63cc,0x63cc,0x63cc,0x63ed,0x63cd,0x63cd,0x63ad,0x638c,0x638c,0x534a,
  0x530a,0x4ae9,0x4267,0x3206,0x3206,0x21a5,0x2164,0x1944,0x1103,0x1102,0x1102,0x1102,0x08c2,0x08c2,0x08c2,0x08e2,
  0x08e2,0x08c1,0x08e2,0x08e2,0x1102,0x2184,0x3247,0x532a,0x5b4b,0x532a,0x4ae9,0x42c9,0x42c9,0x42a9,0x3a68,0x3a67,
  0x4287,0x4ac9,0x530a,0x42a8,0x42c8,0x42e9,0x4aea,0x4b2a,0x4b4b,0x53cd,0x5c0e,0x648f,0x7d93,0x7db4,0x7db4,0x7dd4,
  0x75b4,0x7594,0x7dd4,0x75b4,0x75b4,0x7dd4,0x7dd5,0x7dd5,0x75b4,0x75b4,0x6d73,0x75b4,0x7db4,0x7dd4,0x75b4,0x7db4,
  0x75b4,0x7db4,0x7dd4,0x7594,0x7d93,0x7d93,0x7db4,0x7db3,0x7593,0x7db3,0x7db3,0x7db3,0x7d93,0x7db3,0x7db4,0x7d93,
  0x7593,0x7593,0x7573,0x7593,0x7573,0x7573,0x7d93,0x7d93,0x7d73,0x7d73,0x7db4,0x64d0,0x6cf1,0x7db4,0x7d94,0x7594,
  0x7d93,0x7db3,0x85d4,0x85f4,0x85f4,0x85f3,0x8615,0x8614,0x7dd4,0x8614,0x85f4,0x7571,0x75b2,0x8634,0x7dd3,0x7df4,
  0x7dd3,0x7db3,0x7dd3,0x7dd3,0x7dd3,0x7dd3,0x7db3,0x7dd3,0x7db3,0x7dd3,0x7db3,0x7db3,0x7592,0x7593,0x7db3,0x7592,
  0x7db3,0x7db3,0x7db3,0x7db3,0x7db3,0x7d93,0x7db3,0x7db3,0x7db3,0x7db3,0x7db3,0x7db3,0x7db3,0x7db3,0x7db3,0x7dd3,
  0x7db3,0x7db3,0x7db3,0x7dd4,0x7db3,0x7dd4,0x7dd4,0x7dd4,0x7dd4,0x7db3,0x7dd4,0x7dd4,0x7dd4,0x85f4,0x7dd4,0x7dd4,
  0x7dd3,0x7db3,0x7dd3,0x7db3,0x7dd4,0x7dd4,0x85f4,0x6d31,0x6d11,0x85d4,0x7db3,0x7db3,0x7db3,0x7db3,0x7db3,0x7db3,
  0x7db3,0x7db3,0x7db3,0x7dd3,0x7db3,0x7db3,0x7d93,0x7d93,0x7d93,0x7511,0x64af,0x5c2d,0x642e,0x5bed,0x5bcd,0x53ac,
  0x53ab,0x536b,0x4b29,0x4b2a,0x42e9,0x42e9,0x536a,0x4309,0x32a7,0x4309,0x4b09,0x4b2a,0x532a,0x4308,0x4309,0x538b,
  0x53ab,0x5bed,0x5bed,0x63ec,0x640d,0x6c2d,0x63ed,0x42c8,0x2a26,0x3268,0x3a88,0x3268,0x3a88,0x3a27,0x2184,0x2184,
  0x2185,0x1944,0x1924,0x1903,0x1903,0x2144,0x1923,0x2124,0x2144,0x1923,0x1923,0x2164,0x2164,0x2184,0x2184,0x29c5,
  0x29e5,0x29e6,0x3a67,0x3a88,0x42a9,0x4b2a,0x5bac,0x63ac,0x5bac,0x63cd,0x63ad,0x63cd,0x63cd,0x5b8c,0x5b4b,0x4ac9,
  0x4288,0x4267,0x3206,0x29c5,0x29a5,0x1964,0x1923,0x10e2,0x10e2,0x10e3,0x10c2,0x10e2,0x08c2,0x08c2,0x08e2,0x08e2,
  0x08c2,0x08c1,0x1102,0x1103,0x1102,0x1102,0x1143,0x3a68,0x532b,0x532b,0x4b0a,0x4aea,0x4ac9,0x42a9,0x3a88,0x3a88,
  0x3a87,0x4ac9,0x4b09,0x42c8,0x42a8,0x42c9,0x4309,0x4b2a,0x4b4b,0x53cd,0x540d,0x646f,0x7531,0x7d93,0x7db4,0x7db4,
  0x75b4,0x75b4,0x7dd5,0x75b4,0x7db4,0x75b4,0x7dd5,0x7dd4,0x7dd5,0x75b4,0x7594,0x75b4,0x7db4,0x75b4,0x75b4,0x7dd4,
  0x75b4,0x7dd4,0x85f5,0x7db4,0x7db4,0x7db3,0x7d93,0x7593,0x7d93,0x7db3,0x7db3,0x7db3,0x7593,0x7db3,0x7d93,0x7db3,
  0x7db3,0x7593,0x7d93,0x7593,0x7593,0x7573,0x7d93,0x7d73,0x7d73,0x7d93,0x7d93,0x6d11,0x7553,0x7db4,0x7db4,0x7db4,
  0x7d93,0x7db3,0x85f4,0x7dd3,0x7df3,0x85f4,0x85f4,0x85f4,0x7dd4,0x85f4,0x85f4,0x6d51,0x6d31,0x8634,0x7df4,0x7df3,
  0x7dd3,0x7dd3,0x7dd3,0x7dd3,0x7dd3,0x7dd3,0x7593,0x7db3,0x7db3,0x7db3,0x7db3,0x7db3,0x7db3,0x7593,0x7db3,0x7db3,
  0x7593,0x7593,0x7593,0x7db3,0x7593,0x7d93,0x7d93,0x7db3,0x7db3,0x7593,0x7db3,0x7db3,0x7db3,0x7db3,0x7db3,0x7db3,
  0x7db3,0x7db3,0x7db4,0x7dd4,0x7dd4,0x7dd4,0x7dd3,0x7dd3,0x7dd4,0x7dd4,0x7dd4,0x7df4,0x7dd4,0x7dd4,0x7dd4,0x7dd4,
  0x7dd4,0x7dd4,0x7db3,0x7dd4,0x7dd3,0x7db3,0x85f4,0x7552,0x6d51,0x7dd4,0x7db3,0x7db3,0x7db3,0x7db3,0x7db3,0x7db3,
  0x7db3,0x7db3,0x7db3,0x7db3,0x7db3,0x7593,0x7db3,0x85b3,0x7d93,0x6cf0,0x648e,0x5c2d,0x5c0d,0x5bed,0x5bcd,0x538b,
  0x53ac,0x538b,0x4b2a,0x4b09,0x4b09,0x42c8,0x4b29,0x3aa8,0x3287,0x4309,0x4309,0x4b09,0x4b09,0x42c8,0x4b29,0x53ab,
  0x5bec,0x5bed,0x640d,0x640d,0x640d,0x63ed,0x5bac,0x536b,0x534b,0x4b2a,0x4b2a,0x3a68,0x4288,0x3a27,0x2164,0x2164,
  0x29c6,0x2164,0x1924,0x1903,0x1924,0x2165,0x2164,0x2965,0x2144,0x2144,0x2144,0x2964,0x2985,0x29a5,0x2184,0x21a5,
  0x29c6,0x29e6,0x3227,0x3a68,0x42c9,0x532a,0x5b8c,0x5bac,0x63ad,0x63ad,0x63ac,0x63ad,0x5b8c,0x532b,0x52ea,0x4288,
  0x3a47,0x3205,0x29c5,0x2984,0x2144,0x1943,0x1923,0x10e3,0x1103,0x1103,0x10e2,0x10e2,0x08c2,0x08e2,0x1103,0x1103,
  0x1944,0x1943,0x1923,0x1123,0x08e2,0x1102,0x0902,0x1984,0x42a9,0x534b,0x532b,0x4aea,0x4aca,0x42c9,0x3a88,0x3a67,
  0x3a87,0x4ae9,0x4ae9,0x4ae9,0x4ae9,0x42e9,0x42e9,0x42e9,0x4b4b,0x53ac,0x53ed,0x5c4e,0x6cf1,0x7db3,0x7db4,0x7db4,
  0x7db4,0x7db4,0x7db4,0x75b4,0x7dd4,0x75b4,0x7db4,0x75b4,0x7db4,0x7db4,0x7593,0x7db4,0x7dd4,0x7dd5,0x7db4,0x75b4,
  0x75b4,0x75b4,0x7593,0x7593,0x75b3,0x7db3,0x7db3,0x7593,0x7db3,0x7db3,0x7db3,0x7db3,0x7db3,0x7db3,0x7db3,0x7d93,
  0x7d93,0x7d93,0x7593,0x7593,0x7573,0x7d93,0x7572,0x7552,0x7573,0x7d93,0x7d73,0x6cf1,0x7d93,0x7db4,0x7dd4,0x7db4,
  0x7d93,0x7db3,0x85d4,0x7df4,0x7dd3,0x8614,0x8614,0x85f4,0x85f4,0x7dd3,0x8e35,0x7592,0x64f0,0x8634,0x85f4,0x7df3,
  0x7df3,0x7dd3,0x7dd3,0x7dd3,0x7db3,0x7db3,0x7593,0x7db3,0x7dd3,0x7db3,0x7db3,0x7db3,0x7db3,0x7593,0x7d93,0x7db3,
  0x7d93,0x7db3,0x7db3,0x7db3,0x7d93,0x7db3,0x7d93,0x7db3,0x7db3,0x7db3,0x7db3,0x7db3,0x7db3,0x7db3,0x7db3,0x7593,
  0x7db3,0x85d4,0x7db4,0x7db3,0x7db3,0x7dd4,0x7dd4,0x7dd4,0x7dd3,0x7dd4,0x7dd3,0x7db3,0x7dd4,0x7dd4,0x7db3,0x7dd3,
  0x7dd4,0x7dd3,0x7db3,0x7dd4,0x7db3,0x7db3,0x7dd4,0x7552,0x6511,0x7dd4,0x7dd3,0x7db3,0x7db3,0x7db3,0x7db3,0x7db3,
  0x7db3,0x7dd3,0x7db3,0x7593,0x7db3,0x7db3,0x7dd4,0x7db3,0x7d72,0x6cf0,0x648e,0x5c0d,0x640d,0x5bed,0x53ac,0x4b6b,
  0x538b,0x536b,0x4b0a,0x4ae9,0x4b09,0x42c8,0x42c8,0x3287,0x3287,0x3ac8,0x42e8,0x4b09,0x4b29,0x42c8,0x4b4a,0x5bcc,
  0x640d,0x642d,0x640d,0x640d,0x63ed,0x5bcc,0x63ec,0x63cd,0x4b2b,0x3268,0x3a88,0x3227,0x3207,0x31e6,0x1944,0x1103,
  0x2164,0x1903,0x10c3,0x1904,0x1903,0x2144,0x2164,0x1923,0x1903,0x2144,0x29a5,0x31a6,0x31c6,0x31e6,0x31e6,0x3206,
  0x3206,0x3206,0x3227,0x4288,0x4b0a,0x534b,0x536b,0x5b8c,0x5bac,0x5b8c,0x5b6c,0x638c,0x5b6c,0x4aea,0x4ac9,0x3a47,
  0x31e5,0x31e5,0x2984,0x2164,0x2144,0x1923,0x1903,0x1923,0x1923,0x1923,0x1923,0x1924,0x1924,0x2164,0x2164,0x2165,
  0x2185,0x2185,0x29a6,0x3207,0x29c6,0x21c5,0x1984,0x1964,0x21c5,0x3a88,0x4b0a,0x4aea,0x4b0a,0x42e9,0x42a8,0x3247,
  0x3a67,0x42c8,0x4ae9,0x42c9,0x4ae9,0x4ae9,0x430a,0x4b2a,0x4b4b,0x53ac,0x53ed,0x540d,0x5c8f,0x7572,0x7d93,0x7db4,
  0x7db4,0x7db4,0x75b4,0x75b4,0x7dd4,0x7db4,0x7594,0x75b4,0x7db4,0x7db4,0x7593,0x7594,0x75b4,0x7dd4,0x7594,0x7594,
  0x7594,0x75b4,0x7593,0x75b3,0x7db4,0x7db4,0x7593,0x7593,0x7d93,0x7db3,0x7dd4,0x7db3,0x7dd4,0x7db4,0x7d93,0x7d93,
  0x7d93,0x7573,0x7572,0x7552,0x7552,0x7572,0x7d73,0x7553,0x7d53,0x7d73,0x7552,0x6d11,0x7d73,0x7db4,0x85d5,0x7d94,
  0x7db3,0x7db3,0x7dd4,0x7df4,0x85f4,0x8614,0x8614,0x85f4,0x8614,0x85f4,0x8e35,0x7db3,0x5cd0,0x85f4,0x7dd3,0x7dd3,
  0x7dd3,0x7df3,0x7dd3,0x7db3,0x7592,0x7592,0x7d93,0x7db3,0x7dd3,0x7db3,0x7db3,0x7dd3,0x7db3,0x7db3,0x7d93,0x7d93,
  0x7db3,0x7d93,0x7db3,0x7db3,0x7db3,0x7db3,0x7db3,0x7db3,0x7dd3,0x7dd3,0x7dd3,0x7dd3,0x7d93,0x7db3,0x7db3,0x7db3,
  0x7db3,0x85d4,0x85d4,0x7db3,0x7db3,0x7dd3,0x7dd4,0x7dd4,0x7db3,0x7db3,0x7db3,0x7db3,0x7dd4,0x7dd4,0x7dd3,0x7dd4,
  0x7dd3,0x7dd4,0x7dd4,0x7dd4,0x7db3,0x7db3,0x7db3,0x6d52,0x6511,0x85f4,0x7dd3,0x7db3,0x7db3,0x7dd3,0x7db3,0x7dd3,
  0x7db3,0x7db3,0x7db3,0x7db3,0x7db3,0x7db3,0x7db3,0x7572,0x6d31,0x64af,0x646e,0x5c2d,0x5bec,0x5bcc,0x538c,0x4b4b,
  0x536b,0x536b,0x4b0a,0x42c9,0x42a8,0x3a88,0x3266,0x3246,0x3a87,0x3aa8,0x4309,0x4b09,0x4b09,0x4b09,0x4b4a,0x63ec,
  0x642d,0x642d,0x642d,0x642d,0x640d,0x63ec,0x5bcc,0x536b,0x42ea,0x29e6,0x21a5,0x1964,0x1964,0x29a5,0x1923,0x10e3,
  0x10e2,0x10c2,0x10a2,0x10c2,0x10c2,0x1903,0x18e3,0x10c2,0x10c2,0x1903,0x2164,0x29a5,0x29a5,0x31e6,0x3a27,0x3a68,
  0x3a68,0x3a88,0x4288,0x42c9,0x534b,0x534b,0x536b,0x5b8c,0x5bac,0x5bac,0x5b8c,0x5b6b,0x530a,0x4ac9,0x4288,0x3a27,
  0x31e5,0x29a4,0x2964,0x2164,0x2124,0x2123,0x2143,0x2164,0x2144,0x1923,0x2144,0x1904,0x1924,0x29a6,0x2185,0x2165,
  0x2185,0x21a5,0x3207,0x3a68,0x4288,0x42a9,0x42a9,0x3aa8,0x3267,0x3267,0x4b0a,0x4b2a,0x4b2a,0x4ae9,0x42a8,0x3267,
  0x3267,0x42a8,0x42c8,0x4ae9,0x4ae9,0x4b09,0x534b,0x4b4a,0x4b4b,0x53cc,0x5c0e,0x5c4e,0x5c8f,0x6d11,0x7573,0x7db4,
  0x7593,0x7db4,0x7db4,0x7db4,0x7db4,0x7db4,0x7db4,0x7db4,0x7db4,0x7db4,0x7db4,0x7db4,0x7dd4,0x75b4,0x7594,0x7594,
  0x7db4,0x7db4,0x75b4,0x75b3,0x7dd4,0x7db4,0x7593,0x7d93,0x7db4,0x7db3,0x7db3,0x7db3,0x7db4,0x7db3,0x7593,0x7573,
  0x7573,0x7d93,0x6d52,0x6d32,0x7572,0x7552,0x7552,0x7532,0x7d73,0x7d73,0x7d52,0x5c4f,0x7d93,0x7db4,0x7db4,0x7db4,
  0x7db3,0x85d3,0x7dd3,0x7dd3,0x7dd3,0x85f4,0x85f4,0x7dd3,0x7dd3,0x85f4,0x8615,0x7dd3,0x5ccf,0x7df4,0x85f4,0x7dd3,
  0x7df3,0x7dd3,0x7dd3,0x7db3,0x7db3,0x7db3,0x7593,0x7db3,0x7dd3,0x7db3,0x7db3,0x7dd4,0x7dd3,0x7db3,0x7db3,0x7db3,
  0x7db3,0x7db3,0x7d93,0x7d93,0x7d93,0x7db3,0x7db3,0x7db3,0x7dd3,0x7d92,0x7db3,0x7db3,0x7dd3,0x7dd4,0x7db3,0x7db3,
  0x7dd4,0x7dd4,0x7db3,0x7db3,0x7dd4,0x7dd3,0x7db3,0x7db3,0x7db3,0x7db3,0x7db3,0x7dd3,0x7db3,0x7db3,0x7dd4,0x7dd3,
  0x7dd4,0x85f4,0x7dd3,0x7db3,0x7db3,0x7d93,0x7db3,0x7572,0x64f0,0x7dd4,0x7dd4,0x7db3,0x7db3,0x7db3,0x7db3,0x7dd4,
  0x7dd3,0x7dd3,0x7dd3,0x7db3,0x75b3,0x75b3,0x7db3,0x7d93,0x6d11,0x648f,0x646e,0x644e,0x5bcc,0x53ac,0x536b,0x536b,
  0x536b,0x4b2b,0x4b2a,0x42a8,0x3a88,0x3a67,0x3206,0x2a05,0x3267,0x42c8,0x4b09,0x4b29,0x4b29,0x4b29,0x536a,0x63ec,
  0x6c2d,0x640d,0x640d,0x642d,0x640d,0x640d,0x5bcc,0x536b,0x4aea,0x21c5,0x08e2,0x10e3,0x10e2,0x1103,0x10e3,0x08a2,
  0x08a2,0x08a2,0x0882,0x08a2,0x10a2,0x0882,0x10a2,0x10a2,0x08a1,0x1903,0x1903,0x1923,0x29a5,0x29a5,0x3207,0x3a48,
  0x3a47,0x4288,0x4ac9,0x4b0a,0x4b2a,0x534b,0x534b,0x5b8c,0x5b8c,0x5b8c,0x5b6b,0x532b,0x530a,0x4ac9,0x4267,0x3a47,
  0x3a06,0x29a5,0x29a5,0x2984,0x2144,0x2164,0x2164,0x2164,0x2144,0x1903,0x1924,0x10e3,0x10e3,0x1924,0x1924,0x1924,
  0x1923,0x2164,0x29c6,0x3a27,0x3a68,0x42a9,0x3aa9,0x42e9,0x4b0a,0x4b0a,0x534b,0x534b,0x4b2a,0x42c9,0x3a88,0x3a87,
  0x3267,0x3a88,0x4ae9,0x4b0a,0x4b0a,0x4b0a,0x4b6b,0x4b4a,0x432a,0x4bac,0x53ed,0x5c4e,0x648f,0x7512,0x7d93,0x7d93,
  0x7573,0x7593,0x75b4,0x7dd4,0x7dd4,0x7db4,0x7dd4,0x7db4,0x7db4,0x7db4,0x75b4,0x75b4,0x75b4,0x75b4,0x7dd4,0x75b4,
  0x75b3,0x75b4,0x75b3,0x7593,0x75b3,0x7593,0x7db4,0x7d93,0x7db4,0x7593,0x7593,0x7d93,0x7d93,0x7573,0x7d93,0x7572,
  0x7573,0x7572,0x7532,0x7552,0x7532,0x7552,0x7552,0x7552,0x7d53,0x7d73,0x7d52,0x540d,0x7d73,0x85d4,0x85b4,0x7db4,
  0x7db3,0x85d3,0x7dd3,0x7dd3,0x7dd3,0x7dd3,0x7dd3,0x7dd3,0x7db3,0x85f4,0x8615,0x7dd4,0x64f0,0x7dd3,0x85f4,0x7dd3,
  0x7dd3,0x7db3,0x7dd3,0x7db3,0x7db3,0x7db3,0x7db3,0x7db3,0x7db3,0x7db3,0x7db3,0x7db3,0x7dd3,0x7db3,0x7db3,0x7d93,
  0x7db3,0x7d93,0x7d93,0x7d93,0x7d93,0x7d93,0x7db3,0x7dd3,0x7dd3,0x7db3,0x7db3,0x7db3,0x7dd3,0x7dd4,0x7db3,0x7db3,
  0x7db3,0x7db3,0x7db3,0x7dd3,0x7dd3,0x7db3,0x7db3,0x7db3,0x7dd4,0x7db3,0x7593,0x7dd3,0x7db3,0x7dd3,0x7dd3,0x7db3,
  0x7db3,0x7db3,0x7db3,0x7db3,0x7db3,0x7db3,0x85d4,0x7572,0x64f0,0x85d4,0x7db3,0x7db3,0x7db3,0x7db3,0x7db3,0x7db3,
  0x7db3,0x7db3,0x7db3,0x7db3,0x75b3,0x7593,0x7db3,0x7d93,0x6d11,0x646f,0x5c4e,0x5c0d,0x53cc,0x53ac,0x536b,0x534b,
  0x4b0a,0x4b0a,0x42e9,0x3a88,0x4288,0x3246,0x29c5,0x29c4,0x3205,0x4ae9,0x4b09,0x4b09,0x4b09,0x4b29,0x538b,0x640d,
  0x642d,0x642d,0x640d,0x640c,0x640d,0x63ed,0x534b,0x3aa8,0x3247,0x29e6,0x1103,0x08c2,0x08a1,0x08a2,0x08a1,0x0881,
  0x0881,0x0881,0x0881,0x0881,0x0881,0x0881,0x08a1,0x10a1,0x08a1,0x10c2,0x1903,0x1923,0x1923,0x29a5,0x3207,0x3227,
  0x3a27,0x3a68,0x42c9,0x4b0a,0x534b,0x4b2a,0x536b,0x5b8c,0x536b,0x536b,0x536b,0x532b,0x4ae9,0x4aa9,0x3a47,0x3a47,
  0x3a06,0x31c5,0x31c5,0x2985,0x2164,0x2144,0x2124,0x1923,0x1903,0x10c2,0x08c2,0x08c2,0x08c2,0x10c2,0x10e2,0x10c2,
  0x10e3,0x10e3,0x1944,0x29c6,0x3a47,0x3a48,0x3227,0x3aa8,0x4b2b,0x532b,0x534b,0x532b,0x4b2a,0x4b0a,0x42c9,0x3a88,
  0x3267,0x3aa8,0x4b0a,0x4b2a,0x4b0a,0x4b2a,0x538c,0x4b6b,0x4b6b,0x4b8c,0x53cd,0x5c2e,0x648f,0x7511,0x7d93,0x7d73,
  0x7593,0x7593,0x75b3,0x7db3,0x75b3,0x7db3,0x7dd4,0x7db4,0x7db4,0x7594,0x75b4,0x75b4,0x7594,0x75b4,0x7db4,0x75b4,
  0x7593,0x75b4,0x75b4,0x75b4,0x7593,0x7db4,0x7d93,0x7db4,0x7db4,0x7573,0x7593,0x7d93,0x7d93,0x7552,0x7573,0x7572,
  0x7552,0x7572,0x7552,0x7553,0x7552,0x7552,0x7d73,0x7d73,0x7552,0x7d93,0x7532,0x542e,0x7d93,0x85b4,0x85b4,0x85b4,
  0x7db3,0x7db3,0x7dd3,0x7dd3,0x7df3,0x7dd3,0x7df4,0x7dd3,0x7dd3,0x8614,0x85f4,0x85f4,0x5cd0,0x7dd3,0x85f4,0x7dd3,
  0x7dd3,0x7dd3,0x7dd3,0x7db3,0x7db3,0x7593,0x7db3,0x7db3,0x7dd3,0x7db3,0x7db3,0x7db3,0x7db3,0x7dd3,0x7db3,0x7d93,
  0x7d93,0x7d93,0x7db3,0x7d93,0x7d93,0x7db3,0x7db3,0x7dd3,0x7dd3,0x7db3,0x7db3,0x7dd4,0x7dd4,0x7db3,0x7db3,0x7db3,
  0x7db3,0x7db3,0x7dd4,0x7dd4,0x7db3,0x7db3,0x7db3,0x7dd3,0x7db3,0x7db3,0x7db3,0x7dd3,0x7dd3,0x7dd3,0x7db3,0x7db3,
  0x7db3,0x7db3,0x7db3,0x7db3,0x7d93,0x7d93,0x7db3,0x7593,0x6d11,0x7db3,0x7db3,0x7db3,0x7dd3,0x7db3,0x7db3,0x7db3,
  0x7db3,0x7db3,0x7db3,0x7db3,0x7593,0x7593,0x7593,0x7552,0x6cd0,0x646e,0x5c2d,0x5bec,0x5bec,0x63ed,0x536b,0x4b2a,
  0x4b2a,0x4b09,0x42c9,0x3a88,0x3a47,0x2a05,0x2183,0x21a4,0x29e5,0x42a8,0x4ae9,0x4b09,0x534a,0x4b2a,0x5bac,0x6c2d,
  0x6c2d,0x640d,0x640d,0x640d,0x640d,0x63cc,0x534b,0x21c5,0x1123,0x1944,0x1103,0x08c2,0x08a1,0x0081,0x0881,0x08a1,
  0x0881,0x0881,0x0881,0x0881,0x0881,0x0881,0x10a2,0x10a2,0x08a1,0x08a1,0x08a1,0x1903,0x2144,0x2985,0x3206,0x3206,
  0x3207,0x3247,0x3aa8,0x42e9,0x534b,0x534b,0x5bac,0x5b8c,0x5b8c,0x534b,0x536b,0x4b0a,0x42a9,0x4288,0x3a27,0x3206,
  0x31c5,0x31c5,0x29a5,0x2985,0x2964,0x1923,0x10e2,0x10a2,0x08a2,0x08a2,0x08c2,0x08a2,0x08a2,0x08a2,0x08a1,0x08a2,
  0x10c2,0x10c2,0x10e3,0x2165,0x29c6,0x29c6,0x2a06,0x42a9,0x4aea,0x532b,0x532b,0x4b0a,0x4b0a,0x4b2a,0x42e9,0x3267,
  0x3267,0x3a88,0x4b0a,0x532a,0x4b0a,0x4b4a,0x53ac,0x53ac,0x53ac,0x53ac,0x5c0e,0x5c4e,0x646f,0x6cf1,0x7d73,0x7573,
  0x7d93,0x7593,0x7593,0x7593,0x7d93,0x7db3,0x7db4,0x7db4,0x7db4,0x7d94,0x7594,0x75b4,0x7dd5,0x75b4,0x7593,0x75b4,
  0x75b4,0x75b4,0x7dd4,0x7db4,0x7d93,0x7d93,0x7573,0x7593,0x7593,0x7593,0x7593,0x7db3,0x7d93,0x6d52,0x7572,0x7593,
  0x7573,0x7573,0x7552,0x6d11,0x7552,0x7573,0x7572,0x7d73,0x7532,0x7d93,0x6cf1,0x544f,0x85b4,0x7db4,0x7db4,0x7d93,
  0x7db3,0x7dd3,0x7dd3,0x7dd3,0x7dd3,0x7db3,0x85f4,0x85f4,0x7dd3,0x85f4,0x85f4,0x85f4,0x5cd0,0x7db3,0x7dd4,0x7dd4,
  0x7dd4,0x7dd3,0x7dd3,0x7db3,0x7592,0x7593,0x7db3,0x7db3,0x7db3,0x7dd3,0x7db3,0x7db3,0x7db3,0x7dd4,0x7db3,0x7dd4,
  0x7db3,0x7db3,0x7db3,0x7db3,0x7db3,0x7db3,0x7db3,0x7db3,0x7db3,0x7dd3,0x7db3,0x7dd4,0x7db3,0x7db3,0x7dd4,0x7dd4,
  0x7db3,0x7db3,0x7db3,0x7db3,0x7db3,0x7db3,0x7db3,0x7dd4,0x7db3,0x7db3,0x7dd3,0x7db3,0x7db3,0x7dd4,0x7db3,0x7593,
  0x7db3,0x7db3,0x7db3,0x7db3,0x7db3,0x7db3,0x7db3,0x7572,0x6510,0x7dd4,0x7db3,0x7db3,0x7db3,0x7db3,0x7db3,0x7db3,
  0x7db3,0x7593,0x7593,0x7593,0x7592,0x7572,0x7572,0x6cf1,0x648f,0x646e,0x5c0d,0x5c0d,0x5bec,0x5bac,0x4b4a,0x4b4a,
  0x4b2a,0x42e9,0x42a8,0x3a67,0x3206,0x2184,0x1943,0x2163,0x29c4,0x3226,0x3a87,0x532a,0x5b8b,0x534a,0x5bac,0x6c0d,
  0x640c,0x6c0d,0x6c0d,0x63ec,0x63ed,0x5b8b,0x532b,0x3207,0x1923,0x10e2,0x08c2,0x08a2,0x08a2,0x0881,0x0881,0x08a1,
  0x0081,0x08a2,0x08a2,0x08a2,0x08a2,0x10e2,0x1923,0x10c2,0x08a2,0x08a2,0x08c2,0x10c2,0x1923,0x2185,0x31e6,0x3a27,
  0x3206,0x3226,0x3a67,0x42a8,0x4b0a,0x536b,0x5bcc,0x5bcc,0x5bac,0x5b8c,0x534b,0x4aea,0x4288,0x3a47,0x3a06,0x31e6,
  0x29a5,0x2984,0x2984,0x2144,0x1903,0x10e2,0x08a1,0x0861,0x0881,0x08a2,0x10c2,0x08a2,0x08a2,0x08a2,0x10c2,0x10c2,
  0x10c2,0x10c2,0x10c2,0x1923,0x2164,0x1944,0x21a5,0x3a88,0x42c9,0x42c9,0x4b0a,0x4b2a,0x532b,0x4b0a,0x42e9,0x3a88,
  0x3aa8,0x3a88,0x4b0a,0x4b0a,0x4b0a,0x536b,0x53ac,0x53ac,0x53cd,0x53cc,0x5c0d,0x5c4e,0x646f,0x64b0,0x7532,0x7d73,
  0x7db3,0x7593,0x7572,0x7593,0x7573,0x7593,0x7db3,0x7db4,0x7db4,0x7db4,0x7db4,0x7dd4,0x7db4,0x7594,0x7594,0x7573,
  0x75b3,0x7db4,0x7dd4,0x75b4,0x7db4,0x7593,0x7573,0x7573,0x7573,0x7db3,0x7db3,0x7dd4,0x7593,0x6511,0x6d52,0x7593,
  0x7593,0x7573,0x6d52,0x6d11,0x7552,0x7db3,0x7d73,0x7573,0x7552,0x7d93,0x546f,0x546f,0x85d4,0x7db4,0x7d94,0x7d93,
  0x85d3,0x85d3,0x7dd3,0x7dd3,0x7dd3,0x85d3,0x85f4,0x7dd3,0x7dd3,0x85f4,0x85f4,0x85f4,0x64f0,0x7592,0x85f4,0x7dd3,
  0x7dd4,0x7db3,0x7db3,0x7dd3,0x7db3,0x7593,0x7593,0x7db3,0x7593,0x7db3,0x7dd3,0x7db3,0x7db3,0x7db3,0x7dd3,0x7db3,
  0x7db3,0x7db3,0x7db3,0x7db3,0x7d93,0x7db3,0x7db3,0x7dd3,0x7d93,0x7db3,0x7dd3,0x7dd4,0x7db4,0x7db3,0x7db3,0x7dd4,
  0x7db3,0x7db3,0x7dd4,0x7db3,0x7db3,0x7db3,0x7db3,0x7db3,0x7db3,0x7db3,0x7dd3,0x7dd3,0x7db3,0x7db3,0x7db3,0x7db3,
  0x7dd4,0x7db3,0x7db3,0x7db3,0x7db3,0x7db3,0x7db3,0x7572,0x64d0,0x7d93,0x7db3,0x7593,0x7572,0x7db3,0x7593,0x7593,
  0x7db3,0x7db3,0x7db3,0x7d93,0x7db3,0x7db3,0x7552,0x64b0,0x648f,0x644e,0x5c0d,0x640d,0x5bcc,0x538b,0x4b4a,0x4b2a,
  0x4b2a,0x42c9,0x42a8,0x3a67,0x3206,0x3226,0x3a26,0x4267,0x3a47,0x3a26,0x42a8,0x536b,0x5b6b,0x534a,0x5bab,0x6c0d,
  0x6c0d,0x6c2d,0x63ec,0x63ed,0x5b6b,0x42a8,0x3227,0x29c5,0x1924,0x08c2,0x0881,0x0881,0x08a1,0x08a2,0x08c2,0x10e2,
  0x08a2,0x10e3,0x10e2,0x10c2,0x10e3,0x08c2,0x2164,0x29a5,0x2185,0x1103,0x10c2,0x10e2,0x1103,0x29a5,0x3207,0x3227,
  0x3a27,0x3a47,0x3a67,0x3aa8,0x534a,0x538b,0x5bcc,0x63ed,0x63ec,0x5bac,0x5b8b,0x4ae9,0x3a68,0x3a27,0x31e6,0x29a5,
  0x29a5,0x29a5,0x2164,0x18e2,0x10c2,0x08a1,0x0881,0x0881,0x0881,0x0881,0x08a1,0x08a1,0x08a1,0x08a1,0x10c2,0x08a2,
  0x0881,0x08c2,0x08a1,0x10c2,0x10e2,0x1923,0x29c6,0x3247,0x3a47,0x42a9,0x4b0a,0x532b,0x534b,0x4b0a,0x42e9,0x3a88,
  0x3aa8,0x3aa8,0x42a8,0x4b0a,0x4b2a,0x4b4a,0x538b,0x538c,0x5bcd,0x53cc,0x53ed,0x5c2e,0x648f,0x6cf1,0x6d11,0x7d93,
  0x7d93,0x7593,0x7593,0x7d93,0x7db3,0x7db3,0x7593,0x7593,0x75b4,0x7594,0x75b4,0x75b4,0x7573,0x7593,0x75b4,0x7593,
  0x7593,0x7db4,0x75b4,0x75b4,0x7db4,0x7d93,0x7d93,0x7db4,0x7db4,0x7db3,0x7db3,0x7db4,0x7593,0x6d52,0x7593,0x75b3,
  0x7593,0x7593,0x6d52,0x6d32,0x7572,0x7d93,0x7552,0x7572,0x7552,0x7573,0x5cb0,0x5cb0,0x85d4,0x7db4,0x7db4,0x7d93,
  0x7db3,0x7dd3,0x7db3,0x7db3,0x7db3,0x85d4,0x85f4,0x7dd3,0x7dd3,0x85f4,0x7dd4,0x7dd4,0x6510,0x6d52,0x85f4,0x7dd3,
  0x7dd3,0x7db3,0x7db3,0x7db3,0x7dd3,0x7db3,0x7593,0x7593,0x7db3,0x7593,0x7593,0x7db3,0x7db3,0x7db3,0x7d93,0x7db3,
  0x7d93,0x7db3,0x7db3,0x7dd3,0x7dd3,0x7db3,0x7db3,0x7db3,0x7d93,0x7db3,0x7dd4,0x7db3,0x7db3,0x7dd4,0x7dd4,0x7db3,
  0x7dd4,0x7db3,0x7dd4,0x7dd4,0x7db3,0x7db3,0x7db3,0x7593,0x7db3,0x7db3,0x7dd3,0x7dd3,0x7dd3,0x7db3,0x7db3,0x7db3,
  0x7593,0x7dd3,0x7db3,0x7db3,0x7593,0x7db3,0x7db3,0x7572,0x64f0,0x7593,0x7db3,0x7593,0x7592,0x7592,0x7593,0x7db3,
  0x7db3,0x7593,0x7593,0x7d93,0x7db3,0x7db3,0x6d31,0x64af,0x646f,0x644e,0x5c0d,0x5bec,0x5bcc,0x538b,0x4b4a,0x4b4a,
  0x4b2a,0x4b09,0x42a8,0x3a67,0x3a67,0x4287,0x3a47,0x4aa8,0x4ae9,0x4ac9,0x4ae9,0x5b6b,0x5b6b,0x534a,0x63cc,0x6c2d,
  0x6c2d,0x6c2d,0x6c0d,0x6c0d,0x532a,0x2a06,0x1963,0x10e2,0x0881,0x0881,0x0861,0x0881,0x10a2,0x08c2,0x10c2,0x1923,
  0x10e3,0x10c2,0x08a2,0x10e2,0x10e3,0x10e2,0x29e6,0x4289,0x3a48,0x3206,0x1964,0x1923,0x1923,0x1943,0x31e6,0x3a27,
  0x3a47,0x4288,0x42a8,0x42a8,0x4b2a,0x538b,0x5bcc,0x640d,0x6c2d,0x63ec,0x5b8b,0x4ae9,0x3a47,0x3206,0x29a5,0x29a5,
  0x29a5,0x2985,0x2985,0x1903,0x08a1,0x08a1,0x0881,0x08a2,0x08a2,0x0881,0x0881,0x10e2,0x1923,0x10e3,0x10e3,0x08c2,
  0x08a2,0x08a2,0x08a2,0x08a2,0x08c1,0x1103,0x1944,0x21a5,0x21a5,0x3247,0x4b0a,0x4b2a,0x534b,0x532b,0x42a9,0x3aa8,
  0x3aa8,0x42c9,0x42c9,0x4b0a,0x4b2a,0x432a,0x4b6b,0x53ac,0x5c0e,0x5bed,0x5c0d,0x5c4e,0x5c6f,0x6cd0,0x7531,0x7d93,
  0x7d93,0x7593,0x7593,0x7d93,0x7db3,0x7db3,0x75b3,0x7593,0x7593,0x7593,0x75b4,0x75b4,0x7573,0x7594,0x75b3,0x7593,
  0x7593,0x7593,0x7593,0x7db4,0x7db4,0x7db4,0x7d94,0x7db4,0x7d93,0x7593,0x7593,0x7593,0x75b3,0x7593,0x7593,0x7593,
  0x7593,0x7593,0x7572,0x7552,0x7552,0x7573,0x7572,0x7d73,0x7552,0x7573,0x64b0,0x64d1,0x85d4,0x7593,0x7d93,0x7dd4,
  0x7db3,0x7db3,0x7d93,0x7d93,0x7db3,0x7db3,0x7db3,0x7dd3,0x7dd3,0x7df4,0x85f4,0x85f4,0x6d31,0x6d31,0x85f4,0x7db3,
  0x7dd3,0x7db3,0x7592,0x7db3,0x7592,0x7593,0x7572,0x7db3,0x7db3,0x7db3,0x7db3,0x7db3,0x7db3,0x7db3,0x7592,0x7db3,
  0x7d93,0x7db3,0x7db3,0x7db3,0x7dd3,0x7db3,0x7db3,0x7db3,0x7d93,0x7592,0x7db3,0x7db3,0x7db3,0x7db3,0x7db3,0x7db3,
  0x7db3,0x7db3,0x7db3,0x7db3,0x7dd3,0x7db3,0x7dd3,0x7db3,0x7dd3,0x7db3,0x7db3,0x7dd3,0x7db3,0x7dd4,0x7db3,0x7593,
  0x7593,0x7593,0x7db3,0x7dd4,0x7db3,0x7db3,0x7db3,0x7593,0x64f0,0x7572,0x7db3,0x7db3,0x7593,0x7593,0x7db3,0x7db3,
  0x7593,0x7db3,0x7d93,0x7d93,0x7d93,0x7db3,0x7531,0x64af,0x646e,0x642d,0x640d,0x5bec,0x5bcc,0x5bab,0x536a,0x4b4a,
  0x4b2a,0x4b0a,0x42a9,0x4268,0x4268,0x3206,0x29a5,0x3206,0x42a8,0x4ae9,0x532a,0x5bac,0x5b8b,0x534a,0x63cc,0x6c0d,
  0x6c0d,0x6c0d,0x6c0c,0x6bec,0x5b8c,0x42a8,0x29c5,0x10e2,0x0881,0x0881,0x0881,0x0881,0x0881,0x10c2,0x1924,0x31e6,
  0x2164,0x10c2,0x10e2,0x10e2,0x08c2,0x1103,0x3a48,0x3a89,0x3a48,0x3a88,0x3a47,0x2164,0x1103,0x1964,0x3207,0x3a68,
  0x3a47,0x42a9,0x42c9,0x42c8,0x534a,0x5bab,0x640c,0x6c4e,0x6c6e,0x63ed,0x5b8b,0x4ae9,0x3a68,0x3206,0x29a5,0x2164,
  0x2985,0x2985,0x2964,0x10c2,0x0881,0x0881,0x0881,0x08a1,0x08a2,0x0881,0x08a1,0x1103,0x29c6,0x2185,0x1103,0x08c2,
  0x08c2,0x08c2,0x08c2,0x08a2,0x08c2,0x10c2,0x10e2,0x1123,0x2184,0x3247,0x4b0a,0x534b,0x534b,0x534b,0x42ea,0x3aa8,
  0x42c9,0x42c9,0x42c9,0x4b2a,0x4b4a,0x4b4a,0x53ac,0x5bed,0x644e,0x5c2e,0x5c0d,0x646f,0x646f,0x648f,0x7511,0x7d93,
  0x7d93,0x7573,0x7593,0x7593,0x7db3,0x7593,0x75b3,0x75b3,0x75b4,0x7593,0x75b3,0x7593,0x7594,0x7db4,0x7593,0x7db4,
  0x7dd4,0x75b4,0x7593,0x7db3,0x7db4,0x7db4,0x7593,0x7593,0x7573,0x7593,0x7593,0x7593,0x7593,0x7573,0x7572,0x6d52,
  0x7572,0x7573,0x7552,0x7573,0x7572,0x7d73,0x7d73,0x7552,0x7572,0x7d73,0x64b0,0x6d11,0x85b4,0x7573,0x7db3,0x7db4,
  0x7db3,0x7db3,0x7592,0x7d93,0x7d93,0x85d3,0x7db3,0x7db3,0x7dd3,0x75b3,0x7dd4,0x85f4,0x6d52,0x6d31,0x85f4,0x7db3,
  0x7593,0x7593,0x7593,0x7593,0x7db3,0x7db3,0x7db3,0x7db3,0x7db3,0x7db3,0x7593,0x7592,0x7593,0x7db3,0x7dd3,0x7d92,
  0x7db3,0x7db3,0x7db3,0x7db3,0x7db3,0x7db3,0x7db3,0x7db3,0x7db3,0x7d93,0x7db3,0x7db3,0x85d3,0x85d4,0x7db3,0x7db3,
  0x7dd4,0x7dd4,0x7dd4,0x7db3,0x7db3,0x7db3,0x7db3,0x7dd3,0x7dd3,0x75b3,0x7593,0x7db3,0x7db3,0x7db3,0x7db3,0x7593,
  0x7db3,0x7593,0x7db3,0x7dd4,0x7db3,0x7db3,0x7d93,0x7d93,0x6d11,0x7572,0x7db3,0x7db3,0x7593,0x7593,0x7db3,0x7593,
  0x7593,0x7db3,0x7db3,0x7593,0x7572,0x7572,0x7511,0x64af,0x646e,0x642d,0x5bec,0x5bcc,0x5bec,0x53ab,0x536a,0x534a,
  0x42e9,0x42c9,0x4288,0x4aa9,0x4268,0x29c5,0x29a5,0x3a47,0x4aea,0x4b0a,0x534b,0x5b8c,0x536b,0x536a,0x63cc,0x6c2d,
  0x6c2d,0x742d,0x6c0d,0x6bed,0x63ac,0x5b4b,0x4aa9,0x29c6,0x2124,0x10c2,0x10c2,0x1081,0x0881,0x10a2,0x1924,0x3a48,
  0x3207,0x10e2,0x08e2,0x1123,0x1985,0x3a88,0x532b,0x42c9,0x3a68,0x3a88,0x3247,0x29c6,0x2185,0x1964,0x3207,0x4289,
  0x4268,0x4ac9,0x42c9,0x4b09,0x534a,0x63cc,0x6c2d,0x746e,0x748f,0x640d,0x5bab,0x4b09,0x3a67,0x3206,0x29a5,0x2184,
  0x29c5,0x29a5,0x1903,0x10a1,0x10a1,0x0881,0x0881,0x08a1,0x08a1,0x08a2,0x08a2,0x10e3,0x3207,0x3228,0x29c6,0x1124,
  0x08c2,0x08a2,0x08c2,0x08a1,0x08c2,0x08c2,0x08e2,0x1143,0x29e6,0x42a8,0x4b2a,0x534b,0x534b,0x534b,0x42c9,0x3a88,
  0x42c9,0x42c9,0x3aa8,0x4309,0x536b,0x536b,0x5bac,0x5bed,0x642e,0x5c0d,0x5c4e,0x648f,0x646f,0x5c4f,0x6cd0,0x7552,
  0x7572,0x7593,0x7593,0x7d93,0x7593,0x7593,0x7593,0x7db4,0x7593,0x7593,0x7593,0x75b3,0x75b4,0x7593,0x7593,0x7db4,
  0x7dd4,0x7593,0x7593,0x75b3,0x7593,0x7593,0x7593,0x7593,0x7573,0x7573,0x7573,0x7593,0x7593,0x7573,0x6d52,0x7552,
  0x7593,0x7593,0x7552,0x7552,0x7552,0x7552,0x7573,0x7572,0x7573,0x7d73,0x5c90,0x6d12,0x85d4,0x7db4,0x7d93,0x7d93,
  0x7dd3,0x7db3,0x7db3,0x7db3,0x7dd3,0x7dd3,0x7db3,0x7dd3,0x7dd3,0x75b3,0x7dd3,0x85f4,0x7572,0x64f0,0x7dd3,0x7db3,
  0x7593,0x7593,0x7db3,0x7593,0x7db3,0x7db3,0x7db3,0x7db3,0x7db3,0x7593,0x7593,0x7db3,0x7db3,0x7db3,0x7db3,0x7db3,
  0x7db3,0x7d93,0x7db3,0x7db3,0x7db3,0x7d93,0x7d93,0x7db3,0x7db3,0x7db3,0x7d93,0x7db3,0x7dd3,0x85d4,0x7dd4,0x7dd4,
  0x7dd4,0x7dd4,0x7db3,0x7dd3,0x7db3,0x7db3,0x7db3,0x7db3,0x7db3,0x7593,0x7593,0x7db3,0x7db3,0x7593,0x7db3,0x7593,
  0x7593,0x7593,0x75b3,0x7db3,0x7593,0x7db3,0x7d93,0x7db3,0x6d31,0x7572,0x7db3,0x7db3,0x7592,0x7592,0x7593,0x7572,
  0x7db3,0x7593,0x7db3,0x7593,0x7572,0x7552,0x6cf0,0x6cd0,0x5c4d,0x642d,0x5bec,0x53ab,0x5bcc,0x538b,0x536a,0x4b4a,
  0x4b29,0x4ae9,0x4ac9,0x4ac9,0x4247,0x29a4,0x31e5,0x4268,0x4ae9,0x4aea,0x4b0a,0x536b,0x5b6b,0x536b,0x63ed,0x744e,
  0x744d,0x744e,0x742d,0x6bed,0x638c,0x532a,0x4aa9,0x3a27,0x2985,0x18e3,0x18e3,0x10a1,0x1081,0x10c2,0x1103,0x2185,
  0x3a48,0x3207,0x21a6,0x2a07,0x4aea,0x534c,0x532b,0x4b0b,0x42a9,0x3247,0x3206,0x3206,0x3a47,0x29a5,0x29e6,0x4ae9,
  0x4ac9,0x4ae9,0x4b09,0x534a,0x5bab,0x63ec,0x6c4e,0x7caf,0x7cd0,0x6c2e,0x5bac,0x4b09,0x3a67,0x3206,0x29c5,0x29a5,
  0x31e6,0x2185,0x08c1,0x10e2,0x10e2,0x08a2,0x08a1,0x08a1,0x08a1,0x08a2,0x0081,0x1103,0x3a48,0x3a89,0x3a68,0x2185,
  0x1924,0x08c2,0x08a2,0x08a1,0x08c2,0x10e2,0x08c2,0x1123,0x2184,0x3247,0x4aea,0x534b,0x4b4b,0x534b,0x42e9,0x3aa8,
  0x42a8,0x3aa8,0x3a88,0x42e9,0x538b,0x538b,0x538b,0x53cc,0x5c0d,0x53ed,0x5c4e,0x6cb0,0x648f,0x646f,0x64b0,0x6d11,
  0x7573,0x7db4,0x7d93,0x7573,0x7573,0x7573,0x7573,0x7593,0x7573,0x6d73,0x6d73,0x7593,0x75b3,0x7593,0x75b4,0x7573,
  0x7573,0x7593,0x7593,0x7573,0x6d72,0x7573,0x7593,0x7593,0x7573,0x7572,0x7573,0x7593,0x7573,0x6d52,0x6d52,0x7573,
  0x7572,0x7d93,0x7d73,0x7d73,0x7552,0x7552,0x7572,0x6d32,0x7553,0x7573,0x5c6f,0x6d11,0x85b4,0x7db4,0x7d93,0x7593,
  0x7dd3,0x7db3,0x7db3,0x7db3,0x7db3,0x7db3,0x7d92,0x7dd3,0x7dd3,0x7dd3,0x7dd4,0x85f4,0x7d93,0x6d31,0x7dd3,0x7db3,
  0x7db3,0x7593,0x7db3,0x7db3,0x7592,0x7593,0x7593,0x7db3,0x7db3,0x7db3,0x7db3,0x7db3,0x7db3,0x7db3,0x7592,0x7d92,
  0x7db3,0x7db3,0x7d93,0x7d93,0x7db3,0x7db3,0x7d93,0x7d93,0x7db3,0x7db3,0x7db3,0x7dd3,0x7dd3,0x7dd3,0x7db3,0x7db3,
  0x7db3,0x7dd3,0x7db3,0x7db3,0x7dd4,0x7db3,0x7db3,0x7db3,0x7db3,0x7db3,0x7db3,0x7db3,0x7db3,0x7db3,0x7db3,0x7593,
  0x75b3,0x75b3,0x7db3,0x7db3,0x7db3,0x7593,0x7593,0x7db3,0x7552,0x7572,0x7d93,0x7d93,0x7d93,0x7d93,0x7593,0x7593,
  0x7db3,0x7d93,0x7d93,0x7d93,0x7572,0x7552,0x6cd0,0x648f,0x644e,0x5c0d,0x5bcc,0x53ab,0x53ab,0x53ab,0x53ab,0x4b4a,
  0x4b29,0x42c8,0x42a8,0x4287,0x4267,0x3a06,0x4247,0x4ac9,0x4ac9,0x42c9,0x532a,0x5b8c,0x4b0a,0x536b,0x6c0d,0x6c2d,
  0x6c2d,0x742d,0x6c0d,0x6bcc,0x638b,0x530a,0x4ac9,0x3a07,0x31a5,0x2124,0x18e3,0x18c2,0x10c2,0x10a2,0x10e3,0x1103,
  0x1964,0x3a48,0x3a69,0x3a68,0x4aeb,0x5b4c,0x532c,0x4b0a,0x42a9,0x3207,0x3206,0x3207,0x4289,0x532b,0x2a06,0x3206,
  0x530a,0x5b4b,0x534a,0x5b8b,0x5bac,0x640d,0x74af,0x8511,0x8d52,0x7caf,0x63ed,0x534a,0x4288,0x3a26,0x3206,0x3206,
  0x3a27,0x2164,0x10c2,0x1103,0x2184,0x1923,0x10e2,0x08a1,0x08a1,0x08c2,0x1103,0x3208,0x3a89,0x3a89,0x3a69,0x29e7,
  0x2185,0x10e2,0x08a2,0x08a1,0x08c2,0x10e2,0x08c2,0x1103,0x2184,0x3206,0x42c9,0x534b,0x536b,0x536b,0x4b2a,0x42c8,
  0x42a8,0x3a88,0x3267,0x3aa8,0x534b,0x538c,0x53ac,0x5bed,0x642e,0x5c2d,0x646f,0x6cb0,0x6cd0,0x6cb0,0x6cd0,0x6cf1,
  0x7d73,0x7d73,0x7d73,0x7573,0x7d93,0x7d93,0x7573,0x75b3,0x75b3,0x7573,0x7593,0x7593,0x7593,0x7593,0x7db4,0x7593,
  0x7573,0x7593,0x7573,0x7573,0x7573,0x7573,0x7593,0x7552,0x7572,0x7573,0x7593,0x7573,0x7573,0x6d52,0x7573,0x6d52,
  0x7573,0x7572,0x7573,0x7d73,0x7552,0x7572,0x7553,0x7553,0x7d73,0x7552,0x5c6f,0x7552,0x7d94,0x7d93,0x7572,0x7572,
  0x7db3,0x7592,0x7d93,0x7db3,0x7db3,0x7db3,0x7dd3,0x7db3,0x7dd3,0x7dd3,0x7dd3,0x7dd3,0x7d93,0x7552,0x7db3,0x7db3,
  0x7db3,0x7db3,0x7db3,0x7db3,0x7db3,0x7593,0x7593,0x7db3,0x7db3,0x7db3,0x7db3,0x7db3,0x7db3,0x7db3,0x7db3,0x7db3,
  0x7db3,0x7db3,0x7db3,0x7d93,0x7db3,0x7db3,0x7d93,0x7593,0x75b3,0x7db3,0x7dd3,0x7db3,0x7db3,0x7db3,0x7db3,0x7dd3,
  0x7dd4,0x7db3,0x7db3,0x7db3,0x7dd3,0x7dd3,0x7dd3,0x7db3,0x7db3,0x7db3,0x7db3,0x7db3,0x7593,0x7593,0x7db3,0x7db3,
  0x7593,0x7593,0x7db3,0x7db3,0x7d93,0x7d93,0x7593,0x7db3,0x6d31,0x7572,0x7573,0x7d93,0x7dd3,0x7db3,0x7db3,0x7593,
  0x7572,0x7593,0x7572,0x7d93,0x7d93,0x7531,0x64af,0x646f,0x642d,0x5c0d,0x5bec,0x5bcc,0x53ab,0x53ab,0x53ab,0x4b4a,
  0x4ae9,0x4ae9,0x4ac9,0x4aa8,0x4267,0x3a06,0x4247,0x4288,0x42a8,0x4ae9,0x5b6b,0x532a,0x4ae9,0x5b6b,0x63ed,0x6c0d,
  0x6c2e,0x6c0d,0x6bed,0x6bcc,0x638c,0x5b4b,0x52c9,0x4227,0x39e7,0x2944,0x18c2,0x10a2,0x18c2,0x10c2,0x10e2,0x10e2,
  0x10e2,0x1923,0x2164,0x21a5,0x29e6,0x3a48,0x4289,0x3a27,0x31e6,0x3206,0x3a47,0x42a9,0x4aa9,0x42a9,0x3227,0x3247,
  0x530a,0x5b8c,0x538b,0x5bac,0x5bec,0x6c4e,0x74d0,0x9df4,0x9dd4,0x7cd0,0x63ed,0x534a,0x42a8,0x3a87,0x3a47,0x4268,
  0x3a47,0x2184,0x2164,0x2164,0x29a5,0x2164,0x1103,0x08c2,0x00c2,0x2185,0x3227,0x4aeb,0x42ca,0x42a9,0x3a68,0x3207,
  0x1944,0x08c2,0x10c2,0x08a1,0x10c2,0x10e2,0x1103,0x1964,0x29e6,0x3a48,0x42c9,0x534b,0x536b,0x536b,0x4b2a,0x42a8,
  0x3a87,0x3a67,0x3a87,0x42e9,0x534b,0x5bac,0x5bcc,0x53cc,0x5bed,0x5c2e,0x646f,0x6cb0,0x64b0,0x6cf1,0x6cf1,0x6cf1,
  0x7552,0x7d93,0x7573,0x7573,0x7d73,0x7573,0x7593,0x7593,0x7db4,0x7593,0x7593,0x7573,0x7573,0x7573,0x7573,0x7573,
  0x7573,0x7573,0x7573,0x7573,0x7593,0x6d72,0x7593,0x7573,0x7573,0x7573,0x7573,0x7573,0x7573,0x7573,0x6d52,0x7552,
  0x7572,0x7572,0x7553,0x7d73,0x7573,0x7573,0x7573,0x7573,0x7d73,0x7553,0x546f,0x7d73,0x7d94,0x7d93,0x7573,0x7573,
  0x7db3,0x7db3,0x7db3,0x7dd3,0x7dd3,0x7dd3,0x7dd3,0x7dd3,0x85d3,0x7dd4,0x7dd3,0x85d4,0x7d93,0x6d31,0x7db3,0x7db3,
  0x7593,0x7593,0x7db3,0x7db3,0x7593,0x7db3,0x7593,0x7593,0x7592,0x7db3,0x7db3,0x7db3,0x7db3,0x7d93,0x7d92,0x7dd3,
  0x7db3,0x7db3,0x7db3,0x7d93,0x7593,0x7593,0x7593,0x7593,0x75b3,0x75b3,0x75b3,0x7dd3,0x75b3,0x75b3,0x75b3,0x75b3,
  0x75b3,0x7dd3,0x7dd3,0x7db3,0x7db3,0x7dd4,0x7dd3,0x7db3,0x7db3,0x7dd4,0x7db3,0x7db3,0x7db3,0x7593,0x7593,0x7db3,
  0x7593,0x7593,0x7593,0x7572,0x7d93,0x7d93,0x7d93,0x7db3,0x6d11,0x6d31,0x7d93,0x7d93,0x7d93,0x7d93,0x7592,0x7593,
  0x7593,0x7572,0x7572,0x7d72,0x7d93,0x7531,0x6cd0,0x6caf,0x5c2d,0x5c0d,0x642d,0x5bec,0x53ab,0x53ac,0x5bac,0x536b,
  0x4b0a,0x42e9,0x4aea,0x4ac9,0x4a88,0x3a06,0x3a26,0x3a27,0x3a67,0x532b,0x5b6b,0x42c9,0x42c8,0x534a,0x63cc,0x6c0d,
  0x6c2e,0x744e,0x6c0d,0x6bed,0x638b,0x5b2a,0x52ea,0x4a88,0x39e7,0x3165,0x20e3,0x2103,0x2123,0x18e3,0x18c2,0x18e2,
  0x1903,0x10c2,0x1903,0x1944,0x1923,0x1923,0x2144,0x2164,0x2164,0x29a5,0x3206,0x3a47,0x3247,0x3a27,0x530a,0x5b4b,
  0x638c,0x63ac,0x5bac,0x5bcc,0x5bec,0x644e,0x7cd0,0xa635,0xa636,0x7cf1,0x640d,0x536a,0x42c8,0x4ae8,0x4ac9,0x4ac9,
  0x3227,0x3206,0x3a47,0x3a47,0x3227,0x3227,0x3207,0x29c6,0x21a5,0x3227,0x4b0b,0x530b,0x4aca,0x4289,0x3a28,0x2185,
  0x08c2,0x08a2,0x10c2,0x10c2,0x10e2,0x1102,0x2164,0x29e6,0x3a48,0x42a9,0x42a9,0x532b,0x534b,0x536b,0x4b2a,0x42c8,
  0x3a47,0x3226,0x4287,0x530a,0x536b,0x5b8c,0x53ac,0x53ac,0x53cc,0x5c2d,0x646f,0x648f,0x648f,0x6cf1,0x6cf1,0x6cf1,
  0x6d11,0x7573,0x7573,0x7573,0x7d73,0x7573,0x7553,0x7573,0x7d93,0x7d93,0x7593,0x7573,0x7552,0x7573,0x7573,0x7573,
  0x7573,0x7593,0x7573,0x7573,0x7593,0x7573,0x7573,0x7573,0x7593,0x7573,0x7572,0x7572,0x7593,0x7573,0x6d52,0x7552,
  0x7573,0x7573,0x7553,0x7552,0x7552,0x7553,0x7573,0x7573,0x7573,0x7553,0x544f,0x7d73,0x7d93,0x7593,0x7573,0x7593,
  0x7d93,0x7d92,0x7d92,0x7db3,0x7db3,0x7db3,0x7db3,0x7db3,0x85f4,0x7dd3,0x7dd4,0x7dd3,0x7d93,0x64d0,0x7d93,0x85d4,
  0x7db3,0x7db3,0x7db3,0x7db3,0x7db3,0x7593,0x7593,0x7592,0x7592,0x7592,0x7593,0x7592,0x7593,0x7d93,0x7d92,0x7db3,
  0x7db3,0x7db3,0x7db3,0x7593,0x75b3,0x7592,0x7592,0x7592,0x75b3,0x7592,0x75b3,0x75b3,0x75b3,0x75b3,0x75d3,0x7dd3,
  0x75b3,0x75b3,0x75b3,0x7db3,0x75b3,0x7db3,0x7dd3,0x7db3,0x7db3,0x7db3,0x7db3,0x7db3,0x7593,0x7572,0x7593,0x7593,
  0x7db3,0x7593,0x7593,0x7593,0x7593,0x7d93,0x7593,0x7db3,0x6510,0x6d31,0x7db3,0x7d93,0x7d93,0x7572,0x7592,0x7572,
  0x7593,0x7d93,0x7db3,0x7d72,0x7572,0x7511,0x7511,0x6cd0,0x644e,0x642d,0x642d,0x5bcc,0x53ab,0x538b,0x538c,0x536b,
  0x534b,0x4aea,0x4aa9,0x4aa9,0x4a88,0x3a07,0x3a26,0x3206,0x4ac9,0x5b6b,0x532a,0x3a87,0x3a67,0x532a,0x63cc,0x63ed,
  0x6c0d,0x742e,0x742e,0x6bcc,0x636b,0x634b,0x5b0a,0x5289,0x39e6,0x3164,0x2944,0x3165,0x2944,0x2924,0x2124,0x2103,
  0x2103,0x1903,0x1903,0x2144,0x1923,0x2124,0x1924,0x2164,0x2184,0x29c6,0x3207,0x3227,0x3a47,0x4288,0x532b,0x638c,
  0x6bee,0x6c0d,0x5bcc,0x5bcc,0x5bec,0x644e,0x7cf0,0x9e15,0xa656,0x7d11,0x640d,0x538b,0x4b09,0x5329,0x532a,0x4ae9,
  0x3a68,0x3a47,0x4288,0x4288,0x3a47,0x3227,0x3a48,0x3a28,0x3207,0x31e7,0x3a68,0x4268,0x3207,0x29c6,0x1924,0x10e2,
  0x10c2,0x10c2,0x10c2,0x10c2,0x10c2,0x1903,0x29a5,0x31e6,0x3a48,0x4aa9,0x4ae9,0x532b,0x534b,0x536b,0x4ae9,0x3a67,
  0x31e5,0x29a4,0x3206,0x42a9,0x536b,0x5bac,0x538c,0x53ac,0x5c0d,0x5c2e,0x646e,0x648f,0x64b0,0x6cf1,0x7532,0x6d11,
  0x6d11,0x7552,0x7d93,0x7d73,0x7d73,0x7573,0x7552,0x7572,0x7593,0x7593,0x7573,0x7573,0x6d52,0x6d52,0x7573,0x7573,
  0x7573,0x7573,0x7573,0x7593,0x7573,0x7573,0x7573,0x7572,0x7573,0x7572,0x7572,0x7572,0x7552,0x7573,0x7573,0x7573,
  0x7552,0x7572,0x7553,0x7d73,0x7d93,0x7552,0x7d93,0x7573,0x7d73,0x7553,0x5c8f,0x7d93,0x7d73,0x7573,0x6d72,0x75b3,
  0x7d92,0x7d92,0x7d92,0x7db3,0x7db3,0x7db3,0x7db3,0x7db3,0x85d4,0x7dd3,0x85d4,0x7db3,0x7dd3,0x64d0,0x7552,0x85d4,
  0x7db3,0x7dd3,0x7db3,0x7db3,0x7db3,0x7db3,0x7db3,0x7592,0x7593,0x7db3,0x7db3,0x7592,0x7d93,0x7d93,0x7d93,0x7592,
  0x7d93,0x7db3,0x7593,0x7593,0x7592,0x7572,0x7572,0x7592,0x75b3,0x75b3,0x75b3,0x7592,0x7db3,0x75b3,0x75b3,0x75b3,
  0x75b3,0x75b3,0x7593,0x75b3,0x75b3,0x7db3,0x7db3,0x7db3,0x7db3,0x7db3,0x7db3,0x7db3,0x7db3,0x7593,0x7593,0x7db3,
  0x7593,0x7593,0x7593,0x7593,0x7593,0x7593,0x7593,0x7db3,0x6d11,0x6d11,0x7db3,0x7592,0x7d92,0x7d72,0x7d92,0x7572,
  0x7593,0x7593,0x7d92,0x7d93,0x7572,0x6d11,0x7511,0x74d0,0x644e,0x644e,0x640d,0x53cc,0x5bcc,0x53ac,0x538c,0x536c,
  0x534b,0x4b0a,0x4ae9,0x42a8,0x4a88,0x4268,0x3a26,0x3a46,0x52e9,0x638b,0x532a,0x3246,0x3246,0x532a,0x63ac,0x63cd,
  0x6c0d,0x742e,0x742e,0x6bac,0x636b,0x6b8c,0x632b,0x5289,0x4206,0x39a5,0x3185,0x41c6,0x39a5,0x2944,0x2964,0x2964,
  0x2124,0x2144,0x2124,0x2123,0x2144,0x2165,0x2144,0x2985,0x31c6,0x3207,0x3227,0x3227,0x42c9,0x4b0a,0x5bac,0x6c2e,
  0x6c2e,0x6c2e,0x63ed,0x5bec,0x5c0c,0x644d,0x7d11,0xa656,0xa636,0x8511,0x6c2e,0x538b,0x4b09,0x4b2a,0x532a,0x5b2b,
  0x530a,0x4ac9,0x42a9,0x3227,0x31e6,0x21a5,0x2184,0x2164,0x2164,0x2144,0x1903,0x1903,0x10e2,0x1103,0x10c2,0x10c2,
  0x10c2,0x10a2,0x10a2,0x10c2,0x18e3,0x2164,0x29a5,0x3a26,0x4268,0x4ae9,0x4b09,0x534a,0x534b,0x534b,0x4ac9,0x3a47,
  0x31e5,0x29a4,0x29a5,0x3a27,0x532a,0x5bac,0x538b,0x5bed,0x5c2d,0x5c2d,0x646f,0x6cb0,0x6cd0,0x6cf1,0x7532,0x7552,
  0x6d11,0x7552,0x7573,0x7d93,0x7d73,0x7552,0x7572,0x7572,0x7593,0x6d72,0x6d52,0x7573,0x7573,0x6d52,0x7553,0x7553,
  0x7573,0x7573,0x7593,0x7593,0x7593,0x7573,0x6d52,0x7552,0x7593,0x7573,0x7552,0x7573,0x7593,0x7593,0x7573,0x7573,
  0x7573,0x7573,0x7573,0x7552,0x7d73,0x7d73,0x7553,0x7573,0x7d93,0x7532,0x5cb0,0x7d93,0x7553,0x7593,0x7d93,0x7593,
  0x7d92,0x7db3,0x7db3,0x7db3,0x7db3,0x7db3,0x7db3,0x7db3,0x7db3,0x85d3,0x7dd3,0x7d93,0x7dd3,0x7531,0x7572,0x7dd4,
  0x7db3,0x7dd3,0x7dd3,0x7593,0x7db3,0x7592,0x7593,0x7593,0x7592,0x7db3,0x7593,0x7592,0x7593,0x7d93,0x7d93,0x7db3,
  0x7db3,0x7db3,0x7db3,0x7593,0x7593,0x7572,0x7572,0x7592,0x75b3,0x7592,0x7592,0x7593,0x7db3,0x75b3,0x75b3,0x7db3,
  0x75b3,0x7db3,0x7593,0x7593,0x75b3,0x7db3,0x7dd4,0x7db3,0x7593,0x7593,0x7593,0x7593,0x7db3,0x7593,0x7593,0x7593,
  0x7592,0x7592,0x7593,0x7592,0x7592,0x7573,0x7572,0x7db4,0x6d11,0x6d11,0x7d93,0x7572,0x7d92,0x7d93,0x7d92,0x7572,
  0x7572,0x7572,0x7592,0x7572,0x7d72,0x7531,0x7531,0x6cd0,0x644e,0x646e,0x640d,0x53cc,0x5bec,0x53ac,0x538c,0x536b,
  0x534b,0x4b2a,0x4ae9,0x42a9,0x4aa9,0x4288,0x4288,0x4287,0x5309,0x5b4b,0x42a8,0x3205,0x3205,0x532a,0x63ac,0x6c0d,
  0x6c0d,0x6bed,0x740e,0x638c,0x5b4a,0x634b,0x5aea,0x5288,0x4a47,0x41e6,0x39c6,0x41e6,0x41e6,0x39a5,0x39a5,0x31a5,
  0x3185,0x31a6,0x31a5,0x2985,0x31c6,0x31c6,0x31c6,0x31e6,0x3207,0x3a47,0x3a68,0x42c9,0x4b0a,0x534b,0x6bed,0x6c2e,
  0x6c2e,0x6c2d,0x640d,0x5c0d,0x640d,0x6c8e,0x8531,0xae56,0x9e15,0x7cd1,0x6c4e,0x538b,0x4b09,0x4b09,0x5b4a,0x636b,
  0x638c,0x532b,0x4ae9,0x4288,0x3227,0x29c6,0x1944,0x1103,0x1903,0x10e2,0x10e2,0x10a2,0x18e2,0x1903,0x18e2,0x10c2,
  0x10a2,0x1082,0x10c2,0x1903,0x2124,0x2985,0x3206,0x3a47,0x4288,0x530a,0x532a,0x534b,0x5b6b,0x4b0a,0x4288,0x3a68,
  0x29a5,0x2984,0x2164,0x31e6,0x4ae9,0x5bcd,0x53cc,0x5bed,0x5bed,0x5c0d,0x646f,0x6cb0,0x6cb0,0x6cd1,0x7532,0x7552,
  0x7532,0x6d32,0x7573,0x7552,0x7573,0x7573,0x7552,0x7552,0x7573,0x7573,0x7573,0x7573,0x7552,0x7552,0x7552,0x7552,
  0x7573,0x7593,0x7d93,0x7573,0x7573,0x7573,0x7572,0x7573,0x7593,0x7d93,0x7572,0x7573,0x7593,0x7573,0x7572,0x7572,
  0x7573,0x7572,0x7552,0x7552,0x7573,0x7573,0x7553,0x7573,0x7d93,0x6d12,0x544e,0x7573,0x7553,0x7593,0x7593,0x7593,
  0x7db3,0x7db3,0x7d93,0x7db3,0x7db3,0x7db3,0x7db3,0x7db3,0x7db3,0x85d3,0x7db3,0x7db3,0x7db3,0x7d72,0x7572,0x7d93,
  0x7572,0x7593,0x7db3,0x7d93,0x7db3,0x7593,0x7593,0x7593,0x7db3,0x7593,0x7593,0x7593,0x7592,0x7d93,0x7d93,0x7db3,
  0x7db3,0x7db3,0x7db3,0x7593,0x7592,0x7592,0x7572,0x75b3,0x75b3,0x7592,0x75b3,0x7592,0x7593,0x7592,0x7592,0x7593,
  0x75b3,0x75b3,0x75b3,0x7593,0x75b3,0x7db3,0x7593,0x7dd3,0x7593,0x7593,0x7db3,0x7593,0x7593,0x7593,0x7593,0x7593,
  0x7592,0x7572,0x7572,0x7593,0x7d93,0x7db3,0x7593,0x7db3,0x6d11,0x64d0,0x7d93,0x7d92,0x7d92,0x7592,0x7592,0x7572,
  0x7572,0x7593,0x7d93,0x7d92,0x7d72,0x7d52,0x7511,0x6caf,0x646e,0x6c6e,0x5c0d,0x53cc,0x5bcc,0x5bcc,0x5bac,0x536b,
  0x4b4b,0x534b,0x4ae9,0x42a9,0x4288,0x4aa8,0x42a8,0x4aa8,0x5309,0x532a,0x3a67,0x3a26,0x3206,0x532a,0x63cc,0x6bed,
  0x6bed,0x6bed,0x6bed,0x638b,0x5b2a,0x5b2a,0x5ae9,0x5288,0x5267,0x5247,0x5247,0x5247,0x4a27,0x4a27,0x4a27,0x4227,
  0x4a47,0x4a47,0x4227,0x4248,0x4228,0x4228,0x4247,0x3a68,0x3a48,0x3a88,0x42c9,0x534b,0x5bac,0x6c0d,0x744f,0x6c2e,
  0x6c2e,0x6c2e,0x640d,0x640d,0x640d,0x748f,0x7cf0,0x9df5,0x95b4,0x746f,0x6c2e,0x5b8b,0x4b29,0x4b09,0x5b4a,0x636b,
  0x638c,0x5b6c,0x530a,0x4ac9,0x4288,0x3a27,0x29c5,0x2164,0x2144,0x2123,0x18e2,0x18e3,0x18e3,0x18e3,0x18e2,0x18c2,
  0x18c2,0x18e3,0x18e3,0x18e3,0x2123,0x2985,0x3a27,0x4267,0x4ac9,0x532a,0x532a,0x534b,0x5b4b,0x4b0a,0x4288,0x4288,
  0x29c5,0x29a5,0x2985,0x29a5,0x42c9,0x63ed,0x5bed,0x5bed,0x5c0d,0x53ed,0x5c2e,0x646f,0x64b0,0x6cf1,0x7512,0x7532,
  0x7532,0x6d11,0x7552,0x7552,0x7573,0x7573,0x7573,0x7552,0x7573,0x7573,0x7573,0x7552,0x6d52,0x7573,0x7573,0x7552,
  0x7553,0x7573,0x7d93,0x7d94,0x7573,0x7572,0x7572,0x7593,0x7593,0x7593,0x7593,0x7573,0x7572,0x7572,0x7572,0x7572,
  0x7572,0x7d93,0x7572,0x7552,0x7d93,0x7573,0x7573,0x7552,0x7d73,0x6d11,0x544e,0x7d93,0x7573,0x7593,0x6d72,0x6d72,
  0x7d92,0x7d92,0x7d92,0x7d92,0x7d92,0x7d92,0x7d92,0x85d4,0x7db3,0x7d93,0x7db3,0x7d93,0x85b3,0x7552,0x6d31,0x7db3,
  0x7db3,0x7d93,0x7593,0x7dd3,0x75b3,0x7593,0x7592,0x7db3,0x7593,0x7db3,0x7593,0x7592,0x7592,0x7593,0x7d93,0x7d93,
  0x7db3,0x7d93,0x7d93,0x7592,0x7592,0x7593,0x7593,0x75b3,0x7593,0x75b3,0x75b3,0x7593,0x7592,0x75b3,0x7592,0x75b3,
  0x7593,0x75b3,0x75b3,0x7593,0x7db3,0x7db3,0x7593,0x7593,0x7572,0x7593,0x7db3,0x7593,0x7593,0x7593,0x7592,0x7592,
  0x7572,0x7572,0x7593,0x7593,0x7db3,0x7db3,0x7593,0x7db4,0x7552,0x5caf,0x7d93,0x7d92,0x7d93,0x7592,0x7592,0x7572,
  0x7592,0x7592,0x7572,0x7d72,0x7d72,0x7531,0x74f1,0x6caf,0x6c8f,0x644e,0x5c0d,0x5bed,0x5bec,0x5c0d,0x5bcc,0x53ac,
  0x536b,0x534b,0x4b0a,0x42c9,0x4ac9,0x4ac9,0x4aa8,0x5309,0x532a,0x5309,0x4267,0x3a46,0x3206,0x4ae9,0x638b,0x63ec,
  0x6bed,0x6bec,0x6bec,0x6bcc,0x5b2a,0x5b0a,0x630a,0x5aa8,0x5267,0x5a88,0x5aa8,0x5aa8,0x5a88,0x5288,0x5288,0x5aa9,
  0x5aa9,0x4a68,0x4a68,0x4a68,0x4a89,0x4a68,0x4248,0x4288,0x4289,0x4ac9,0x532b,0x63cc,0x6c0e,0x744f,0x746f,0x744e,
  0x6c2e,0x6c0d,0x642d,0x640d,0x640d,0x6c6e,0x84f0,0x9593,0x8d52,0x7490,0x744f,0x5b8b,0x4b2a,0x4b09,0x5b6b,0x5b6b,
  0x5b6b,0x63ac,0x5b6c,0x52ea,0x42a9,0x4268,0x3a27,0x39e6,0x29a5,0x31a5,0x2964,0x2124,0x2123,0x2103,0x20e3,0x18c2,
  0x20e3,0x2924,0x2123,0x2103,0x2124,0x31a5,0x3a06,0x4a88,0x5b0a,0x5b4a,0x532a,0x532a,0x534b,0x42a8,0x3a47,0x4288,
  0x3a07,0x2985,0x2164,0x2164,0x3a88,0x63ed,0x63ed,0x5bcd,0x5c0d,0x5c2e,0x5c2e,0x646f,0x648f,0x6cf1,0x7532,0x7552,
  0x7532,0x6d31,0x6d32,0x7552,0x7572,0x7572,0x7573,0x7573,0x7573,0x6d52,0x7573,0x7573,0x7573,0x7552,0x6d52,0x7553,
  0x7553,0x7573,0x7593,0x7593,0x6d52,0x6d52,0x6d52,0x7573,0x7572,0x7573,0x7573,0x7573,0x7573,0x7572,0x6d52,0x7552,
  0x7572,0x7593,0x7552,0x7572,0x7572,0x7573,0x7553,0x7573,0x7573,0x6cf1,0x64b0,0x7d93,0x7572,0x7572,0x6d73,0x7573,
  0x7592,0x7572,0x7592,0x7d92,0x7592,0x7d92,0x7d92,0x7db3,0x7d92,0x7d93,0x7db3,0x7db3,0x85d3,0x7d72,0x6d31,0x7592,
  0x7d93,0x7592,0x7592,0x7dd4,0x7db3,0x7db3,0x7592,0x7593,0x7db3,0x7592,0x7592,0x7592,0x7592,0x7d93,0x7593,0x7572,
  0x7593,0x7db3,0x7d72,0x7592,0x7d93,0x7592,0x7db3,0x7593,0x7592,0x75b3,0x75b3,0x7593,0x7593,0x7593,0x7592,0x75b3,
  0x75b3,0x75b3,0x7593,0x7572,0x7593,0x7593,0x7593,0x7593,0x7592,0x7593,0x7593,0x7593,0x7593,0x7593,0x7592,0x7593,
  0x7593,0x7593,0x7593,0x7592,0x7593,0x7d93,0x7593,0x7d93,0x6d11,0x64d0,0x7d93,0x7d72,0x7db3,0x7592,0x7572,0x7592,
  0x7572,0x7572,0x7572,0x7552,0x7d52,0x7d52,0x74f1,0x6c8f,0x6c8f,0x5c2d,0x5bed,0x5c0d,0x53cc,0x5bed,0x5bed,0x5bac,
  0x536b,0x534b,0x4b2a,0x42e9,0x4b0a,0x4b09,0x4ae9,0x5309,0x5b4a,0x4ac9,0x3a47,0x3226,0x3205,0x42a8,0x5b6b,0x63cc,
  0x6bec,0x6bec,0x6bcc,0x73ec,0x634a,0x5b09,0x5ae9,0x5ac8,0x5ac8,0x62e9,0x62e9,0x62c9,0x5ac9,0x5aa9,0x5aa9,0x52a9,
  0x5ac9,0x5288,0x4a68,0x5289,0x4a88,0x4a68,0x4a89,0x52ea,0x52ea,0x5b4b,0x63cd,0x6c2e,0x744f,0x744e,0x744e,0x742e,
  0x6c0d,0x6c0d,0x6c2d,0x642d,0x640d,0x6c6e,0x7cf0,0x9573,0x8d53,0x7cb0,0x744f,0x5bac,0x534a,0x532a,0x532a,0x5b6b,
  0x5b6c,0x638c,0x5b4b,0x5b2b,0x4ac9,0x4288,0x4268,0x3a27,0x39e6,0x39c6,0x31a6,0x3185,0x3165,0x3165,0x3165,0x2924,
  0x2103,0x2103,0x2103,0x2123,0x2965,0x39c6,0x3a26,0x4aa8,0x5b0a,0x5b2a,0x532a,0x5b6b,0x532a,0x4288,0x3227,0x3a47,
  0x3a27,0x31a5,0x2144,0x2164,0x42a9,0x63cd,0x5bcc,0x53ac,0x53cd,0x5c2e,0x5c2e,0x5c6f,0x64b0,0x64d0,0x7532,0x7532,
  0x6d32,0x7552,0x7532,0x7552,0x7552,0x7573,0x7552,0x6d52,0x6d32,0x6d52,0x7553,0x6d52,0x6d52,0x6d52,0x6d32,0x7573,
  0x7553,0x7573,0x7d93,0x7593,0x6d52,0x6d32,0x7552,0x7572,0x7552,0x7552,0x7572,0x7572,0x7572,0x7572,0x7552,0x7573,
  0x7573,0x7d73,0x7552,0x7552,0x7552,0x7573,0x7552,0x7d73,0x7d73,0x64d0,0x64d1,0x7db4,0x7573,0x7573,0x7573,0x6d73,
  0x7592,0x7592,0x7592,0x7592,0x7592,0x7592,0x7db3,0x7db3,0x7592,0x7d92,0x7db3,0x7db3,0x7d93,0x7d92,0x64f0,0x7db3,
  0x7db3,0x7d93,0x7592,0x7592,0x7592,0x7572,0x7592,0x7593,0x7593,0x7572,0x7592,0x7593,0x7d93,0x7d93,0x7d93,0x7db3,
  0x7593,0x7d93,0x7d93,0x7d93,0x7d93,0x7593,0x7db3,0x7593,0x7593,0x7593,0x7593,0x7592,0x75b3,0x7592,0x7592,0x75b3,
  0x75b3,0x7593,0x7593,0x7572,0x7593,0x7572,0x7572,0x7572,0x7572,0x7572,0x7592,0x7592,0x7572,0x7593,0x7db3,0x7db3,
  0x7593,0x7593,0x7592,0x7592,0x7593,0x7d93,0x7573,0x7d93,0x6d31,0x5caf,0x7d72,0x7d92,0x7d93,0x7572,0x7592,0x7572,
  0x7572,0x7572,0x7572,0x7552,0x7532,0x7531,0x74f1,0x6cb0,0x646f,0x5c0d,0x5bed,0x5c0d,0x640d,0x5bed,0x5bcd,0x5bad,
  0x538c,0x538b,0x4b2a,0x4b0a,0x4b0a,0x4b09,0x4b09,0x5309,0x5b4a,0x4aa8,0x3226,0x3a47,0x3226,0x42a8,0x5b6b,0x63ac,
  0x63cc,0x6bec,0x6bcb,0x6bab,0x5b29,0x5ae9,0x5ac8,0x62e9,0x62e9,0x6b2a,0x734a,0x62e9,0x6309,0x632a,0x630a,0x5ae9,
  0x630a,0x5ac9,0x5ac9,0x5aea,0x52ea,0x52ea,0x530b,0x638c,0x63cd,0x6c0e,0x744f,0x744f,0x746e,0x744e,0x744e,0x6c2e,
  0x6c2d,0x6c2d,0x6c2d,0x640d,0x63ec,0x6c4e,0x7cd0,0x8d52,0x9553,0x7cb0,0x6c2e,0x5bac,0x534a,0x532a,0x532a,0x5b4b,
  0x5b6b,0x5b4b,0x532b,0x5b2b,0x52ea,0x4aa9,0x4a89,0x4227,0x39e6,0x39c6,0x39c6,0x39c6,0x39a6,0x3986,0x3185,0x3185,
  0x2944,0x3164,0x2944,0x2924,0x31a5,0x4227,0x4226,0x4aa8,0x52e9,0x5b2a,0x5b4a,0x5b6b,0x5b2b,0x3a47,0x3207,0x3207,
  0x3a27,0x31a5,0x2144,0x29c6,0x530a,0x5bcc,0x5bcc,0x53ac,0x53ed,0x5c4e,0x5c2e,0x646f,0x64b0,0x64b0,0x7532,0x6d32,
  0x6d11,0x6d52,0x7552,0x7552,0x7552,0x7573,0x7573,0x7572,0x6d32,0x6d52,0x7573,0x6d52,0x6d52,0x6d52,0x6d52,0x7552,
  0x6d32,0x7552,0x7573,0x7573,0x6d52,0x6d52,0x7573,0x7572,0x7572,0x7552,0x7572,0x7573,0x7573,0x7573,0x7573,0x7573,
  0x7573,0x7573,0x7573,0x7572,0x6d52,0x7573,0x7552,0x7552,0x7573,0x64f1,0x6d11,0x7d93,0x7572,0x7572,0x7573,0x7573,
  0x7592,0x7592,0x7592,0x7592,0x7db3,0x7db3,0x7db3,0x75b3,0x7db3,0x7db3,0x7db3,0x7dd3,0x7dd3,0x7572,0x548f,0x7592,
  0x7593,0x7593,0x7d93,0x7572,0x7592,0x7572,0x7572,0x7592,0x7592,0x7592,0x7592,0x7d93,0x7db3,0x7d93,0x7572,0x7572,
  0x7d93,0x7d93,0x7d93,0x7db3,0x7db3,0x7592,0x7593,0x7593,0x75b3,0x7593,0x75b3,0x7593,0x7593,0x6d72,0x7592,0x7593,
  0x75b3,0x75b3,0x7593,0x7572,0x7572,0x7572,0x7572,0x7572,0x7572,0x7593,0x7593,0x7592,0x7db3,0x7592,0x7572,0x7593,
  0x7572,0x7593,0x7593,0x7593,0x7593,0x7593,0x7572,0x7db3,0x6d31,0x5c6e,0x7552,0x7d72,0x7d92,0x7572,0x7572,0x7d93,
  0x7572,0x7572,0x7d72,0x7552,0x7552,0x7532,0x7511,0x6cb0,0x5c4e,0x5c2d,0x5c0d,0x5c0d,0x640d,0x640d,0x5bed,0x53ac,
  0x538b,0x4b4a,0x4b4a,0x4b0a,0x4b0a,0x4b09,0x4b09,0x532a,0x532a,0x42a8,0x3205,0x3a46,0x31e5,0x3a47,0x5b6b,0x63cc,
  0x6bec,0x6bcc,0x6bcb,0x636a,0x6329,0x5b09,0x6309,0x6b0a,0x6b0a,0x734b,0x6b4a,0x6b2a,0x6b2a,0x6b4b,0x6b2b,0x630a,
  0x6b4b,0x634b,0x634b,0x6b6c,0x6b8c,0x638d,0x6bcd,0x744f,0x746f,0x746f,0x746f,0x746f,0x746f,0x746e,0x6c4e,0x6c0d,
  0x6c2d,0x6c2d,0x6c0d,0x640d,0x63ec,0x6c4e,0x7cd0,0x8d32,0x9573,0x7c90,0x6c2e,0x5bcc,0x534a,0x534a,0x5b4b,0x5b4b,
  0x638c,0x5b6b,0x5b6c,0x5b4b,0x5b2b,0x52c9,0x4288,0x3a27,0x31c6,0x39c6,0x39c6,0x39c6,0x39c6,0x39a6,0x39c6,0x3185,
  0x3185,0x39a5,0x3185,0x3164,0x39a5,0x4227,0x4248,0x4aa9,0x52ea,0x5b2a,0x5b4a,0x638c,0x4ae9,0x3206,0x31e6,0x29c5,
  0x3a27,0x31c6,0x29a5,0x4268,0x534b,0x63ed,0x5bcd,0x53ac,0x53cc,0x5c0e,0x540d,0x5c6f,0x64d0,0x64d0,0x7532,0x6d32,
  0x6d11,0x7573,0x7552,0x6d32,0x7573,0x7573,0x7573,0x6d32,0x6d32,0x7573,0x6d52,0x6d52,0x7552,0x7573,0x7552,0x6d52,
  0x7552,0x7553,0x7552,0x6d32,0x6d32,0x6d72,0x7593,0x7573,0x7552,0x7552,0x7552,0x7573,0x7552,0x7573,0x7573,0x7573,
  0x7573,0x7573,0x7573,0x7573,0x7573,0x7573,0x7573,0x7532,0x7573,0x6cf1,0x6cf1,0x7d93,0x7572,0x7572,0x7552,0x6d53,
  0x7572,0x7592,0x7592,0x7592,0x7592,0x75b3,0x7dd3,0x7db3,0x75b3,0x7db3,0x7dd3,0x7dd3,0x7dd4,0x7592,0x5caf,0x7572,
  0x7593,0x7593,0x7d93,0x7d93,0x7592,0x7592,0x7592,0x7d92,0x7572,0x7592,0x7d93,0x7593,0x7d93,0x7d93,0x7593,0x7593,
  0x7db3,0x7d92,0x7572,0x7d93,0x7d93,0x7572,0x7572,0x7592,0x7592,0x7593,0x7593,0x7592,0x7593,0x7592,0x7592,0x7592,
  0x7593,0x7593,0x7572,0x7593,0x7593,0x7593,0x7572,0x7572,0x7593,0x7593,0x7572,0x7593,0x7593,0x7593,0x7593,0x7593,
  0x7572,0x7593,0x7592,0x7593,0x7593,0x7593,0x7572,0x7d93,0x6d11,0x544e,0x7552,0x7d72,0x7d92,0x7572,0x7572,0x7d93,
  0x7d92,0x7572,0x7d93,0x7572,0x7d72,0x7532,0x7511,0x6c8f,0x644f,0x5c4e,0x5c0d,0x5c0d,0x640d,0x5bed,0x5bed,0x5bcc,
  0x536b,0x536b,0x534b,0x534a,0x4b09,0x4b2a,0x532a,0x534a,0x534a,0x4287,0x31e5,0x3206,0x3a26,0x3a26,0x5b4a,0x63cc,
  0x6bec,0x6bcc,0x6bcc,0x636a,0x6329,0x5b09,0x632a,0x6309,0x6b4a,0x6b4a,0x6b4a,0x6b4b,0x6b6b,0x738c,0x6b6c,0x6b4b,
  0x6b6c,0x6b8c,0x73ad,0x73ce,0x6bad,0x6bee,0x744f,0x746f,0x7c8f,0x746f,0x744f,0x746f,0x746f,0x744e,0x6c2e,0x6c2d,
  0x6c0d,0x6c2d,0x6c2d,0x6c2d,0x640d,0x6c4e,0x748f,0x8511,0x8d52,0x7cb0,0x6c0d,0x63cc,0x536b,0x5b6b,0x5b6b,0x5b2b,
  0x636c,0x5b6b,0x638c,0x638c,0x63ac,0x5b4b,0x52ea,0x4aa9,0x4227,0x39c6,0x39c6,0x39c6,0x39c6,0x41e6,0x4227,0x39c6,
  0x39c5,0x41e6,0x39c6,0x39c6,0x4207,0x4227,0x4a88,0x52c9,0x52ea,0x5b4b,0x5b4b,0x636c,0x4268,0x31e5,0x2184,0x2164,
  0x3a27,0x3a27,0x3a06,0x530a,0x534b,0x63ed,0x5bcd,0x53ac,0x5bed,0x5c0e,0x542e,0x5c6f,0x64d0,0x6cf1,0x6d32,0x6d32,
  0x6d32,0x7552,0x7552,0x6d52,0x7573,0x7573,0x7573,0x6d32,0x6d52,0x7552,0x6d52,0x6d52,0x7553,0x7553,0x7552,0x6d32,
  0x7573,0x7573,0x7573,0x7573,0x7552,0x7572,0x7572,0x7552,0x6d32,0x6d52,0x7552,0x6d32,0x7552,0x7573,0x7552,0x7553,
  0x7d93,0x7552,0x7552,0x7553,0x7552,0x7553,0x7573,0x7553,0x7d93,0x64f1,0x7532,0x7d94,0x7d73,0x7572,0x7573,0x7573,
  0x7592,0x7572,0x7592,0x7572,0x7572,0x75b3,0x7db3,0x7dd3,0x75b3,0x7dd3,0x7dd4,0x7db3,0x7dd3,0x7db3,0x6d31,0x7db3,
  0x7db3,0x7d93,0x7593,0x7592,0x7593,0x7593,0x7d93,0x7572,0x7572,0x7d92,0x7d92,0x7d93,0x7d93,0x7db3,0x7db3,0x7d93,
  0x7db3,0x7572,0x7572,0x7572,0x7d93,0x7572,0x7572,0x7593,0x7db3,0x7593,0x7593,0x7db3,0x7593,0x7593,0x7592,0x7592,
  0x75b3,0x7593,0x7593,0x7d93,0x7593,0x7593,0x7592,0x7592,0x7592,0x7572,0x7572,0x7593,0x7592,0x7593,0x7593,0x7db3,
  0x7593,0x7593,0x7593,0x7592,0x7593,0x7593,0x7572,0x7d93,0x7532,0x546e,0x7552,0x7d93,0x7d72,0x7572,0x7572,0x7572,
  0x7572,0x7572,0x7d72,0x7572,0x7532,0x7511,0x74f1,0x6cb0,0x646f,0x644e,0x5c0d,0x5c0d,0x5c0d,0x5bed,0x5bcd,0x538c,
  0x538b,0x536b,0x536b,0x532a,0x4b2a,0x534a,0x5b6b,0x5b4a,0x532a,0x4ac8,0x3a46,0x3205,0x3a46,0x3a67,0x5309,0x63cc,
  0x6bcc,0x6bcc,0x6bab,0x636a,0x632a,0x632a,0x632a,0x630a,0x6b2a,0x6b6b,0x6b6b,0x736b,0x736b,0x6b6b,0x73ac,0x6b6c,
  0x6b8c,0x73cd,0x73ed,0x73ee,0x742e,0x744f,0x746f,0x7c8f,0x746f,0x744f,0x6c2e,0x6c2e,0x6c2e,0x6c2d,0x6c2e,0x6c2d,
  0x6c0d,0x6c2e,0x6c0d,0x640d,0x640d,0x640d,0x748f,0x84f1,0x8d52,0x7cd1,0x6c4e,0x63cd,0x5b6b,0x5b4b,0x5b4b,0x5b4b,
  0x636c,0x5b6c,0x63ad,0x63cd,0x6bcd,0x6bad,0x636c,0x5b2b,0x52a9,0x4a88,0x4a48,0x4227,0x4207,0x4227,0x4a48,0x4207,
  0x4207,0x4a48,0x4a27,0x4207,0x4a28,0x5288,0x5289,0x52c9,0x52ea,0x5b0a,0x5b4b,0x5b4b,0x3a47,0x31c5,0x2984,0x29a4,
  0x3a27,0x3a47,0x4247,0x52ea,0x534b,0x5bcd,0x5bcd,0x5bcd,0x5bed,0x5c2e,0x5c2e,0x5c6f,0x64d0,0x64b0,0x6d11,0x6d31,
  0x6d31,0x7552,0x6d32,0x7552,0x7553,0x7573,0x6d52,0x6d32,0x6d32,0x7552,0x7552,0x6d52,0x7553,0x7573,0x7552,0x6d32,
  0x7553,0x6d52,0x7553,0x7573,0x7573,0x7572,0x6d52,0x6d32,0x7552,0x7552,0x7552,0x6d32,0x7552,0x7553,0x6d52,0x7552,
  0x7573,0x7552,0x7553,0x7552,0x7552,0x7552,0x7552,0x7532,0x7552,0x64d1,0x7552,0x7d93,0x7573,0x7573,0x7573,0x7553,
  0x7d92,0x7d92,0x7592,0x7592,0x7592,0x75b3,0x7dd3,0x7dd3,0x7dd3,0x7db3,0x7db3,0x7db3,0x7db3,0x7dd3,0x7d93,0x7db3,
  0x7db3,0x7d93,0x7593,0x7d93,0x7d93,0x7592,0x7572,0x7572,0x7572,0x7572,0x7d92,0x7d92,0x7d93,0x7db3,0x7db3,0x7d93,
  0x7d93,0x7d93,0x7572,0x7572,0x7d92,0x7572,0x7572,0x7592,0x7db3,0x7592,0x7593,0x7593,0x7593,0x7592,0x75b3,0x7593,
  0x7593,0x7593,0x7593,0x7593,0x7592,0x7593,0x7593,0x7572,0x7592,0x7593,0x7593,0x7592,0x7572,0x7572,0x7593,0x7592,
  0x7593,0x7593,0x7593,0x7572,0x7572,0x7593,0x7593,0x7593,0x7572,0x544e,0x6d11,0x7d72,0x7d72,0x7572,0x7572,0x7572,
  0x7572,0x7572,0x7d72,0x7572,0x7552,0x7511,0x6cf1,0x6cd0,0x6cb0,0x5c2e,0x5c0d,0x5c0e,0x5c0e,0x5c0d,0x5bcd,0x538c,
  0x538b,0x536b,0x536b,0x534b,0x532a,0x536b,0x5b8b,0x5b6b,0x4b09,0x4ac8,0x4aa8,0x3a46,0x4287,0x5309,0x532a,0x63cc,
  0x6bec,0x63cb,0x6bcb,0x6b8b,0x5b2a,0x632a,0x632a,0x632a,0x632a,0x6b6b,0x6b8b,0x6b8b,0x6b8b,0x6b8c,0x73ac,0x6bac,
  0x6b8c,0x6bcd,0x740e,0x7c2f,0x744f,0x746f,0x746f,0x7c8f,0x7c6f,0x744e,0x6c2e,0x744f,0x744e,0x6c0d,0x6c2d,0x6bed,
  0x6bed,0x6c0d,0x640d,0x640d,0x6c2d,0x6c2e,0x7c8f,0x84f1,0x84f1,0x84d1,0x746f,0x63ed,0x536b,0x532a,0x532b,0x532a,
  0x5b4b,0x5b8c,0x63ac,0x63ad,0x6bcd,0x6bcd,0x638c,0x636c,0x636c,0x632b,0x5aea,0x52a9,0x5289,0x52a9,0x5288,0x5288,
  0x5289,0x5268,0x5aa9,0x5289,0x5289,0x5289,0x52a9,0x52c9,0x52ea,0x530a,0x5b2b,0x530a,0x3a47,0x31e6,0x29a4,0x29c5,
  0x31e6,0x3a27,0x4aa9,0x4ae9,0x536b,0x5bac,0x5bed,0x5bed,0x5bed,0x5c2e,0x5c4e,0x5c6f,0x64b0,0x64d0,0x64f1,0x6d32,
  0x6d32,0x6d32,0x7552,0x7552,0x7552,0x7552,0x6d52,0x6d52,0x6d32,0x7552,0x7552,0x7573,0x7553,0x7573,0x7593,0x7553,
  0x7552,0x7552,0x6d52,0x7552,0x7572,0x7573,0x7572,0x7552,0x7552,0x7552,0x7573,0x7573,0x7552,0x7552,0x7573,0x7573,
  0x7553,0x7553,0x7573,0x7553,0x7552,0x7532,0x7552,0x6d32,0x7532,0x64d1,0x7552,0x7573,0x7573,0x7573,0x7573,0x7552,
  0x7d92,0x7d92,0x7592,0x7572,0x7592,0x75b3,0x75b3,0x7db3,0x7db3,0x7dd3,0x7db3,0x7db3,0x7db3,0x7db3,0x6d51,0x6d51,
  0x7592,0x7593,0x7593,0x7d93,0x7593,0x7d93,0x7592,0x7572,0x7d92,0x7572,0x7d93,0x7d92,0x7d93,0x7db3,0x7d93,0x7d93,
  0x7d93,0x7d93,0x7d93,0x7572,0x7572,0x7572,0x7572,0x7592,0x7593,0x7593,0x7593,0x7572,0x7572,0x7592,0x7592,0x7593,
  0x7593,0x7593,0x7593,0x7593,0x7593,0x7592,0x7592,0x7572,0x7593,0x7593,0x7593,0x7593,0x7593,0x7593,0x7572,0x7572,
  0x7592,0x7572,0x7592,0x7572,0x7572,0x7d93,0x7d93,0x7572,0x7572,0x4c0d,0x6d11,0x7572,0x7552,0x7551,0x7572,0x7572,
  0x7572,0x7572,0x7572,0x7552,0x7d72,0x7531,0x7511,0x74f1,0x6cb0,0x5c2e,0x5c2e,0x5c2e,0x5c0e,0x5c0d,0x5bcd,0x5bac,
  0x53ac,0x538c,0x538b,0x536b,0x536a,0x538b,0x5b8b,0x536a,0x4ae9,0x3a87,0x42a8,0x4ac8,0x42a8,0x4ae9,0x5b6b,0x63cc,
  0x63ec,0x63cc,0x6bec,0x63ab,0x5b2a,0x5b2a,0x632a,0x634a,0x634a,0x6b8b,0x73cc,0x6bac,0x6bac,0x73cc,0x6bcc,0x6bac,
  0x63ac,0x73ed,0x742e,0x742f,0x7c6f,0x7c90,0x746f,0x7c6f,0x7c90,0x7c6f,0x744f,0x744f,0x6c0e,0x6c0d,0x6c0d,0x6bcc,
  0x6bcc,0x63ed,0x63ed,0x6c0d,0x6c0d,0x6c2d,0x746f,0x84d0,0x7cb0,0x7c90,0x746f,0x63ed,0x5b6b,0x532b,0x530a,0x532a,
  0x5b4b,0x638c,0x63ac,0x63cd,0x63ad,0x6bcd,0x63ac,0x638c,0x6b8d,0x6b6c,0x6b6c,0x5aea,0x5aea,0x5b0a,0x52a9,0x5289,
  0x5aa9,0x52a9,0x5aa9,0x5aa9,0x52a9,0x5288,0x52a8,0x52c9,0x5b2b,0x530a,0x5b4b,0x52ea,0x3a27,0x31e6,0x29a5,0x31e6,
  0x29c5,0x3a27,0x52ea,0x4ae9,0x5b8c,0x53ac,0x5bcd,0x5c0d,0x5c2e,0x644f,0x5c4f,0x5c6f,0x64b0,0x64f0,0x6d31,0x6d32,
  0x6d32,0x7532,0x6d32,0x7532,0x7552,0x7552,0x6d52,0x6d32,0x6d32,0x6d32,0x7552,0x7573,0x7553,0x7553,0x6d52,0x6d32,
  0x6d32,0x7532,0x7552,0x7552,0x7d73,0x7573,0x7552,0x7573,0x7552,0x7532,0x7532,0x7552,0x6d32,0x6d32,0x7552,0x7573,
  0x7553,0x7552,0x7552,0x7552,0x7552,0x7532,0x7552,0x6d32,0x7532,0x64d0,0x7573,0x7573,0x7573,0x7573,0x7573,0x7573,
  0x7572,0x7572,0x7592,0x7572,0x7592,0x7593,0x75b3,0x75b3,0x75b3,0x7dd3,0x7db3,0x7db3,0x7db3,0x7db3,0x6d11,0x6510,
  0x7593,0x7572,0x7593,0x7d93,0x7d93,0x7592,0x7572,0x7572,0x7572,0x7572,0x7d92,0x7572,0x7d92,0x7d92,0x7572,0x7572,
  0x7572,0x7d93,0x7d93,0x7572,0x7572,0x7572,0x7572,0x7572,0x7592,0x7db3,0x7db3,0x7592,0x7592,0x7572,0x7592,0x7593,
  0x7593,0x7593,0x7572,0x7592,0x7db3,0x7db3,0x7592,0x7593,0x7592,0x7593,0x7592,0x7592,0x7592,0x7593,0x7593,0x7592,
  0x7592,0x7572,0x7572,0x7572,0x7572,0x7593,0x7572,0x7572,0x7552,0x542d,0x6d31,0x7d72,0x7552,0x7d93,0x7572,0x7552,
  0x7552,0x7552,0x7552,0x7552,0x7552,0x7531,0x7511,0x6cd0,0x648f,0x5c0d,0x5c0e,0x5c0e,0x642e,0x640e,0x5bed,0x53cc,
  0x53ac,0x538b,0x53ac,0x536b,0x536b,0x538b,0x538b,0x536b,0x4b09,0x3266,0x42a8,0x532a,0x4ac8,0x42a8,0x5b6b,0x63cc,
  0x63ec,0x63ec,0x63cb,0x638b,0x5b6a,0x634a,0x634a,0x636b,0x634a,0x63ab,0x73ed,0x6bcc,0x73cd,0x73cd,0x6bac,0x6bcc,
  0x6bed,0x742e,0x7c4f,0x7c4f,0x7c70,0x7c90,0x746f,0x7c90,0x7470,0x6c2f,0x6c2e,0x6c2e,0x6bed,0x6bed,0x6bed,0x63ac,
  0x63ac,0x6bcc,0x6bed,0x6c0d,0x6c2d,0x6c0d,0x742e,0x7c8f,0x7c90,0x746f,0x744f,0x6c2e,0x63cc,0x534a,0x530a,0x532a,
  0x530a,0x5b4b,0x63ac,0x63cd,0x6bcd,0x6bcd,0x6bcd,0x6bad,0x6bad,0x73ad,0x6b6c,0x630b,0x630b,0x630a,0x5ac9,0x5aea,
  0x52a9,0x5ac9,0x5aa9,0x5288,0x5288,0x5288,0x52a8,0x52e9,0x530a,0x52ea,0x5b2b,0x4288,0x3227,0x3206,0x3206,0x3a47,
  0x29c5,0x3a47,0x532a,0x4b0a,0x536b,0x53ac,0x5bed,0x5c0e,0x646f,0x646f,0x5c6f,0x5c6f,0x64b0,0x64f0,0x6d11,0x6d11,
  0x6d11,0x7532,0x7532,0x7532,0x7552,0x6d32,0x7552,0x6d32,0x6d32,0x6d52,0x7552,0x7552,0x7553,0x7553,0x6d11,0x6d32,
  0x7553,0x7552,0x7553,0x7532,0x7552,0x7552,0x7552,0x7552,0x7552,0x7552,0x7552,0x7552,0x7552,0x6d32,0x7552,0x7553,
  0x7552,0x7573,0x7553,0x7552,0x6d32,0x6d32,0x7553,0x7553,0x7532,0x64d1,0x7573,0x7573,0x7573,0x7573,0x7573,0x7d93,
  0x7552,0x7572,0x7572,0x7592,0x7593,0x75b3,0x75b3,0x75b3,0x75b3,0x7dd3,0x7dd3,0x7592,0x7593,0x7dd3,0x64f0,0x64f0,
  0x7db3,0x7572,0x7592,0x7592,0x7593,0x7572,0x7592,0x7d93,0x7572,0x7572,0x7572,0x7572,0x7572,0x7572,0x7db3,0x7572,
  0x7572,0x7572,0x7552,0x7572,0x7572,0x7572,0x7572,0x7592,0x7572,0x7593,0x7593,0x7572,0x7593,0x7572,0x7592,0x7593,
  0x7593,0x7db3,0x75b3,0x7572,0x7593,0x7592,0x7572,0x7593,0x7593,0x7593,0x7572,0x7593,0x7593,0x7593,0x7593,0x7d93,
  0x7572,0x7572,0x7572,0x7572,0x7572,0x7572,0x7572,0x7572,0x7d93,0x5c8f,0x6d11,0x7572,0x7d72,0x7d93,0x7572,0x7552,
  0x7572,0x7552,0x7572,0x7552,0x6d11,0x6d31,0x6d11,0x74f1,0x6cb0,0x644e,0x5c2e,0x5c2e,0x5c0e,0x5c0e,0x5bcd,0x538c,
  0x53ac,0x538b,0x538b,0x538c,0x538b,0x53ab,0x538b,0x4b4a,0x4b2a,0x3267,0x3a87,0x4ae9,0x530a,0x4ae9,0x534a,0x5bac,
  0x63ec,0x63cc,0x63cb,0x63ab,0x636b,0x638b,0x636a,0x636a,0x638b,0x63ac,0x6bed,0x73ed,0x6bed,0x6bed,0x6bcc,0x6bed,
  0x6bed,0x744e,0x7c6f,0x7c6f,0x7c90,0x7c90,0x744f,0x746f,0x746f,0x6c2f,0x6c2e,0x6c0e,0x63ed,0x63cc,0x5b8b,0x5b6b,
  0x63ac,0x6bed,0x6bed,0x6c0d,0x6c2d,0x742e,0x744e,0x7c90,0x84b0,0x7c90,0x744e,0x742e,0x6bed,0x5b4a,0x530a,0x5309,
  0x530a,0x534b,0x63ac,0x63ac,0x63cd,0x6bed,0x6bcd,0x6bcd,0x6bcd,0x73cd,0x73ad,0x6b8d,0x6b6c,0x632b,0x5aea,0x5aea,
  0x5aea,0x5aca,0x5aca,0x5aa9,0x52a9,0x5288,0x4aa8,0x4ac9,0x52e9,0x530a,0x530a,0x3a47,0x3227,0x3a47,0x3a47,0x3a27,
  0x3206,0x3a67,0x4b0a,0x4b4a,0x4b6b,0x53cc,0x53ac,0x5c0d,0x644f,0x646f,0x5c6f,0x648f,0x6cf0,0x6d11,0x6d11,0x6d31,
  0x7532,0x7532,0x6d12,0x7572,0x7552,0x6d32,0x7552,0x6d32,0x7553,0x6d32,0x7532,0x7552,0x7552,0x7552,0x7552,0x7552,
  0x7552,0x7552,0x7552,0x7552,0x7532,0x7d73,0x7552,0x7552,0x7532,0x7552,0x7553,0x7573,0x7553,0x7532,0x7553,0x7573,
  0x7553,0x7553,0x7552,0x7573,0x7552,0x7532,0x7552,0x6d32,0x7552,0x64d0,0x7553,0x7d73,0x7553,0x7553,0x7573,0x7573,
  0x7572,0x7572,0x7592,0x7d93,0x7db3,0x7dd3,0x7dd3,0x75b3,0x75b3,0x75b3,0x75b3,0x75b3,0x7592,0x7db4,0x6d11,0x5c8f,
  0x7d93,0x7572,0x7572,0x7572,0x7592,0x7572,0x7572,0x7572,0x7572,0x7593,0x7d93,0x7592,0x7d93,0x7db3,0x7d93,0x7572,
  0x7572,0x7572,0x7d93,0x7d72,0x7572,0x7572,0x7592,0x7592,0x7572,0x7592,0x7593,0x7572,0x7572,0x7572,0x7572,0x7572,
  0x7572,0x7593,0x7593,0x7572,0x7593,0x7593,0x7572,0x7572,0x7572,0x7572,0x7593,0x7593,0x7593,0x7593,0x7572,0x7573,
  0x7572,0x7592,0x7572,0x7592,0x7572,0x7572,0x7572,0x7d93,0x7d93,0x64af,0x6cf1,0x7d72,0x7572,0x7572,0x7572,0x7572,
  0x7572,0x7552,0x7552,0x7572,0x7552,0x6d31,0x7531,0x7511,0x64b0,0x5c4e,0x5c2e,0x5c2e,0x5c2e,0x5c0d,0x53ac,0x538c,
  0x53ac,0x53ac,0x538c,0x538c,0x538b,0x53ac,0x5bac,0x534b,0x4b2a,0x3267,0x3246,0x4b0a,0x5b4b,0x532a,0x5b6b,0x63ec,
  0x63cc,0x63ec,0x63cc,0x638b,0x638b,0x5b6b,0x636b,0x63ac,0x63cc,0x63cc,0x6bed,0x6bed,0x6bcc,0x6bed,0x6bed,0x6bed,
  0x6c0d,0x746f,0x7c8f,0x746f,0x746f,0x7c6f,0x746f,0x744f,0x746f,0x742f,0x6c0e,0x6bcd,0x6bcd,0x5b6b,0x5b4b,0x63ac,
  0x638b,0x6bac,0x73ed,0x6bcd,0x6c0d,0x744f,0x84f1,0x9532,0x9512,0x84b0,0x744e,0x742e,0x6bed,0x5b4a,0x5309,0x5309,
  0x4ae9,0x5b6b,0x63cc,0x63cc,0x63ed,0x6bed,0x6bcd,0x6bcc,0x6bcd,0x6bad,0x73cd,0x73cd,0x6bad,0x6b4b,0x634b,0x630a,
  0x630a,0x5aea,0x5ac9,0x52a9,0x5288,0x4a88,0x4aa8,0x52e9,0x52e9,0x530a,0x4ac9,0x3a47,0x3a47,0x4288,0x4288,0x3a47,
  0x3a47,0x3247,0x42c9,0x536b,0x538b,0x5bcc,0x53ac,0x53cd,0x644e,0x646f,0x648f,0x648f,0x64b0,0x64f1,0x6cf1,0x6d11,
  0x6d32,0x7552,0x6d32,0x7532,0x7532,0x6d32,0x6d32,0x7532,0x7552,0x7552,0x7552,0x7573,0x6d32,0x6d32,0x7552,0x7552,
  0x7552,0x7552,0x7552,0x7552,0x7552,0x7532,0x7532,0x7532,0x6d32,0x7552,0x7552,0x7573,0x7573,0x7552,0x7553,0x7553,
  0x7553,0x7553,0x7553,0x7553,0x7553,0x7553,0x7573,0x7d93,0x6d11,0x64f1,0x7db4,0x7d93,0x7d93,0x7d73,0x7d73,0x7d73,
  0x7551,0x7531,0x7572,0x7593,0x7593,0x75b3,0x7dd3,0x7db3,0x75b3,0x75b3,0x75b3,0x75b3,0x7592,0x7db3,0x7552,0x5caf,
  0x7d93,0x7593,0x7593,0x7592,0x7592,0x7572,0x7572,0x7572,0x7593,0x7d93,0x7d93,0x7572,0x7572,0x7d93,0x7d92,0x7d93,
  0x7d92,0x7572,0x7d92,0x7572,0x7572,0x7572,0x7572,0x7592,0x7572,0x7592,0x7592,0x7572,0x7572,0x7572,0x7592,0x7592,
  0x7572,0x7593,0x7592,0x7593,0x7593,0x7572,0x7572,0x7572,0x7572,0x7572,0x7572,0x7572,0x7572,0x7592,0x7572,0x7572,
  0x7572,0x7572,0x7572,0x7572,0x7572,0x7572,0x7d73,0x7d93,0x7d93,0x5c8f,0x64af,0x7552,0x7572,0x7592,0x7572,0x7572,
  0x7552,0x7572,0x6d51,0x7552,0x7552,0x6d31,0x7531,0x6cf0,0x64af,0x5c4e,0x5c2e,0x5c2e,0x5c2e,0x5c0d,0x53cd,0x53ac,
  0x53ac,0x53ac,0x538c,0x538b,0x538c,0x53ac,0x538c,0x4b4b,0x430a,0x3288,0x29e5,0x42e9,0x5b6b,0x63ac,0x63ac,0x5bac,
  0x63cc,0x63cc,0x5bac,0x63ac,0x5b6b,0x636b,0x63ac,0x63ac,0x63ac,0x63ed,0x640d,0x6c0d,0x6c0d,0x6c2d,0x6c2d,0x6c2d,
  0x744e,0x7c8f,0x7c8f,0x746f,0x746f,0x746f,0x744f,0x744f,0x746f,0x742e,0x6bed,0x6bcd,0x638c,0x5b6b,0x636b,0x6bcc,
  0x638b,0x63ac,0x6bed,0x63ac,0x63ac,0x742e,0x8cf2,0x9553,0x9512,0x8cd1,0x7c6f,0x740e,0x63ac,0x5b4b,0x5b4a,0x5b2a,
  0x4ac9,0x530a,0x5b8b,0x63ed,0x63ed,0x63cc,0x6bed,0x6bcc,0x63ac,0x6bad,0x73cd,0x73ee,0x73ad,0x6b8c,0x6b6c,0x632b,
  0x5aea,0x5ac9,0x5ac9,0x52a9,0x5288,0x4a88,0x4a88,0x4ac9,0x52e9,0x530a,0x4ac9,0x3206,0x3206,0x4268,0x3a88,0x3a68,
  0x42a8,0x42a9,0x4b0a,0x536b,0x53ac,0x5bcc,0x53cc,0x5bed,0x644e,0x646f,0x646f,0x648f,0x6cd0,0x6cf1,0x6cf1,0x6cf1,
  0x6d11,0x7532,0x7532,0x7532,0x6d11,0x6d11,0x7532,0x7552,0x7552,0x7552,0x7532,0x7552,0x7532,0x7532,0x7532,0x7532,
  0x7532,0x7532,0x7532,0x7552,0x7552,0x7d73,0x7d73,0x7d73,0x7d93,0x7d73,0x7d73,0x7d93,0x7d73,0x7552,0x7d73,0x7553,
  0x7532,0x7532,0x6cf1,0x6cf1,0x64f1,0x6cf1,0x6d11,0x6d12,0x5c6f,0x43ac,0x5cb0,0x5cb0,0x64d0,0x64d0,0x64b0,0x64f1,
  0x7531,0x7552,0x7572,0x7592,0x7593,0x75b3,0x7593,0x7592,0x75b3,0x7592,0x75b3,0x7593,0x7572,0x7db3,0x7d93,0x5caf,
  0x7d93,0x7db3,0x7592,0x7572,0x7592,0x7572,0x7572,0x7592,0x7592,0x7572,0x7572,0x7572,0x7572,0x7572,0x7572,0x7572,
  0x7d92,0x7d92,0x7d92,0x7592,0x7572,0x7572,0x7572,0x7592,0x7572,0x7572,0x7592,0x7572,0x7592,0x7592,0x7572,0x7572,
  0x7572,0x7572,0x7592,0x7592,0x7572,0x7572,0x7572,0x7572,0x7572,0x7572,0x7592,0x7572,0x7572,0x7572,0x7572,0x7572,
  0x7572,0x7572,0x7572,0x7572,0x7572,0x7d73,0x7d72,0x7d93,0x7d93,0x5caf,0x5caf,0x7552,0x7572,0x7572,0x7572,0x7572,
  0x7572,0x7572,0x6d52,0x7552,0x7572,0x7552,0x7531,0x6d11,0x6cd0,0x648f,0x5c6e,0x5c4e,0x644e,0x5c0d,0x5bed,0x53ed,
  0x53ac,0x53ac,0x53ac,0x53ac,0x53ac,0x53ac,0x538c,0x538b,0x4b2a,0x3a88,0x2a26,0x3a87,0x534b,0x63cc,0x5bab,0x63cc,
  0x63cc,0x5bac,0x63cc,0x63ac,0x5b6b,0x638b,0x63cc,0x63cc,0x63cc,0x63ec,0x6c2d,0x6c2d,0x6c2d,0x744e,0x744e,0x744e,
  0x746f,0x746f,0x748f,0x746f,0x744f,0x744f,0x6c2e,0x742e,0x744e,0x6bed,0x6bed,0x63ac,0x5b4b,0x5b4b,0x638b,0x6bcd,
  0x6bac,0x638b,0x63ac,0x5b6b,0x638b,0x6bcd,0x742f,0x8490,0x8490,0x7c6f,0x740e,0x6bcc,0x5b4a,0x5b2a,0x5b4a,0x5b6b,
  0x4ae9,0x4ae9,0x5b6b,0x63cc,0x63ec,0x63ec,0x63cc,0x63cc,0x6bed,0x6bee,0x73ee,0x73ee,0x6bad,0x6bac,0x636b,0x636b,
  0x632a,0x5ae9,0x5ae9,0x5ac9,0x52a8,0x4a88,0x4a88,0x52c9,0x5309,0x530a,0x4aea,0x3206,0x3206,0x3a47,0x42a8,0x3a88,
  0x42c9,0x4b0a,0x4b2a,0x4b4b,0x538b,0x5bcc,0x5bed,0x644e,0x646e,0x648f,0x646f,0x648f,0x6cd0,0x6cf1,0x6cd0,0x6cf1,
  0x6d11,0x7532,0x7532,0x7532,0x7532,0x7532,0x7532,0x7552,0x6d11,0x6cf1,0x6d11,0x6cf0,0x6cf0,0x64d0,0x64d0,0x64d0,
  0x6490,0x64b0,0x64b0,0x64b0,0x64d0,0x6490,0x5c8f,0x5c8f,0x5c4f,0x542e,0x542e,0x542e,0x544f,0x544e,0x5c6f,0x5c6f,
  0x5c6f,0x544e,0x544f,0x64b0,0x64b0,0x5c6f,0x64b0,0x64b0,0x544e,0x43cc,0x544e,0x5c6f,0x5c8f,0x5c8f,0x64b0,0x64d0,
  0x7551,0x7552,0x7572,0x7572,0x7592,0x7592,0x7db3,0x7d93,0x7db3,0x7593,0x7593,0x7592,0x7572,0x7d93,0x7d92,0x64d0,
  0x7592,0x7d92,0x7592,0x7592,0x7592,0x7592,0x7572,0x7592,0x7d72,0x7552,0x7552,0x7572,0x7572,0x7572,0x7572,0x7572,
  0x7d92,0x7572,0x7572,0x7572,0x7592,0x7d92,0x7572,0x7572,0x7572,0x7572,0x7572,0x7572,0x7572,0x7592,0x7572,0x7572,
  0x6d52,0x7572,0x7592,0x7593,0x7572,0x7552,0x7572,0x7572,0x7d93,0x7572,0x7572,0x7572,0x7572,0x7572,0x7572,0x7572,
  0x7572,0x7552,0x7552,0x7592,0x7572,0x7d73,0x7572,0x7572,0x7d93,0x64f0,0x64d0,0x7572,0x7572,0x7572,0x7572,0x7572,
  0x7572,0x7552,0x7552,0x7552,0x7572,0x7572,0x7551,0x7552,0x6cf0,0x648f,0x5c6f,0x5c4e,0x5c4e,0x5c0d,0x5c2e,0x5c0d,
  0x53cc,0x53ac,0x53ac,0x53ac,0x5bcd,0x53cc,0x538c,0x53ac,0x4b2a,0x3a88,0x3267,0x3247,0x42c9,0x5b6b,0x5b8b,0x5bab,
  0x5bac,0x5bac,0x5bac,0x63cc,0x63ab,0x5b8b,0x5bab,0x63cc,0x5bcb,0x63ec,0x6c0d,0x6c2d,0x6c2d,0x744e,0x744e,0x746f,
  0x746f,0x746f,0x746f,0x744f,0x6c4e,0x6c2e,0x6c2e,0x6c2e,0x6c2e,0x6bed,0x63cc,0x5b8b,0x5b4b,0x5b4a,0x6bcc,0x6bac,
  0x638b,0x636b,0x532a,0x5b2a,0x5b4a,0x636b,0x638c,0x6bad,0x6bad,0x6bcd,0x638c,0x5b2a,0x52c9,0x4a88,0x4ac8,0x532a,
  0x52e9,0x4ac9,0x532a,0x5bac,0x63cc,0x63ec,0x63cc,0x63cc,0x6bed,0x740e,0x6bed,0x6bcd,0x6bcd,0x638c,0x636b,0x636b,
  0x634b,0x5b2a,0x5b09,0x5ae9,0x52c9,0x4a88,0x4aa8,0x4ac9,0x5309,0x530a,0x4aa9,0x3206,0x3206,0x3a27,0x42a8,0x42c9,
  0x3ac8,0x4b2a,0x4b4a,0x4b4a,0x53ab,0x53ac,0x5c0d,0x646f,0x646f,0x6caf,0x648f,0x64af,0x6cd0,0x6cd0,0x6cd0,0x64af,
  0x648f,0x5c6e,0x5c6e,0x5c4e,0x5c4e,0x5c6e,0x4c0d,0x544e,0x542d,0x542e,0x544e,0x4c0d,0x542d,0x4bed,0x4c0d,0x542e,
  0x544e,0x5c6f,0x5c6f,0x5c8f,0x64d0,0x5c8f,0x6490,0x64b0,0x5c8f,0x64b0,0x5caf,0x6cf1,0x6cf1,0x6cf0,0x6d31,0x6d11,
  0x7532,0x7552,0x7552,0x7532,0x7552,0x6d32,0x7532,0x7531,0x7552,0x7532,0x7552,0x7552,0x6d11,0x7532,0x7552,0x6d11,
  0x7551,0x7552,0x7572,0x7572,0x7db3,0x7db3,0x7db3,0x7d93,0x7db3,0x7592,0x7592,0x7db3,0x7572,0x7d93,0x7572,0x5ccf,
  0x7551,0x7db2,0x7d92,0x7592,0x7d92,0x7572,0x7592,0x7d72,0x7571,0x7d92,0x7552,0x7552,0x7d72,0x7572,0x7572,0x7551,
  0x7531,0x7552,0x7552,0x7572,0x7551,0x7d92,0x7d92,0x7572,0x7552,0x7d92,0x7d72,0x7552,0x7552,0x7572,0x7572,0x7572,
  0x7572,0x7572,0x7592,0x7593,0x7592,0x7572,0x7592,0x7572,0x7db3,0x7593,0x7552,0x7572,0x7592,0x7572,0x7572,0x7572,
  0x7572,0x7572,0x7572,0x7572,0x7d93,0x7d72,0x7572,0x7552,0x7db3,0x6d11,0x6d11,0x7552,0x7552,0x7572,0x7572,0x7593,
  0x7573,0x7572,0x7552,0x7552,0x7552,0x7552,0x7531,0x7531,0x6d11,0x64af,0x5c6e,0x648f,0x646e,0x5c2d,0x642e,0x5bed,
  0x53ac,0x53ac,0x53ac,0x53cc,0x53ac,0x5bed,0x538c,0x5bcd,0x4b4b,0x3a88,0x3aa8,0x3247,0x2a06,0x42c9,0x4b0a,0x5b6b,
  0x63cd,0x63ac,0x5bac,0x6bed,0x63ac,0x5b8b,0x5bab,0x63cc,0x63cc,0x63ec,0x63cc,0x6bed,0x6c0d,0x6c0d,0x6bed,0x742e,
  0x744e,0x742e,0x744f,0x744f,0x6c2e,0x640d,0x6c2d,0x6c0d,0x63ed,0x63cc,0x638b,0x5b8b,0x5b4a,0x5b6b,0x63ac,0x638c,
  0x5b4b,0x4aa8,0x4247,0x4268,0x4267,0x4aa9,0x52c9,0x52c9,0x52a9,0x5aea,0x52c9,0x4a68,0x3a26,0x3a06,0x4267,0x530a,
  0x5b2a,0x4ac9,0x4b09,0x5b8b,0x63cc,0x63ed,0x63ec,0x5bac,0x63cc,0x6bed,0x6bed,0x6bed,0x6bcc,0x636b,0x636b,0x636b,
  0x634b,0x632b,0x5b0a,0x52c9,0x4aa8,0x4aa8,0x4aa8,0x4ae9,0x4ae9,0x532a,0x3a47,0x31e6,0x3a27,0x3a47,0x42c9,0x4b2a,
  0x3ac8,0x4b4a,0x4b6b,0x538b,0x5bcc,0x5bed,0x5bed,0x644e,0x646f,0x64af,0x64af,0x64b0,0x64d0,0x64af,0x64af,0x648f,
  0x64af,0x64af,0x64af,0x6cf0,0x6cf1,0x64d0,0x5c8f,0x64b0,0x64d0,0x6d11,0x7511,0x6cd0,0x6cd0,0x6d11,0x7532,0x6d11,
  0x6cf0,0x6cf1,0x6d11,0x6d11,0x64b0,0x64d0,0x6d11,0x7511,0x7532,0x7552,0x7552,0x7552,0x7552,0x6d31,0x6cf1,0x6d11,
  0x6d31,0x6d32,0x6d11,0x6d32,0x6d32,0x6d11,0x7532,0x7531,0x6d11,0x6d11,0x6d31,0x6d31,0x6d31,0x6d31,0x6d11,0x6d11,
  0x7d72,0x7531,0x7572,0x7d92,0x7d92,0x7db2,0x7572,0x7d92,0x7db3,0x7572,0x7d92,0x7db3,0x7572,0x7d93,0x7d92,0x64f0,
  0x6d51,0x7d92,0x7db3,0x7572,0x7592,0x7572,0x7572,0x7571,0x7551,0x7d72,0x7572,0x7572,0x7572,0x7551,0x7551,0x7551,
  0x7551,0x7552,0x7552,0x7552,0x7551,0x7551,0x7572,0x7552,0x7d72,0x7d72,0x7d73,0x7572,0x7552,0x7572,0x7552,0x7572,
  0x7572,0x7552,0x7572,0x7d93,0x7572,0x7572,0x7572,0x7572,0x7552,0x7572,0x7572,0x7592,0x7572,0x7552,0x7572,0x7552,
  0x7552,0x7572,0x7572,0x7572,0x7572,0x7572,0x7d72,0x7d72,0x7db3,0x6d11,0x64af,0x7531,0x7552,0x7572,0x7552,0x7552,
  0x7552,0x7552,0x7552,0x7552,0x7552,0x7552,0x7552,0x7532,0x6d11,0x64af,0x5c6e,0x648f,0x648f,0x644e,0x644e,0x5bed,
  0x53ac,0x53ac,0x5bcd,0x5bed,0x53cc,0x5bcd,0x53ac,0x53ac,0x4b4b,0x3aa8,0x42c9,0x3aa8,0x3226,0x29c5,0x29e5,0x42c9,
  0x63cd,0x63cd,0x63ad,0x63ed,0x63ac,0x63ac,0x6bed,0x63ac,0x63ac,0x63cd,0x63cc,0x6bed,0x6c0d,0x6bed,0x6c0d,0x6c0d,
  0x6c2e,0x6c2e,0x6c2e,0x742e,0x6c2e,0x6c0d,0x6c0d,0x63ed,0x63cc,0x63ac,0x63ac,0x63ac,0x5b6b,0x532a,0x636b,0x634b,
  0x5aea,0x3a27,0x39e6,0x3a06,0x39e5,0x3a06,0x4207,0x4227,0x4207,0x4207,0x39e6,0x31a5,0x31a4,0x31a5,0x4226,0x4aa8,
  0x52e9,0x52e9,0x530a,0x5b8b,0x63cc,0x63cc,0x63cc,0x5bcc,0x63cc,0x63cc,0x63cc,0x6bed,0x6bcc,0x638b,0x634b,0x636b,
  0x5b4b,0x5b2a,0x5b2b,0x52c9,0x4aa8,0x4aa8,0x4ac9,0x4ae9,0x4ae9,0x4ac9,0x3206,0x3206,0x3a47,0x3a47,0x42c9,0x4b4a,
  0x430a,0x4b2a,0x4b6b,0x538c,0x5bcd,0x5c0d,0x5c2d,0x5c2e,0x646f,0x64af,0x64af,0x64af,0x64af,0x64af,0x64af,0x6cd0,
  0x6cf0,0x6cf0,0x6cd0,0x6cf0,0x6cf0,0x6cf0,0x64af,0x64d0,0x6d10,0x64d0,0x64d0,0x6cf0,0x6cf0,0x6cf0,0x6cf1,0x6cf0,
  0x64d0,0x64d0,0x6cf1,0x6cf1,0x64d0,0x64d0,0x6cf1,0x6d11,0x6d11,0x6d11,0x7511,0x6d11,0x6d31,0x6d31,0x6d31,0x7531,
  0x6d11,0x7531,0x6d11,0x7531,0x6d11,0x6d11,0x6d11,0x6d11,0x6d11,0x6d11,0x6d11,0x6d31,0x6d11,0x6d31,0x6d31,0x6d31,
  0x7531,0x7531,0x7552,0x7d72,0x7572,0x7d72,0x7572,0x7572,0x7d93,0x7db3,0x7d93,0x7592,0x7572,0x7d92,0x7572,0x64cf,
  0x6d51,0x7d93,0x7d92,0x7572,0x7d92,0x7572,0x7572,0x7571,0x7571,0x7572,0x7d92,0x7572,0x7572,0x7552,0x7552,0x7572,
  0x7571,0x7572,0x7552,0x7531,0x7572,0x7551,0x7551,0x7572,0x7552,0x7552,0x7552,0x7572,0x7531,0x7572,0x7572,0x7572,
  0x7572,0x7552,0x7572,0x7572,0x7572,0x7d92,0x7d93,0x7552,0x6d31,0x7531,0x7572,0x7572,0x7d93,0x7d93,0x7572,0x7552,
  0x7531,0x7572,0x7572,0x7552,0x7572,0x7572,0x7d72,0x7d72,0x7db3,0x6d11,0x546e,0x7552,0x7551,0x6d31,0x6d11,0x6d31,
  0x7532,0x7552,0x7552,0x7532,0x7532,0x7531,0x7531,0x7531,0x6cf1,0x64b0,0x648f,0x5c4e,0x646f,0x644e,0x642e,0x640e,
  0x5bed,0x53ac,0x53ac,0x5bcd,0x5bcd,0x53cc,0x53ac,0x5bac,0x4b6b,0x42e9,0x4b2a,0x42e9,0x3a67,0x29e5,0x1984,0x3226,
  0x63ac,0x5bac,0x5bac,0x5bac,0x5bac,0x5bac,0x5bac,0x63ed,0x63ed,0x63cd,0x640d,0x6c2e,0x6c2e,0x6c2e,0x6c2e,0x6c2e,
  0x6c2e,0x742e,0x6c2e,0x6c2e,0x6c2e,0x742e,0x6c2d,0x63ec,0x63cc,0x63ed,0x63ec,0x63ac,0x638b,0x532a,0x530a,0x4ac9,
  0x4268,0x39e6,0x2124,0x2944,0x3185,0x2985,0x2964,0x2124,0x2944,0x2964,0x2964,0x3184,0x3184,0x31c5,0x39e5,0x3a26,
  0x4288,0x52e9,0x5b4a,0x5b8b,0x5bac,0x63cc,0x5bcc,0x63cc,0x5bac,0x5b8b,0x63ac,0x638c,0x638b,0x5b4b,0x5b4b,0x5b6b,
  0x5b2b,0x52ea,0x52ea,0x530a,0x52c9,0x4288,0x4a88,0x52ea,0x52ea,0x4ac9,0x31e6,0x3206,0x3a47,0x3a67,0x42c9,0x534b,
  0x536b,0x4b4b,0x538b,0x538b,0x53cc,0x53ed,0x5c0d,0x644e,0x648f,0x648f,0x64af,0x64cf,0x64af,0x6caf,0x64af,0x6cd0,
  0x6cd0,0x6cd0,0x6cd0,0x64d0,0x64cf,0x6cf0,0x64af,0x64af,0x6cf0,0x6cd0,0x6cd0,0x6cf1,0x6cf0,0x6cf0,0x6cd0,0x6cf0,
  0x6cf1,0x6cf1,0x6cf1,0x6cf1,0x6cf1,0x6cf1,0x6d11,0x6d11,0x6d11,0x6d11,0x7531,0x7531,0x6d11,0x6d11,0x6d11,0x6d11,
  0x6d11,0x7532,0x7532,0x6d11,0x6cd0,0x6cf1,0x6cf1,0x6cf1,0x6d11,0x6d11,0x6d11,0x6d11,0x6d11,0x6d11,0x6d11,0x6d31,
  0x7531,0x7552,0x7d72,0x7d72,0x7d72,0x7d72,0x7572,0x7592,0x7db3,0x7db3,0x7d92,0x7593,0x7593,0x7d92,0x7572,0x64d0,
  0x7551,0x7db3,0x7d93,0x7db3,0x7db3,0x7572,0x7d92,0x7572,0x7d92,0x7d92,0x7d92,0x7d92,0x7d93,0x7572,0x7d72,0x7d92,
  0x7d92,0x7d92,0x7d72,0x7552,0x7d72,0x7d72,0x7552,0x7572,0x7572,0x7552,0x7572,0x7d72,0x7572,0x7572,0x7572,0x7572,
  0x7572,0x7552,0x7d72,0x7572,0x7552,0x7d92,0x7572,0x7572,0x7572,0x7552,0x7531,0x7552,0x7552,0x7552,0x7552,0x7551,
  0x6d31,0x6d31,0x7552,0x7572,0x7572,0x7552,0x7532,0x7552,0x7552,0x64f0,0x5c6e,0x6d11,0x64f0,0x64f0,0x64d0,0x6d11,
  0x6d11,0x6d11,0x6d11,0x7532,0x6d31,0x6d11,0x6d31,0x6d11,0x6cd0,0x64d0,0x648f,0x646f,0x646e,0x644e,0x5c0e,0x640e,
  0x5c0d,0x5bcd,0x53ac,0x5bcd,0x5bed,0x5bcd,0x53cc,0x53cc,0x4b6b,0x4b2a,0x536b,0x4b0a,0x3aa8,0x3247,0x21c5,0x29e5,
  0x638c,0x63cd,0x5bac,0x5bac,0x5bcc,0x63cd,0x5bac,0x63ed,0x63ed,0x5bcc,0x63ed,0x6c0e,0x6c2e,0x6c2e,0x6c0e,0x6c0d,
  0x6c2e,0x742e,0x6c2e,0x742e,0x742e,0x6c2e,0x6c0d,0x63ed,0x63cc,0x6c0d,0x6c0d,0x6c0d,0x6bed,0x532a,0x4288,0x4268,
  0x4247,0x2144,0x18c2,0x2124,0x2123,0x2964,0x2123,0x2123,0x2123,0x2943,0x2123,0x18e2,0x2102,0x2964,0x39e5,0x3a05,
  0x3a26,0x4ac9,0x5b6b,0x5b8b,0x5b8b,0x63cc,0x63cc,0x5bac,0x5b8b,0x5b8b,0x5b8b,0x636b,0x5b4b,0x5b4b,0x636b,0x5b2a,
  0x530a,0x530a,0x52ea,0x52ea,0x4aa9,0x4267,0x4288,0x52e9,0x52ea,0x4ac9,0x3206,0x3a46,0x3a26,0x3a47,0x42c9,0x4b2a,
  0x538b,0x538b,0x53ab,0x53ab,0x5bcc,0x5c2e,0x5c2e,0x5c4e,0x648f,0x648f,0x648f,0x64af,0x64d0,0x6cd0,0x6cd0,0x6cd0,
  0x6cd0,0x6cd0,0x6cd0,0x6cf0,0x64d0,0x64d0,0x64d0,0x6cf0,0x6cd0,0x6cf0,0x6cf1,0x6cf0,0x6cf0,0x6cf0,0x64d0,0x64d0,
  0x6cf1,0x6cf0,0x6cf1,0x6cf0,0x64d0,0x6cf1,0x6cf1,0x6cf1,0x6cf1,0x6d10,0x6d31,0x6d11,0x6d11,0x6d11,0x6d11,0x6d11,
  0x6d11,0x6d11,0x6cf1,0x6cf1,0x6cf1,0x6d11,0x6d11,0x6d11,0x6d11,0x6d11,0x6d11,0x6d11,0x6d11,0x6d11,0x6cf1,0x6d11,
  0x7531,0x6d11,0x7572,0x7d93,0x7551,0x7531,0x7551,0x7552,0x7551,0x7572,0x7572,0x6d11,0x6d10,0x6d11,0x6d31,0x64f0,
  0x64cf,0x6d31,0x7572,0x7572,0x6d11,0x6d31,0x6d11,0x64f0,0x6d11,0x6d31,0x64f0,0x6cf1,0x6d11,0x64f0,0x6cf0,0x6d10,
  0x6d10,0x6d11,0x6d10,0x64d0,0x64d0,0x64d0,0x64af,0x5c8f,0x64b0,0x64d0,0x64f0,0x64d0,0x64d0,0x64d0,0x64cf,0x64d0,
  0x64d0,0x64d0,0x6cf0,0x64f0,0x64d0,0x6d11,0x64f0,0x6d11,0x7531,0x6d11,0x6cf0,0x7531,0x7531,0x6d11,0x6d31,0x6d31,
  0x7552,0x7572,0x7572,0x7552,0x7572,0x7572,0x7552,0x7552,0x7552,0x7d72,0x6d31,0x7552,0x7552,0x7552,0x7552,0x7552,
  0x7552,0x7552,0x7532,0x7552,0x7552,0x7552,0x7572,0x7d72,0x7511,0x6cd0,0x648f,0x646f,0x646e,0x642e,0x640e,0x5c0d,
  0x53cd,0x5bcd,0x5bcd,0x5bed,0x5bed,0x5bed,0x5bcd,0x5bcd,0x538c,0x4b4a,0x4b4b,0x42e9,0x42a9,0x3247,0x29e5,0x21c5,
  0x5b4b,0x63ac,0x5bac,0x5b8c,0x63cc,0x63cc,0x5bcc,0x63ed,0x63ed,0x63ed,0x640e,0x640d,0x6c0d,0x6c2e,0x6c2e,0x6c0d,
  0x6c2e,0x6c0e,0x6c0e,0x6c2e,0x6c0e,0x6c0d,0x6c0d,0x63ed,0x640d,0x6c0d,0x6c2d,0x746e,0x744e,0x638b,0x3a47,0x3206,
  0x31e6,0x2985,0x2965,0x31a5,0x31a5,0x31c5,0x2984,0x2143,0x2143,0x2984,0x2943,0x2102,0x1902,0x2943,0x3a06,0x4226,
  0x3a06,0x4aa8,0x638b,0x638b,0x5bab,0x63cc,0x5bab,0x5bac,0x5b8b,0x5b6b,0x5b6b,0x636b,0x5b6b,0x5b4a,0x5b4a,0x5309,
  0x52ea,0x52ea,0x530a,0x4aca,0x4289,0x4288,0x4ac9,0x4ae9,0x52e9,0x42a8,0x3206,0x4288,0x3a47,0x3226,0x42a8,0x4b09,
  0x5bab,0x5bab,0x53ab,0x5bcc,0x53cc,0x5bed,0x642e,0x644e,0x648f,0x648f,0x64af,0x6cd0,0x6cd0,0x6cd0,0x64af,0x6cf0,
  0x6cd0,0x64af,0x6cf0,0x64cf,0x64f0,0x64d0,0x64d0,0x6d11,0x6cf1,0x6cf0,0x6cf1,0x6cd0,0x6cf0,0x6cf0,0x6cf1,0x6cf0,
  0x6cf0,0x6cf0,0x6cf1,0x6cf0,0x64d0,0x6cf0,0x6cf1,0x6d11,0x6d10,0x6d11,0x6d11,0x6d11,0x6d11,0x7531,0x6d11,0x6d11,
  0x6d11,0x6cf1,0x6cf1,0x6cf1,0x6cf1,0x6cf1,0x6cf1,0x6d11,0x6d11,0x6cf1,0x6cf1,0x6d11,0x6d11,0x6d11,0x6d11,0x6d11,
  0x5c4e,0x544d,0x5c8e,0x64af,0x5c8f,0x5c8e,0x5c8e,0x5c8f,0x5caf,0x5c8f,0x64f0,0x5c8f,0x5c8e,0x5caf,0x64cf,0x64cf,
  0x64cf,0x6d31,0x64f0,0x64f0,0x64cf,0x64d0,0x5caf,0x64d0,0x64f0,0x64f0,0x64d0,0x64d0,0x64d0,0x64cf,0x64af,0x64cf,
  0x64cf,0x64d0,0x64d0,0x5c8f,0x5c6e,0x544e,0x5c4e,0x542e,0x64b0,0x7531,0x6d31,0x6d31,0x6d51,0x7552,0x7552,0x6d31,
  0x7531,0x7551,0x7551,0x7552,0x7551,0x7551,0x7552,0x7552,0x7572,0x7532,0x7532,0x7572,0x7531,0x7552,0x7552,0x7572,
  0x7552,0x7552,0x7552,0x7552,0x7552,0x7572,0x7572,0x7551,0x7552,0x7552,0x7552,0x7531,0x7552,0x7552,0x7552,0x7552,
  0x7531,0x7532,0x6d31,0x6d11,0x6d11,0x6d31,0x7531,0x7d72,0x7531,0x64b0,0x646f,0x5c4e,0x5c4e,0x642e,0x5c0e,0x5c0e,
  0x5bed,0x5bed,0x5bed,0x640e,0x642e,0x5c0e,0x5bed,0x53cd,0x53cc,0x538c,0x4b6b,0x4b2a,0x42a9,0x3a88,0x3226,0x21c5,
  0x4b0a,0x63cd,0x5bac,0x5bac,0x63cc,0x5bac,0x63cd,0x63cd,0x63ed,0x63ed,0x63ed,0x6c0e,0x640e,0x6c0e,0x6c2e,0x6c0e,
  0x6c0d,0x6c0e,0x6c2e,0x6c0e,0x6c2e,0x6c2d,0x640d,0x640d,0x6c2e,0x6c4e,0x6c4e,0x746f,0x748f,0x6c0e,0x4ae9,0x29c5,
  0x2984,0x29a5,0x31e6,0x31e6,0x3a06,0x39e6,0x31a5,0x31a4,0x31a5,0x31a4,0x3184,0x2964,0x2122,0x2963,0x31c5,0x3a06,
  0x3a47,0x5309,0x63ac,0x6bcc,0x63ac,0x5bab,0x5bac,0x5b8b,0x5b8b,0x5b8b,0x5b4b,0x638b,0x5b6b,0x5b4a,0x532a,0x530a,
  0x530a,0x530a,0x4ac9,0x42a9,0x42a9,0x4ac9,0x42a9,0x4ae9,0x52e9,0x3a67,0x3a47,0x3a67,0x3205,0x3a47,0x42a8,0x4b09,
  0x5bab,0x5bab,0x538b,0x5bcc,0x5bec,0x5c0d,0x5c0d,0x644e,0x646f,0x64af,0x64af,0x64af,0x6cd0,0x64af,0x64af,0x6cd0,
  0x6cd0,0x64af,0x64af,0x6cf0,0x6cf0,0x64d0,0x64d0,0x64d0,0x6cf0,0x6cd0,0x6cd0,0x64d0,0x64d0,0x64d0,0x6cf0,0x6cf0,
  0x64d0,0x64f0,0x6cf0,0x6cf0,0x64d0,0x6cf0,0x64f0,0x64d0,0x6cf0,0x64f0,0x6cf0,0x6d11,0x6d11,0x7531,0x7531,0x6d11,
  0x6cf1,0x6d11,0x6d11,0x6cf1,0x6cf1,0x6cf1,0x7512,0x6d11,0x6d11,0x6d11,0x6cf1,0x6cf0,0x6d11,0x6d11,0x6d11,0x6cf1,
  0x7531,0x6d10,0x6d11,0x7531,0x7551,0x7531,0x7551,0x7d72,0x7d72,0x7d92,0x7d92,0x7d92,0x7d92,0x7d72,0x7d92,0x7d92,
  0x7d72,0x7db3,0x7592,0x7d93,0x7572,0x7d93,0x7572,0x7d93,0x7db3,0x7d93,0x7d72,0x7572,0x7572,0x7d72,0x7d92,0x7d72,
  0x7d92,0x7572,0x7552,0x7d72,0x7552,0x7531,0x7552,0x6d11,0x6cf0,0x7d93,0x7572,0x7572,0x7572,0x7551,0x7572,0x7552,
  0x7551,0x7571,0x7571,0x7d72,0x7552,0x7552,0x7552,0x7552,0x7552,0x7531,0x7531,0x7531,0x7531,0x7531,0x7572,0x7552,
  0x7552,0x7572,0x7552,0x7551,0x7552,0x7552,0x7552,0x7551,0x7551,0x6d31,0x7551,0x7552,0x7552,0x7531,0x7531,0x7532,
  0x6d11,0x6d31,0x6d11,0x6d11,0x6d11,0x6d11,0x6d31,0x7532,0x7511,0x6cd0,0x646f,0x5c4e,0x5c2e,0x5c0e,0x640e,0x5c0e,
  0x5bed,0x5bed,0x53cd,0x5c0e,0x642e,0x5c0e,0x5bed,0x5bed,0x53cc,0x538c,0x538c,0x4b4b,0x534b,0x4b2a,0x3227,0x21e5,
  0x3a88,0x5b8c,0x5bac,0x5bac,0x538c,0x5bac,0x63cd,0x63cd,0x63ed,0x63ed,0x640d,0x6c2e,0x6c0e,0x6c2e,0x640e,0x6c0e,
  0x6c0d,0x640d,0x6c4e,0x6c2d,0x6c0d,0x6c0d,0x6c0d,0x6c2e,0x746e,0x6c4e,0x746e,0x748f,0x746f,0x744f,0x5bac,0x4288,
  0x3206,0x31e6,0x3a47,0x4267,0x4247,0x39e6,0x31a4,0x31a5,0x31a5,0x2984,0x31a5,0x2943,0x2123,0x2143,0x2984,0x31e5,
  0x4267,0x5b4a,0x6bac,0x6bcc,0x63ac,0x5b8b,0x5b8b,0x5b8b,0x5b6b,0x5b8b,0x5b6b,0x5b6b,0x5b6b,0x5b4a,0x534a,0x5309,
  0x530a,0x530a,0x4ac9,0x4288,0x42a9,0x42c9,0x4ae9,0x4b0a,0x4ae9,0x3a46,0x4288,0x3a67,0x3226,0x3a46,0x3a87,0x4b29,
  0x538b,0x5bcc,0x538b,0x53ab,0x5bed,0x5c0e,0x5c0d,0x644e,0x646f,0x648f,0x648f,0x64af,0x64af,0x648f,0x648f,0x64af,
  0x64af,0x64af,0x6cd0,0x6cd0,0x6cd0,0x64cf,0x64d0,0x6cf0,0x64d0,0x64d0,0x64d0,0x64d0,0x64d0,0x64f0,0x6cd0,0x6cf0,
  0x6cf1,0x6cf0,0x6d11,0x6cf0,0x6cf0,0x64d0,0x6d10,0x6d10,0x6d10,0x6cf0,0x6cf0,0x6d11,0x6d11,0x6d11,0x7531,0x6cf0,
  0x6cf0,0x6cf1,0x6cf1,0x6cf1,0x6cf1,0x6cf1,0x6d11,0x6d11,0x7531,0x6d11,0x6cf1,0x6d11,0x6d31,0x6d31,0x6d11,0x6cf0,
  0x7d52,0x7531,0x7531,0x7551,0x7551,0x7552,0x7551,0x7531,0x7551,0x7551,0x7552,0x7572,0x7572,0x7552,0x7d72,0x7572,
  0x7572,0x7572,0x7593,0x7552,0x7552,0x7572,0x7572,0x7572,0x7d92,0x7572,0x7551,0x7551,0x7551,0x7552,0x7572,0x7552,
  0x7572,0x7551,0x7531,0x7552,0x7531,0x7532,0x7572,0x6d31,0x64f0,0x7552,0x7552,0x6d51,0x6d31,0x6d31,0x7551,0x7551,
  0x7551,0x7551,0x7571,0x7551,0x7551,0x7551,0x7552,0x7552,0x7552,0x7531,0x7531,0x7552,0x7552,0x6d31,0x6d31,0x7552,
  0x7551,0x7551,0x6d31,0x6d31,0x7572,0x7552,0x6d31,0x6d51,0x7552,0x6d31,0x6d31,0x7552,0x7552,0x6d31,0x7531,0x7531,
  0x6d31,0x6d31,0x6d11,0x6d11,0x6d31,0x6d11,0x6d31,0x6cf1,0x7511,0x6cf0,0x5c6e,0x5c4e,0x644e,0x5c2d,0x5c0d,0x640e,
  0x5c0e,0x5bed,0x53cc,0x642e,0x6c4f,0x642e,0x642e,0x5c0d,0x53ac,0x538c,0x538c,0x4b2b,0x4b2b,0x534b,0x3247,0x29e6,
  0x2a06,0x536b,0x5bac,0x5bac,0x538c,0x5bac,0x5bcd,0x5bcd,0x5bcd,0x63ed,0x640d,0x640e,0x640e,0x6c0e,0x640d,0x640e,
  0x640d,0x640d,0x6c2e,0x6c2e,0x6c2e,0x6c0e,0x6c4e,0x744e,0x746f,0x746f,0x748f,0x748f,0x746f,0x7490,0x6c2e,0x536b,
  0x4b0a,0x4ae9,0x4ae9,0x4ac9,0x4288,0x3a06,0x31c5,0x31a5,0x31c5,0x31e6,0x31c5,0x2984,0x2984,0x31c5,0x3a05,0x3a26,
  0x4288,0x5b4b,0x6bcc,0x63ac,0x63ac,0x638b,0x5b6b,0x5b6b,0x5b6b,0x638b,0x5b6b,0x534a,0x5b6b,0x534a,0x5329,0x4ae9,
  0x4ac9,0x4b0a,0x4ae9,0x4288,0x42a8,0x42c9,0x4ae9,0x532a,0x42a8,0x3a46,0x4287,0x4287,0x3a46,0x3a67,0x3a87,0x4b2a,
  0x538b,0x53ab,0x5bab,0x53ab,0x5bcc,0x5c0e,0x642e,0x644e,0x646e,0x648f,0x648f,0x64af,0x6cd0,0x648f,0x64af,0x6cd0,
  0x64af,0x6cd0,0x6cd0,0x6cd0,0x6cd0,0x64cf,0x64d0,0x6cf1,0x64d0,0x6cf0,0x64f0,0x64d0,0x6cf0,0x6cf0,0x64d0,0x6cf0,
  0x6d11,0x6cf0,0x6cf0,0x6cf0,0x6cf0,0x6cf0,0x6cf0,0x6cf0,0x6cf0,0x6cf0,0x6cf0,0x6cf0,0x6d11,0x6cf0,0x6d10,0x6cf0,
  0x6cf1,0x6cf0,0x64d0,0x6cf1,0x6cf1,0x6cf1,0x7512,0x6d11,0x6d11,0x6d11,0x6d11,0x6d11,0x6d11,0x6d11,0x6d11,0x6cf0,
  0x7531,0x7531,0x7531,0x7531,0x7531,0x6d31,0x6d31,0x7531,0x7551,0x7552,0x7572,0x7572,0x7d72,0x7d92,0x7d92,0x7572,
  0x7572,0x7552,0x7572,0x7552,0x7572,0x7552,0x7572,0x7571,0x7551,0x7551,0x7551,0x7572,0x7572,0x7552,0x7552,0x7552,
  0x7572,0x7552,0x7552,0x7552,0x7552,0x7552,0x7552,0x7532,0x64f0,0x7531,0x7552,0x6d31,0x7551,0x7552,0x7551,0x6d31,
  0x7551,0x7551,0x7571,0x7d72,0x7551,0x7551,0x7552,0x7531,0x7531,0x7531,0x7552,0x6d31,0x7551,0x6d31,0x6d31,0x6d52,
  0x6d31,0x7551,0x6d31,0x6d31,0x6d31,0x7552,0x6d31,0x6d51,0x7552,0x7551,0x6d31,0x7552,0x7552,0x7532,0x6d31,0x6d11,
  0x6d11,0x6d11,0x6cf0,0x6d11,0x6d31,0x7531,0x6d11,0x6d11,0x6d11,0x6cf0,0x648f,0x5c6e,0x644e,0x5c0d,0x5c0d,0x5c0d,
  0x5bed,0x5bed,0x5bed,0x642e,0x642e,0x642e,0x642e,0x5c0e,0x53cc,0x53ac,0x4b6b,0x536b,0x4b4b,0x4b0a,0x3a68,0x3206,
  0x29e6,0x4b2a,0x538c,0x5bac,0x5bac,0x5bac,0x63ed,0x63ed,0x640d,0x63ed,0x63ed,0x5bcd,0x63ed,0x640e,0x640e,0x63ed,
  0x640d,0x6c0d,0x640d,0x6c2e,0x6c2e,0x6c2e,0x6c2e,0x6c4f,0x746f,0x748f,0x746f,0x748f,0x746f,0x748f,0x748f,0x6c2e,
  0x6c2d,0x63cc,0x63cc,0x5b8b,0x4ae9,0x3a47,0x31c5,0x3a06,0x3a06,0x3a27,0x3a27,0x3a06,0x31e5,0x3a06,0x4267,0x4287,
  0x52e9,0x5b4a,0x63ac,0x63ac,0x638c,0x5b8b,0x5b6b,0x5b6b,0x5b6b,0x5b6b,0x5b4a,0x534a,0x5b4a,0x532a,0x532a,0x4b09,
  0x4aea,0x4aea,0x4aea,0x4288,0x42a8,0x42a9,0x42c9,0x4ae9,0x3a46,0x3a46,0x4287,0x3a67,0x3a47,0x4287,0x42c8,0x4b29,
  0x536a,0x538b,0x53ac,0x53ac,0x53cc,0x5bed,0x642e,0x644e,0x646e,0x648f,0x648f,0x6caf,0x64af,0x648f,0x6cd0,0x64af,
  0x6ccf,0x6cd0,0x6cd0,0x6d10,0x6cd0,0x64d0,0x64af,0x64d0,0x64d0,0x64f0,0x64d0,0x64d0,0x64d0,0x64d0,0x6cd0,0x6cf0,
  0x64d0,0x64d0,0x64d0,0x6cf0,0x6cf0,0x64d0,0x64f0,0x6cf0,0x64cf,0x6cf0,0x6cf0,0x64d0,0x6cf0,0x6cf0,0x64f0,0x6cf0,
  0x6cf0,0x6cf0,0x64d0,0x6cf1,0x6cd0,0x6d11,0x6d11,0x6cf1,0x6cf1,0x6d11,0x6cf1,0x6d11,0x6d11,0x6d11,0x6cf1,0x6cf1,
  0x7531,0x7551,0x7531,0x7531,0x7551,0x7551,0x7551,0x7551,0x7531,0x7552,0x7572,0x7d92,0x7551,0x7d72,0x7d72,0x7552,
  0x7572,0x7572,0x7572,0x7552,0x7572,0x7552,0x7572,0x7572,0x7551,0x7d92,0x7571,0x7571,0x7551,0x7552,0x7552,0x7531,
  0x7572,0x7552,0x7552,0x7552,0x7552,0x7552,0x7572,0x6d31,0x64d0,0x7552,0x7551,0x7551,0x7552,0x7552,0x7551,0x7531,
  0x7551,0x7552,0x7551,0x7531,0x7572,0x7552,0x7551,0x6d31,0x7531,0x7551,0x7552,0x6d31,0x7551,0x6d31,0x6d31,0x6d31,
  0x6d31,0x6d31,0x7552,0x7572,0x6d31,0x6d31,0x7552,0x7531,0x7552,0x7531,0x6d11,0x7531,0x7552,0x7531,0x6d11,0x6d31,
  0x6d11,0x6d11,0x6d31,0x6d31,0x7531,0x7531,0x6cf1,0x6d11,0x6cf0,0x64d0,0x64af,0x5c6e,0x644e,0x5c2e,0x5c2e,0x5c0e,
  0x5bed,0x5bed,0x5bcd,0x640e,0x640e,0x5c0e,0x642e,0x5c0d,0x5c0d,0x53cc,0x4b6b,0x538c,0x536c,0x4aea,0x42c9,0x3247,
  0x2a06,0x3a88,0x5b8c,0x5b8c,0x5b8c,0x5bac,0x5bcc,0x5bcd,0x63ed,0x63ed,0x63ed,0x63ed,0x63ed,0x640e,0x640e,0x640d,
  0x640d,0x6c0d,0x63ed,0x6c2e,0x6c2e,0x6c4f,0x6c4f,0x6c2e,0x6c2e,0x746f,0x6c6f,0x748f,0x74b0,0x748f,0x748f,0x746f,
  0x6c6e,0x6c4e,0x744e,0x6bed,0x5309,0x3a67,0x3205,0x4247,0x4247,0x4247,0x4268,0x4247,0x3a26,0x3a47,0x4aa8,0x5309,
  0x532a,0x5b6b,0x63ac,0x63ac,0x63ac,0x5b8b,0x5b6b,0x5b6b,0x5b6b,0x5b4a,0x534a,0x534a,0x532a,0x532a,0x4b09,0x4ae9,
  0x4b0a,0x4b0a,0x4aea,0x42a9,0x42a9,0x4ac9,0x4ae9,0x42a8,0x3a47,0x4287,0x4287,0x4267,0x3a67,0x42a8,0x4b09,0x4b29,
  0x534a,0x538b,0x53ab,0x53ac,0x5bcc,0x5bed,0x5c2e,0x644e,0x646f,0x648f,0x648f,0x6caf,0x6caf,0x64af,0x64af,0x64af,
  0x64af,0x6ccf,0x64af,0x6cd0,0x6cd0,0x64af,0x64af,0x64d0,0x64d0,0x64d0,0x6cd0,0x64d0,0x6cf0,0x64d0,0x6cf0,0x64d0,
  0x64d0,0x64d0,0x64d0,0x6d11,0x6cf0,0x64d0,0x6cf0,0x64d0,0x64f0,0x6cf0,0x6d10,0x6cf0,0x6cf0,0x6cf0,0x64d0,0x64d0,
  0x64d0,0x64d0,0x6cf0,0x6cf1,0x6cf1,0x6d11,0x6d11,0x6d11,0x7531,0x6d31,0x6d11,0x6d11,0x7531,0x6d11,0x6cf0,0x64d0,
  0x7531,0x7531,0x7531,0x6d11,0x7531,0x6d31,0x7551,0x7552,0x7552,0x7572,0x7d72,0x7572,0x7552,0x7572,0x7572,0x7572,
  0x7572,0x7572,0x7572,0x7552,0x7552,0x7572,0x7572,0x7572,0x7571,0x7551,0x7571,0x7551,0x7551,0x7552,0x7d93,0x7552,
  0x7552,0x7d72,0x7531,0x7531,0x7531,0x7531,0x7551,0x6d10,0x5c8f,0x6d31,0x7552,0x7551,0x7551,0x7531,0x7551,0x7551,
  0x7551,0x7531,0x7551,0x7531,0x7531,0x7551,0x7552,0x7552,0x7531,0x7531,0x6d31,0x6d31,0x7552,0x7551,0x6d31,0x6d31,
  0x7552,0x7552,0x7552,0x6d31,0x6d31,0x6d31,0x7552,0x7531,0x7531,0x7531,0x6d31,0x7531,0x7552,0x7531,0x6d11,0x6d11,
  0x6d11,0x6d11,0x6d51,0x7531,0x7552,0x7552,0x6d11,0x6cf0,0x6cd0,0x648f,0x648f,0x648f,0x646e,0x5c4e,0x5c2e,0x5c0e,
  0x5c0d,0x53ed,0x5bed,0x5bed,0x5c0e,0x642e,0x642e,0x642e,0x642e,0x5bed,0x53ac,0x538c,0x536b,0x4b2a,0x42e9,0x3a68,
  0x3226,0x42a8,0x5b6b,0x5b8c,0x5b8c,0x5b8c,0x5bcd,0x5bcd,0x5bcd,0x5bcd,0x5bcd,0x63ed,0x63ed,0x640e,0x640e,0x6c2e,
  0x640d,0x640d,0x63ed,0x6c0e,0x6c4f,0x6c2e,0x6c4f,0x746f,0x746f,0x6c4f,0x746f,0x7490,0x748f,0x748f,0x748f,0x748f,
  0x746f,0x746e,0x742e,0x6bac,0x52e9,0x4246,0x39e5,0x4206,0x4a68,0x4a68,0x4a88,0x4267,0x3a47,0x42a8,0x5309,0x532a,
  0x5b4a,0x638b,0x63cc,0x63cc,0x63ac,0x5b8b,0x5b6b,0x5b8b,0x5b6b,0x534a,0x534a,0x530a,0x530a,0x530a,0x4ae9,0x530a,
  0x4b0a,0x4aea,0x4b0a,0x42c9,0x42a8,0x4b09,0x4ac9,0x3a46,0x3a67,0x4287,0x4287,0x4287,0x4287,0x42a8,0x4b09,0x534a,
  0x4b29,0x4b6a,0x53ab,0x53ac,0x5bed,0x642e,0x5c0d,0x5c4e,0x646e,0x646f,0x648f,0x648f,0x64af,0x6cd0,0x64af,0x6cd0,
  0x6cd0,0x6cf0,0x6cd0,0x6cd0,0x6cd0,0x5c8f,0x648f,0x6cd0,0x64af,0x64b0,0x64d0,0x64b0,0x64d0,0x64d0,0x64d0,0x6cf0,
  0x64d0,0x64d0,0x6cf0,0x6cf0,0x6cf0,0x6cf0,0x6cf1,0x6cf0,0x6d10,0x6cf0,0x6cf0,0x6cf0,0x6cf0,0x64d0,0x64d0,0x64d0,
  0x64d0,0x64d0,0x6cf0,0x6cf0,0x6cf1,0x6d11,0x7532,0x6cf1,0x6d11,0x7511,0x6d11,0x6d11,0x6d31,0x6d11,0x6cf0,0x64f0,
  0x7531,0x6d11,0x6d11,0x7531,0x6d31,0x6d31,0x7551,0x7552,0x7551,0x7531,0x7572,0x7551,0x7552,0x7572,0x7572,0x7551,
  0x7552,0x7572,0x7572,0x7572,0x7572,0x7572,0x7552,0x7572,0x7572,0x7551,0x7571,0x7571,0x7572,0x7552,0x7592,0x7552,
  0x7552,0x7572,0x7552,0x7552,0x6d31,0x7531,0x7551,0x6d11,0x5c8f,0x6cf0,0x7572,0x7531,0x7551,0x7552,0x7552,0x7531,
  0x7531,0x7531,0x7531,0x7531,0x6d31,0x7531,0x6d31,0x6d31,0x7531,0x7531,0x7552,0x7552,0x7552,0x7531,0x7552,0x7531,
  0x7531,0x6d11,0x6d11,0x6d31,0x7531,0x6d31,0x7552,0x7552,0x6d31,0x7531,0x7552,0x7552,0x7552,0x7531,0x6d31,0x6d11,
  0x6d31,0x6d11,0x6d31,0x7531,0x7552,0x7552,0x6d11,0x6d11,0x6cf1,0x64af,0x646f,0x646e,0x5c4e,0x5c2e,0x5c0d,0x5c2e,
  0x5c2e,0x53ed,0x5c0d,0x5c0d,0x5c0e,0x642e,0x644e,0x5c0e,0x5bed,0x53cd,0x53ac,0x4b4b,0x4b2b,0x4b4b,0x42ea,0x3a88,
  0x3a67,0x42c9,0x5b6b,0x5b6b,0x5b8c,0x5b8c,0x5bcc,0x5bcc,0x5bac,0x5bac,0x5bcd,0x63ed,0x63cd,0x640e,0x640e,0x640e,
  0x640e,0x63ed,0x63ed,0x63ed,0x6c2e,0x6c4f,0x6c4f,0x746f,0x6c6f,0x6c4f,0x74b0,0x748f,0x6c6f,0x746f,0x748f,0x746f,
  0x7c6f,0x7c6f,0x740e,0x634b,0x4a88,0x4226,0x4226,0x4206,0x4a47,0x52a9,0x52e9,0x52c9,0x4ac8,0x4ac9,0x532a,0x5b6b,
  0x5bab,0x63cc,0x5bac,0x63ac,0x63ac,0x5b8b,0x5b8b,0x5b8b,0x5b6b,0x534a,0x532a,0x4b09,0x530a,0x4b0a,0x4ae9,0x4ae9,
  0x530a,0x4b0a,0x4ae9,0x4ae9,0x42a8,0x4b09,0x42a8,0x3226,0x3a67,0x3a67,0x4287,0x4287,0x4287,0x42a8,0x4ae9,0x536b,
  0x4b4a,0x538b,0x53ab,0x5bac,0x5bed,0x5c0d,0x5c0d,0x5c4e,0x646e,0x5c6e,0x5c6e,0x648f,0x648f,0x64af,0x6caf,0x6cd0,
  0x6cd0,0x6caf,0x6cd0,0x6caf,0x648f,0x648f,0x64af,0x6cd0,0x64d0,0x64af,0x64b0,0x64d0,0x64b0,0x64d0,0x6cf0,0x6cf0,
  0x64d0,0x64d0,0x6cf0,0x6cf0,0x6cf0,0x6cf0,0x64d0,0x64d0,0x64d0,0x64f0,0x6cf0,0x6cf0,0x6cf0,0x6cf0,0x6cf0,0x6cf0,
  0x6cf0,0x64d0,0x6cf0,0x6cd0,0x6cd0,0x6d11,0x7511,0x6cf1,0x6cf1,0x7511,0x6d11,0x6cf1,0x6cf0,0x6d11,0x6cf1,0x64d0,
  0x7531,0x6d11,0x6d11,0x6d31,0x7551,0x7552,0x7551,0x7551,0x7531,0x7531,0x7551,0x7531,0x7551,0x7572,0x7552,0x7552,
  0x7551,0x7552,0x7552,0x7572,0x7572,0x7572,0x7551,0x7551,0x7572,0x7571,0x7551,0x6d51,0x7551,0x6d31,0x6d31,0x7552,
  0x7572,0x7552,0x7552,0x7531,0x7552,0x7552,0x7552,0x7552,0x5c8f,0x6cf0,0x7572,0x7531,0x7531,0x7552,0x7552,0x7552,
  0x7531,0x7552,0x7552,0x7531,0x6d31,0x7531,0x7531,0x7531,0x7531,0x7531,0x7552,0x7552,0x7531,0x7552,0x7552,0x7552,
  0x7531,0x6d11,0x6d31,0x6d31,0x7531,0x7531,0x7552,0x7552,0x7552,0x7531,0x7531,0x7552,0x7572,0x7552,0x7552,0x7552,
  0x6d31,0x6d31,0x6d11,0x6d11,0x7531,0x7531,0x7531,0x6cf0,0x64d0,0x64b0,0x6cb0,0x648f,0x5c4e,0x5c2d,0x5c0d,0x5c2e,
  0x5c2e,0x5c2e,0x5c2e,0x644e,0x644e,0x642e,0x5c2e,0x5c0d,0x5bed,0x5bed,0x53ac,0x4b4b,0x4b4b,0x4b4b,0x4b4b,0x430a,
  0x3aa8,0x42c9,0x4aea,0x534b,0x5b8c,0x536b,0x538c,0x5bac,0x5b8c,0x5bac,0x5bac,0x5bcd,0x5bcd,0x63ed,0x63ed,0x63ed,
  0x63ed,0x63ed,0x63ed,0x6c0e,0x6c2e,0x744f,0x6c4f,0x6c2e,0x6c4f,0x746f,0x7490,0x748f,0x746f,0x746f,0x748f,0x744f,
  0x740e,0x6bcd,0x638c,0x5aea,0x4a68,0x4a47,0x4a47,0x4a47,0x5288,0x62ea,0x5ae9,0x5b2a,0x5b2a,0x5b4a,0x5b6b,0x638b,
  0x5bab,0x63cc,0x63ac,0x5bab,0x5b8b,0x5b8b,0x5b8b,0x5b6b,0x534b,0x4b2a,0x4b0a,0x4ae9,0x4ae9,0x4aea,0x4ae9,0x4ac9,
  0x4ae9,0x4b09,0x4ae9,0x4ac8,0x4ac8,0x4ae9,0x4287,0x3a46,0x3a67,0x4288,0x42a8,0x42a8,0x4287,0x3a67,0x4ae9,0x5b8b,
  0x536a,0x4b6b,0x538b,0x5bcc,0x5c0d,0x5c0d,0x5c2e,0x5c4e,0x648f,0x646e,0x648f,0x648f,0x648f,0x648f,0x6cd0,0x6cd0,
  0x6cd0,0x64af,0x6cd0,0x6cb0,0x6caf,0x648f,0x64af,0x6cd0,0x6cd0,0x64b0,0x64d0,0x64af,0x64b0,0x64d0,0x64d0,0x64d0,
  0x64d0,0x64d0,0x6cf0,0x6cf0,0x6cf0,0x6cf0,0x6cf1,0x64d0,0x64b0,0x6cf0,0x6cf0,0x6cf0,0x6d11,0x6cf1,0x6cf0,0x6d11,
  0x6cf0,0x6cf0,0x6cf0,0x64d0,0x6cf1,0x7511,0x6d11,0x6cf0,0x6cf0,0x6d11,0x7511,0x6cf1,0x6cf1,0x6d11,0x6d11,0x64f0,
  0x7511,0x7531,0x7531,0x6d10,0x7551,0x7552,0x7551,0x7551,0x6d31,0x7551,0x7551,0x7531,0x7551,0x7552,0x7572,0x7572,
  0x7551,0x6d31,0x7551,0x7551,0x7552,0x7572,0x7551,0x7552,0x7572,0x7572,0x7572,0x6d31,0x6d31,0x6d31,0x6d31,0x7572,
  0x7572,0x6d51,0x6d31,0x6d31,0x7531,0x6d31,0x7531,0x7552,0x5caf,0x64d0,0x7552,0x6d10,0x7531,0x6d31,0x7531,0x7552,
  0x7552,0x7552,0x7531,0x6d11,0x6d11,0x6d31,0x7531,0x6d31,0x6d11,0x6d11,0x6d31,0x7531,0x7552,0x7552,0x7531,0x7552,
  0x6d31,0x7531,0x6d11,0x6d31,0x7531,0x7531,0x7552,0x6d11,0x7531,0x7552,0x7531,0x7552,0x7552,0x7552,0x6d31,0x7552,
  0x6d31,0x6d11,0x6d11,0x6cf0,0x6d11,0x7552,0x7552,0x6cf0,0x6cf0,0x6cd0,0x6cd0,0x648f,0x5c4e,0x5c4e,0x5c2e,0x5c2e,
  0x5c0d,0x5c2e,0x642e,0x642e,0x642e,0x5c2e,0x5c0e,0x640e,0x5bed,0x5bcd,0x53ac,0x432a,0x4b4b,0x538c,0x538c,0x430a,
  0x42c9,0x42c9,0x42e9,0x4b2a,0x5b8c,0x5b8c,0x5bac,0x5bac,0x5bac,0x5bac,0x538c,0x5bed,0x63ed,0x5bcd,0x5bcd,0x5bcd,
  0x63ed,0x63cd,0x63ed,0x6c0e,0x6c2e,0x6c2e,0x6c2e,0x6c2e,0x6c2e,0x744f,0x742e,0x7c90,0x7c90,0x740e,0x5b6c,0x52ea,
  0x4a89,0x3a06,0x31c5,0x4207,0x4a68,0x5268,0x5248,0x5248,0x5268,0x5a88,0x5268,0x5ac9,0x5b2a,0x634b,0x638c,0x6bcc,
  0x63ac,0x63cc,0x63ac,0x63ac,0x5b8b,0x5b6b,0x534a,0x532a,0x532a,0x4b0a,0x530a,0x4ae9,0x4ae9,0x530a,0x4aea,0x4ac9,
  0x4ae9,0x4ae9,0x42e8,0x4ac8,0x4ae9,0x4ac8,0x3a66,0x3a67,0x4287,0x42a8,0x42a8,0x42a8,0x42a8,0x4287,0x4b09,0x536a,
  0x538b,0x5bcc,0x53ac,0x53ac,0x5bed,0x642e,0x5c4e,0x5c4e,0x646e,0x646e,0x646f,0x646f,0x648f,0x648f,0x6caf,0x6caf,
  0x64af,0x6cd0,0x6cd0,0x6caf,0x6cf0,0x646f,0x5c6e,0x64b0,0x648f,0x64af,0x64b0,0x64d0,0x64d0,0x64b0,0x64af,0x6cf0,
  0x64d0,0x6cf0,0x6cf0,0x64d0,0x6cf1,0x6cf0,0x6cf0,0x6cf0,0x6cf0,0x6cf0,0x6cf0,0x6cf0,0x6cf0,0x6cf0,0x6cf0,0x6cf1,
  0x6cf0,0x6cf0,0x64d0,0x64d0,0x6cf1,0x6d11,0x64d0,0x6cf0,0x6cf1,0x6d11,0x6d11,0x6d11,0x6d11,0x6d11,0x6cf1,0x64f0,
  0x7511,0x7531,0x6d31,0x6d31,0x6d31,0x6d31,0x7551,0x6d51,0x6d31,0x7551,0x7551,0x7551,0x7572,0x7572,0x7572,0x7551,
  0x6d31,0x7551,0x6d31,0x7551,0x7572,0x7572,0x7572,0x7572,0x7552,0x7572,0x7572,0x6d31,0x6d31,0x6d11,0x6d11,0x6d31,
  0x7552,0x6d31,0x6d51,0x6d31,0x7552,0x6d31,0x6d31,0x7552,0x6d11,0x64f0,0x7552,0x64f0,0x7531,0x7552,0x7552,0x7531,
  0x7531,0x7552,0x7531,0x6d31,0x7531,0x7531,0x6d31,0x6d11,0x6d11,0x6d31,0x6d11,0x6d11,0x6d31,0x6d31,0x7531,0x6d31,
  0x6d11,0x6d31,0x6d31,0x7531,0x7552,0x7552,0x7552,0x7531,0x7531,0x6d11,0x6d31,0x7531,0x7552,0x6d31,0x6d31,0x6d31,
  0x6d31,0x6d11,0x6d11,0x6cf0,0x6d11,0x7531,0x7531,0x6d11,0x6cd0,0x64d0,0x64b0,0x648f,0x644e,0x644e,0x644e,0x5c2e,
  0x5c2e,0x5c4e,0x5c0e,0x642e,0x642e,0x5c0e,0x5c0e,0x642e,0x5c0d,0x5bed,0x53ac,0x4b4b,0x4b4b,0x5bac,0x5b8c,0x4b2a,
  0x42e9,0x42e9,0x4ae9,0x42c9,0x534b,0x536b,0x5bac,0x5bac,0x5bcc,0x5bac,0x5bac,0x63ed,0x5bcd,0x5bcd,0x5bcd,0x5bcd,
  0x5bac,0x5bcc,0x63cd,0x6bed,0x6c0e,0x6c0e,0x640e,0x63ed,0x63cd,0x6c2e,0x6c0e,0x63cd,0x532b,0x4aa9,0x31e6,0x2144,
  0x2123,0x2103,0x2103,0x2924,0x3985,0x49e7,0x5228,0x5227,0x41a6,0x3164,0x3164,0x39a5,0x4247,0x5b2a,0x6bac,0x6bcc,
  0x63ac,0x63ac,0x63ac,0x63ac,0x5b8b,0x5b6b,0x534a,0x4b29,0x4b2a,0x4ae9,0x4b0a,0x4ae9,0x4ac9,0x4ac9,0x4aea,0x4ae9,
  0x4ae9,0x4ae9,0x42c8,0x4ae9,0x4ae9,0x42a8,0x3246,0x4287,0x42a8,0x4ac8,0x4288,0x42a8,0x42a8,0x4ae9,0x4b29,0x4b29,
  0x536a,0x5bcc,0x53ac,0x538c,0x5bed,0x644f,0x5c2e,0x5c4e,0x646e,0x648f,0x646e,0x646e,0x646f,0x648f,0x648f,0x648f,
  0x6cb0,0x6cb0,0x6cb0,0x6cd0,0x74f0,0x648f,0x5c6f,0x6cd0,0x64b0,0x64af,0x64d0,0x6cf0,0x64d0,0x64d0,0x64af,0x64d0,
  0x64d0,0x64d0,0x6cf0,0x6cf0,0x64d0,0x6cf0,0x6cf0,0x6cf0,0x6cf1,0x6d11,0x6cf0,0x6cf0,0x6d11,0x6d11,0x6d11,0x6cf0,
  0x6cf0,0x6cf0,0x64d0,0x6cf1,0x6cf0,0x6cf1,0x6cf0,0x6d11,0x6cf1,0x6cf0,0x6d11,0x6cf0,0x6d11,0x6cf0,0x64d0,0x64d0,
  0x7531,0x6d11,0x7551,0x7551,0x6d31,0x6d31,0x6d31,0x6d51,0x7551,0x7531,0x6d31,0x7551,0x7551,0x7572,0x7572,0x7572,
  0x7551,0x7551,0x6d31,0x7552,0x7552,0x7552,0x7552,0x6d31,0x7571,0x7572,0x7572,0x6d51,0x6d51,0x6d31,0x6d11,0x6d31,
  0x7552,0x7552,0x7551,0x7552,0x7552,0x6d31,0x7531,0x7552,0x6d11,0x64d0,0x7552,0x7531,0x7531,0x6d31,0x7551,0x7551,
  0x7551,0x7531,0x7531,0x7552,0x7552,0x7531,0x6d31,0x7552,0x7552,0x7531,0x7531,0x6d31,0x6d31,0x6d31,0x7531,0x6d31,
  0x6d31,0x6d31,0x6d31,0x7551,0x7552,0x6d31,0x6d31,0x6d11,0x7531,0x7531,0x7552,0x7531,0x6d11,0x6d11,0x6d31,0x6d11,
  0x6d31,0x6d31,0x7552,0x7551,0x7531,0x6d31,0x7531,0x6cf1,0x64b0,0x6cb0,0x6cb0,0x646f,0x646f,0x646f,0x5c2e,0x642e,
  0x644e,0x5c0d,0x5c0e,0x642e,0x642e,0x640e,0x640e,0x5c0d,0x5bed,0x5bed,0x53ac,0x538c,0x53ac,0x53ac,0x538c,0x4b2a,
  0x42e9,0x4b2a,0x534a,0x3aa8,0x42e9,0x534b,0x5b8c,0x538c,0x5bcd,0x5bcc,0x5bac,0x5bac,0x5bed,0x5bcd,0x63ed,0x63cd,
  0x5bac,0x63cc,0x63ed,0x63cd,0x63cd,0x5bcd,0x63cd,0x5bac,0x5bac,0x5b8c,0x532b,0x4288,0x29a5,0x2143,0x2103,0x20e2,
  0x20e2,0x2103,0x2903,0x28e3,0x2903,0x3124,0x3144,0x28e3,0x28e3,0x28c2,0x2903,0x2923,0x2964,0x39e6,0x52e9,0x638b,
  0x6bac,0x638c,0x638b,0x5b6b,0x5b6b,0x5b8b,0x534a,0x532a,0x4b09,0x4ae9,0x5309,0x4ae9,0x4ae9,0x4aea,0x4aea,0x4ac9,
  0x42c9,0x42c8,0x42e8,0x42e9,0x42c8,0x3226,0x3205,0x3a47,0x42a8,0x4ac8,0x42a8,0x4288,0x42a8,0x4ae9,0x4b09,0x4b4a,
  0x536b,0x53ac,0x5bcc,0x5bcd,0x5c0d,0x6c6f,0x644e,0x5c2d,0x646f,0x646f,0x646f,0x646f,0x646f,0x6c8f,0x648f,0x648f,
  0x6caf,0x64af,0x6cd0,0x64d0,0x6cd0,0x64af,0x648f,0x6cd0,0x64af,0x64b0,0x6cd0,0x6cd0,0x6cd0,0x6cd0,0x64af,0x64af,
  0x64af,0x64d0,0x64d0,0x6cd0,0x64d0,0x6cf0,0x6cf0,0x64d0,0x6cf0,0x6cf0,0x6cf1,0x6cf0,0x6d11,0x6d11,0x6d11,0x6d11,
  0x6d11,0x64f0,0x6cf0,0x6d11,0x6d11,0x6d11,0x6cf1,0x6d11,0x6d11,0x6d11,0x6d11,0x6cf1,0x6cf0,0x64f0,0x64f0,0x64d0,
  0x7531,0x7531,0x7552,0x7552,0x6d51,0x6d31,0x6d31,0x6d31,0x6d31,0x6d31,0x6d31,0x7551,0x7551,0x7572,0x7572,0x7572,
  0x7572,0x6d31,0x6d31,0x7552,0x7552,0x7552,0x7552,0x7552,0x7572,0x7572,0x7592,0x7572,0x7572,0x6d31,0x6d31,0x6d31,
  0x7551,0x7552,0x7552,0x7552,0x6d11,0x6d11,0x7531,0x7531,0x6cf0,0x64d0,0x7572,0x7552,0x7552,0x7552,0x7551,0x7552,
  0x7572,0x7551,0x7552,0x7552,0x6d31,0x6d31,0x6d31,0x6d31,0x7531,0x7552,0x7531,0x7552,0x7552,0x6d31,0x6d31,0x6d31,
  0x6d31,0x6d31,0x7551,0x7552,0x7551,0x6d31,0x6d31,0x6d31,0x6d31,0x6d31,0x7531,0x7531,0x6d11,0x6cf0,0x6d31,0x6d31,
  0x6d31,0x7552,0x7d72,0x7d72,0x7d72,0x7552,0x7531,0x6d11,0x64b0,0x6cd0,0x6cd0,0x648f,0x646f,0x646f,0x5c2e,0x5c2e,
  0x5c4e,0x5c0d,0x5c2e,0x642e,0x642e,0x640e,0x5bed,0x5bed,0x5c0d,0x5bed,0x53ac,0x4b6b,0x538b,0x5bed,0x5bcc,0x432a,
  0x42e9,0x4b2a,0x4b2a,0x42a8,0x42c8,0x534b,0x5b6b,0x536b,0x538b,0x5bac,0x5b8c,0x5bac,0x5bcd,0x5bac,0x5bcc,0x5bac,
  0x5bac,0x5bac,0x5bcc,0x5bac,0x5b8c,0x534b,0x4b0a,0x4aea,0x4ac9,0x3206,0x29a5,0x2164,0x1903,0x1902,0x18c2,0x18c2,
  0x20e2,0x18e2,0x20e2,0x18a1,0x18a2,0x18a2,0x1881,0x1881,0x18a2,0x20a2,0x20c2,0x20e2,0x2103,0x2123,0x29a4,0x4aa8,
  0x5b4a,0x5b6b,0x5b6b,0x5b4b,0x5b6b,0x5b6b,0x532a,0x532a,0x530a,0x4ae9,0x4ae9,0x4ae9,0x4ac9,0x4ac9,0x4aea,0x42c9,
  0x42c9,0x4ae9,0x42c8,0x4ae9,0x3a87,0x2a05,0x3206,0x3a67,0x42a8,0x42c8,0x4288,0x42a8,0x42a8,0x42e8,0x4b09,0x4b4a,
  0x4b6a,0x53ac,0x5bed,0x5bed,0x640e,0x6c6f,0x646e,0x646e,0x646e,0x646e,0x646f,0x648f,0x6cb0,0x646f,0x646f,0x648f,
  0x6caf,0x6caf,0x64af,0x64b0,0x6cd0,0x5c6e,0x5c2e,0x64af,0x64b0,0x6cd0,0x6cd0,0x6cd0,0x6cd0,0x6cd0,0x64af,0x64af,
  0x64af,0x6cd0,0x6cd0,0x6cd0,0x6cf0,0x6cf0,0x6cf0,0x64d0,0x64d0,0x6cf0,0x6cf0,0x64f0,0x6d11,0x6cf0,0x6d11,0x6d11,
  0x6d11,0x64f0,0x6cf0,0x6cf0,0x6d11,0x6d11,0x6d11,0x6d11,0x6d11,0x6d11,0x6d11,0x6d11,0x64d0,0x6cf0,0x6cf0,0x64d0,
  0x6d10,0x6cf0,0x6d10,0x6d31,0x6d31,0x6d31,0x6d31,0x6d31,0x7551,0x7531,0x6d31,0x7531,0x7551,0x7572,0x7572,0x7551,
  0x7552,0x6d31,0x7551,0x6d52,0x7572,0x7572,0x7572,0x6d51,0x6d51,0x7551,0x7572,0x7572,0x7572,0x6d51,0x7551,0x7572,
  0x7552,0x7551,0x6d11,0x6d31,0x6d11,0x6d31,0x7531,0x6d31,0x6d11,0x64d0,0x7552,0x7552,0x7552,0x7572,0x7531,0x7551,
  0x7551,0x7531,0x7531,0x7552,0x7531,0x6d31,0x6d31,0x6d31,0x6d31,0x7531,0x7531,0x7551,0x7552,0x6d31,0x6d31,0x6d31,
  0x6d31,0x7551,0x7552,0x6d31,0x6d11,0x6d11,0x6d11,0x6d31,0x6d31,0x6d11,0x6d11,0x6d11,0x6d11,0x6d11,0x7552,0x7552,
  0x6d52,0x7592,0x7d93,0x7d92,0x7572,0x6d31,0x6d11,0x6cf1,0x64d0,0x64b0,0x6cd0,0x648f,0x648f,0x646f,0x644e,0x5c2e,
  0x5c0d,0x53ed,0x5c0e,0x644e,0x644f,0x640e,0x5c0d,0x5bed,0x5bed,0x5bcd,0x53ac,0x4b4b,0x4b6b,0x5bed,0x5bed,0x4b4a,
  0x4309,0x430a,0x4b2a,0x3aa8,0x3a88,0x4ae9,0x532a,0x534b,0x536b,0x5b8c,0x5b8c,0x5bac,0x5b8c,0x5bac,0x5bac,0x5b8c,
  0x5b8c,0x5b6b,0x536b,0x5b6b,0x530a,0x42a8,0x3206,0x29c5,0x2164,0x1923,0x1903,0x18e2,0x18e2,0x18c2,0x1881,0x1881,
  0x18c2,0x10a1,0x0860,0x1081,0x1881,0x18a2,0x1061,0x1881,0x18a2,0x18a2,0x20c2,0x20e2,0x20e2,0x2102,0x2123,0x31c5,
  0x3a67,0x52e9,0x5309,0x532a,0x534a,0x534a,0x532a,0x532a,0x530a,0x4ac9,0x4ac9,0x4ac9,0x4ac9,0x42a9,0x4ac9,0x4ac9,
  0x42c9,0x4ae9,0x4ae9,0x4ac8,0x3205,0x3206,0x3a46,0x4287,0x42a8,0x42a8,0x4ac8,0x42a8,0x4ae9,0x4b09,0x4b29,0x536a,
  0x538b,0x5bcc,0x5c0d,0x5bed,0x5bed,0x642e,0x644e,0x648f,0x646e,0x646f,0x648f,0x6cb0,0x6cd0,0x646f,0x648f,0x6cb0,
  0x6cb0,0x6cd0,0x6caf,0x648f,0x6cd0,0x5c2e,0x5c2e,0x64b0,0x6cd0,0x6cd0,0x6cd0,0x6cd0,0x64af,0x64af,0x648f,0x64b0,
  0x6cd0,0x64d0,0x64b0,0x64d0,0x6cf0,0x6cf0,0x6cf0,0x6cf0,0x6cf1,0x6cf0,0x64d0,0x6cf0,0x6cf1,0x6d11,0x6cf0,0x6cf0,
  0x64f0,0x6cf0,0x6d11,0x6d11,0x6cf1,0x6d11,0x6d11,0x6d11,0x6d11,0x6d11,0x6cf1,0x6cf1,0x64d0,0x6cf0,0x64d0,0x6cd0,
  0x6cf0,0x7511,0x6d11,0x6d11,0x6d31,0x7551,0x6d31,0x7531,0x7551,0x7551,0x7551,0x6d31,0x7551,0x7551,0x7572,0x7552,
  0x7551,0x7551,0x7551,0x7572,0x7572,0x7592,0x7572,0x7572,0x7571,0x6d51,0x6d51,0x6d51,0x7572,0x7572,0x7552,0x7592,
  0x7572,0x7552,0x7552,0x6d31,0x6d11,0x6d31,0x6d11,0x7531,0x6d11,0x64d0,0x7552,0x7552,0x7552,0x7552,0x7531,0x7551,
  0x7551,0x7531,0x7532,0x6d31,0x7531,0x6d31,0x6d31,0x7531,0x7531,0x7531,0x7531,0x7551,0x6d31,0x6d31,0x6d31,0x7552,
  0x6d31,0x7531,0x7531,0x6d31,0x6d11,0x6d11,0x6d11,0x6d31,0x6d11,0x6d11,0x6d11,0x6d11,0x6d31,0x7551,0x7552,0x7572,
  0x7572,0x7592,0x7d93,0x7552,0x6d31,0x6d11,0x6d31,0x6cf1,0x6cd0,0x6cf1,0x6cd0,0x648f,0x648f,0x644e,0x644e,0x644e,
  0x540d,0x53ed,0x5c2e,0x642e,0x642e,0x640e,0x5bed,0x53cd,0x53cc,0x53cc,0x53ac,0x4b4b,0x538c,0x5bcc,0x5bcc,0x4b2a,
  0x4309,0x4b2a,0x536b,0x42e9,0x3a87,0x3a67,0x4aea,0x534b,0x534b,0x534b,0x536b,0x5b8c,0x5b6b,0x5b8c,0x5b8c,0x5b8c,
  0x5b8c,0x534b,0x534b,0x532a,0x4aea,0x3a48,0x3207,0x29a5,0x1903,0x1923,0x2964,0x2964,0x2964,0x3165,0x3124,0x3144,
  0x2924,0x18c2,0x1081,0x1081,0x1061,0x1061,0x1081,0x1081,0x1061,0x1081,0x1881,0x18a2,0x18c2,0x2102,0x2123,0x2143,
  0x29a4,0x3a47,0x4267,0x42a8,0x4b09,0x4b09,0x4ae9,0x4b0a,0x4ae9,0x4ae9,0x4ae9,0x42c8,0x42a8,0x42a9,0x4ae9,0x4ac9,
  0x4ac9,0x4ac8,0x4ae9,0x3a87,0x2a05,0x3246,0x3a67,0x3a87,0x4ac8,0x42a8,0x4ac8,0x42c8,0x4ae9,0x4b09,0x4b4a,0x53ab,
  0x5bcc,0x5bec,0x53ec,0x5bed,0x640e,0x5c2e,0x646f,0x648f,0x648f,0x646e,0x648f,0x6cd0,0x6cb0,0x646f,0x648f,0x648f,
  0x6cb0,0x648f,0x6cb0,0x64b0,0x648f,0x5c4e,0x5c4e,0x648f,0x64af,0x6cd0,0x6cd0,0x6cf0,0x6cd0,0x64af,0x64b0,0x6cd0,
  0x64b0,0x6cd0,0x6cf0,0x64d0,0x64d0,0x6cf0,0x6cf0,0x6cf0,0x6cf0,0x64d0,0x64d0,0x64d0,0x6cf1,0x6d11,0x6cf1,0x6d11,
  0x64f0,0x64f0,0x6cf0,0x6cf1,0x6d11,0x6cf1,0x6cf1,0x64f0,0x6cf1,0x6cf0,0x64d0,0x6d11,0x6cf0,0x6cf0,0x6cd1,0x6cf1,
  0x6cf0,0x7531,0x6cf0,0x6d11,0x6d11,0x7531,0x6d31,0x7531,0x7531,0x7552,0x7552,0x6d31,0x6d31,0x7552,0x7572,0x7572,
  0x7551,0x7551,0x7551,0x7572,0x7592,0x7592,0x7572,0x7572,0x7551,0x6d51,0x7572,0x7572,0x7572,0x7572,0x7572,0x7552,
  0x6d51,0x7572,0x7552,0x6d31,0x6d31,0x6d11,0x7531,0x7552,0x7531,0x64d0,0x7552,0x7552,0x7552,0x7552,0x7552,0x7551,
  0x7551,0x7531,0x7552,0x7552,0x7531,0x6d31,0x6d31,0x6d31,0x6d11,0x7531,0x6d31,0x7531,0x6d31,0x6d51,0x6d31,0x6d31,
  0x6d31,0x6d31,0x6d31,0x7531,0x6d11,0x6d11,0x6d11,0x6d11,0x7552,0x6d11,0x6d11,0x6d31,0x7551,0x7551,0x7551,0x7592,
  0x7572,0x6d31,0x6d31,0x7551,0x7531,0x6d11,0x6d11,0x6cf0,0x6cf0,0x6cf1,0x64af,0x646f,0x648f,0x5c4e,0x5c2e,0x5c2e,
  0x5bed,0x5bed,0x5c2e,0x642e,0x640e,0x640d,0x53cc,0x53cc,0x53ac,0x53ac,0x4b6b,0x430a,0x434a,0x5bcc,0x5bec,0x4b4b,
  0x4309,0x4b2a,0x536b,0x4b2a,0x3aa8,0x3267,0x42a8,0x4b0a,0x4b0a,0x534b,0x5b6b,0x5b8c,0x536b,0x5b6b,0x534b,0x536b,
  0x5b6b,0x534b,0x532a,0x42c9,0x4ac9,0x4aa9,0x4aa9,0x4aa9,0x4289,0x3a27,0x4227,0x39e6,0x39c6,0x39a6,0x39a6,0x41a6,
  0x39c6,0x2964,0x2103,0x18c2,0x10a1,0x1061,0x1081,0x1081,0x1061,0x1041,0x1881,0x18a1,0x18a1,0x18c1,0x2102,0x2123,
  0x2123,0x2184,0x29c5,0x3a47,0x4288,0x4aa8,0x4ac9,0x4ae9,0x4ac9,0x4ac9,0x4ac9,0x42a8,0x42a8,0x42a9,0x4ac9,0x4ac8,
  0x42c8,0x4ac9,0x4288,0x3205,0x3205,0x3246,0x3a46,0x4288,0x42a8,0x42c8,0x42c8,0x4ac8,0x4b09,0x4b09,0x4b4a,0x538b,
  0x5bcc,0x5bec,0x53ec,0x5c0d,0x5c0e,0x5c2e,0x5c4e,0x5c4e,0x648f,0x646f,0x648f,0x648f,0x648f,0x648f,0x64af,0x6cb0,
  0x6cb0,0x648f,0x648f,0x64b0,0x648f,0x5c2e,0x5c4e,0x648f,0x64af,0x64b0,0x64b0,0x6cd0,0x6cd0,0x6cd0,0x6cd0,0x6cd0,
  0x6cd0,0x6cd0,0x6cd0,0x64d0,0x64d0,0x64f0,0x64d0,0x64f0,0x6cf0,0x64d0,0x64d0,0x64d0,0x6cf1,0x64d0,0x64d0,0x6cf1,
  0x64d0,0x64d0,0x6cf0,0x6cf1,0x6cf0,0x64f0,0x64d0,0x64d0,0x6cf1,0x64f0,0x64f0,0x64f0,0x64d0,0x64d0,0x64d0,0x6cd1,
  0x6cf0,0x7531,0x6d10,0x6d11,0x6d31,0x7551,0x7551,0x7531,0x6d31,0x7531,0x7572,0x7551,0x6d31,0x6d31,0x7572,0x7572,
  0x7551,0x7551,0x7551,0x7572,0x7572,0x7592,0x7572,0x7551,0x7571,0x6d51,0x6d51,0x7572,0x7572,0x7551,0x7572,0x6d31,
  0x6d31,0x7551,0x6d31,0x6d31,0x7531,0x6d11,0x7531,0x7552,0x7552,0x64d0,0x7531,0x7552,0x7572,0x7552,0x7552,0x7551,
  0x7551,0x7552,0x7552,0x7552,0x7531,0x6d31,0x6d11,0x6d11,0x6d11,0x7531,0x6d31,0x6d31,0x6d31,0x6d31,0x7531,0x6d31,
  0x7531,0x6d31,0x6d31,0x6d11,0x6d31,0x6d31,0x6d11,0x6d31,0x7531,0x7531,0x6d31,0x6d31,0x7551,0x7551,0x6d51,0x6d51,
  0x6d51,0x6d31,0x6d10,0x6d31,0x6d11,0x6d31,0x6d11,0x6cf0,0x64d0,0x6cf0,0x64d0,0x648f,0x646f,0x5c4e,0x5c2e,0x5c2e,
  0x5bed,0x5c0d,0x642e,0x640e,0x5bed,0x5bed,0x5bcc,0x53ac,0x53ac,0x5bcc,0x4b6b,0x4b4a,0x538b,0x5bcc,0x5bec,0x4b4a,
  0x3ac8,0x42e9,0x536a,0x4b4a,0x3aa8,0x3247,0x3247,0x42a9,0x4ae9,0x532b,0x534b,0x534b,0x534b,0x534b,0x532a,0x532b,
  0x532b,0x532b,0x4b0a,0x42c9,0x4aea,0x530b,0x532b,0x5b6c,0x636c,0x5aea,0x4a89,0x4a69,0x39e7,0x39c6,0x3985,0x3985,
  0x3165,0x2944,0x2924,0x2103,0x20e3,0x18c2,0x18a2,0x18a2,0x18a2,0x18a1,0x20c2,0x20e2,0x20e2,0x18e2,0x18e2,0x18e2,
  0x18c2,0x10e2,0x1923,0x29c5,0x3227,0x3a47,0x42a9,0x4ac9,0x4aa9,0x42a9,0x42a8,0x42a8,0x42a9,0x42a9,0x42a8,0x42a8,
  0x4ae9,0x4aa8,0x3206,0x31e5,0x3226,0x3a46,0x3a67,0x42a8,0x4ac8,0x4ae9,0x4ae9,0x4ae9,0x4b29,0x4b29,0x536a,0x53ab,
  0x5bcc,0x5bcc,0x53ec,0x642e,0x644e,0x5c4e,0x646e,0x646f,0x646f,0x646f,0x648f,0x6caf,0x648f,0x5c6e,0x648f,0x64b0,
  0x648f,0x6cb0,0x648f,0x6cd0,0x6cd0,0x5c2e,0x5c4e,0x6cb0,0x6cd0,0x6cb0,0x64af,0x64b0,0x64b0,0x6cd0,0x6cd0,0x64b0,
  0x6cd0,0x6cd0,0x64b0,0x64d0,0x64d0,0x6cf0,0x64f0,0x64d0,0x64d0,0x64d0,0x64d0,0x64b0,0x6cd1,0x64f0,0x64f0,0x64f0,
  0x6d11,0x64f0,0x64f0,0x64d0,0x64d0,0x6cf1,0x64d1,0x64d0,0x64f1,0x6cf1,0x64d0,0x64d0,0x64d0,0x64d0,0x64d0,0x64b0,
  0x6cd0,0x6d10,0x7531,0x6d31,0x6d31,0x7551,0x7552,0x7531,0x7551,0x7551,0x7551,0x7551,0x7551,0x7531,0x7552,0x6d31,
  0x7551,0x7552,0x7551,0x7552,0x6d31,0x7551,0x7551,0x7d92,0x7572,0x6d31,0x6d51,0x7552,0x7572,0x7551,0x7551,0x6d31,
  0x6d31,0x7551,0x7551,0x6d11,0x7552,0x7552,0x7531,0x7552,0x7572,0x64d0,0x7552,0x7552,0x7552,0x7552,0x7552,0x7551,
  0x6d31,0x6d31,0x7552,0x7531,0x7531,0x7531,0x6d31,0x6d11,0x6d11,0x6d11,0x6d11,0x6d31,0x6d31,0x6d31,0x6d31,0x6d31,
  0x6d11,0x6d11,0x6d31,0x6d31,0x6d31,0x6d31,0x6d31,0x6d11,0x7531,0x7552,0x6d31,0x6d11,0x7531,0x7552,0x6d31,0x6d31,
  0x6511,0x6d31,0x6d11,0x6d11,0x6d11,0x6d31,0x6d10,0x6cf0,0x6cd0,0x64b0,0x64af,0x648f,0x646f,0x646f,0x5c2e,0x5c0d,
  0x5bed,0x5c0d,0x642e,0x642e,0x5bed,0x5bcd,0x5bcd,0x53ac,0x53ac,0x538b,0x4b4a,0x4b6b,0x538b,0x63ec,0x63ec,0x4b4a,
  0x4309,0x4309,0x4b2a,0x4b2a,0x42e9,0x3267,0x3226,0x3a67,0x42c9,0x530a,0x4b0a,0x4b0a,0x4b2a,0x532a,0x4b0a,0x4b0a,
  0x4aea,0x4b0a,0x4aea,0x4b0a,0x530a,0x5b4b,0x5b4b,0x636c,0x634c,0x5b0b,0x5aea,0x52a9,0x4207,0x3185,0x2944,0x3165,
  0x2944,0x2103,0x20e3,0x2103,0x20e3,0x18c2,0x18c2,0x20c2,0x18a2,0x20e3,0x2903,0x2903,0x2103,0x2944,0x2943,0x2123,
  0x2123,0x2984,0x29a5,0x31e6,0x3a07,0x3a47,0x4268,0x4288,0x4288,0x3a68,0x4288,0x42a9,0x42a8,0x42a8,0x4288,0x42a8,
  0x42a8,0x3a47,0x31e5,0x3206,0x3a46,0x3a67,0x3a87,0x4287,0x42c8,0x4ac8,0x4ac8,0x4b09,0x532a,0x534a,0x4b4a,0x536b,
  0x538b,0x53ab,0x5c0d,0x642e,0x644e,0x5c2d,0x644e,0x646f,0x646f,0x646f,0x5c4e,0x648f,0x648f,0x5c6e,0x648f,0x6cd0,
  0x648f,0x648f,0x6cd0,0x6cd0,0x6cb0,0x5c2e,0x646f,0x648f,0x6cd0,0x6cd0,0x6cd0,0x6cd0,0x6cd0,0x64b0,0x64b0,0x64b0,
  0x6cd0,0x6cd0,0x6cd0,0x64b0,0x64f0,0x6d11,0x6d11,0x6cf0,0x64d0,0x64f0,0x64d0,0x64af,0x64d0,0x6cf0,0x64f0,0x64d0,
  0x64d0,0x64d0,0x64d0,0x64d0,0x64f0,0x6cf1,0x6d11,0x6cf1,0x64f0,0x6d11,0x6cf1,0x6cf1,0x6cf1,0x6cf1,0x6cd0,0x64b0,
  0x6cf0,0x7551,0x7551,0x7571,0x7551,0x7551,0x7552,0x7551,0x7551,0x7551,0x6d31,0x7552,0x7572,0x7552,0x7551,0x7552,
  0x7531,0x7552,0x7552,0x7552,0x7552,0x7551,0x7551,0x7551,0x6d11,0x6d11,0x6d31,0x7551,0x7572,0x7572,0x7551,0x7551,
  0x7551,0x7552,0x6d31,0x7531,0x7552,0x7531,0x7552,0x7552,0x7552,0x64d0,0x7531,0x7552,0x7552,0x7572,0x7531,0x7531,
  0x7531,0x6d11,0x6d31,0x7531,0x7531,0x7531,0x7531,0x6d11,0x6d31,0x7531,0x6d31,0x6d31,0x6d11,0x6d11,0x6d11,0x6d11,
  0x6d11,0x6d11,0x6d31,0x7531,0x6d11,0x6d31,0x6d31,0x6d11,0x6d31,0x7531,0x6d31,0x6d11,0x7531,0x6d31,0x6d31,0x6d31,
  0x6511,0x64f0,0x6cf0,0x6cf1,0x6d11,0x6d11,0x64f0,0x6cf0,0x64d0,0x5c6f,0x646f,0x646f,0x644e,0x646f,0x5c4e,0x5c0d,
  0x5c0d,0x5bed,0x640d,0x642e,0x5bed,0x5bcd,0x53cc,0x53ac,0x53ac,0x4b6b,0x4b2a,0x4b6b,0x5bac,0x5bcc,0x5bcc,0x4b6a,
  0x4309,0x4b29,0x4309,0x4309,0x42c8,0x3a88,0x3226,0x3a47,0x4288,0x4ac9,0x4b0a,0x4b0a,0x4b0a,0x4b0a,0x530a,0x4b0a,
  0x4ae9,0x4ae9,0x4ae9,0x4b0a,0x530a,0x5b4b,0x5b6b,0x5b4b,0x530a,0x52c9,0x52a9,0x4a89,0x4227,0x3185,0x3165,0x2944,
  0x2944,0x2924,0x2103,0x20c3,0x18c2,0x18a2,0x20c2,0x20e2,0x20e2,0x2903,0x2924,0x2924,0x2944,0x31a5,0x39c5,0x39e6,
  0x3a06,0x3a06,0x3206,0x3206,0x3a27,0x3a27,0x3a47,0x3a67,0x3a67,0x4288,0x3a68,0x4288,0x42a9,0x4ac9,0x42a8,0x4ac9,
  0x4267,0x3206,0x3a27,0x3a26,0x3a47,0x3a88,0x4288,0x3a87,0x42a8,0x42c8,0x4ac8,0x4b09,0x5329,0x534a,0x5b8b,0x538b,
  0x53cb,0x5bec,0x5c0d,0x5c2d,0x644e,0x644e,0x644e,0x646e,0x646e,0x646f,0x646f,0x5c6e,0x5c6f,0x5c8f,0x648f,0x648f,
  0x64b0,0x648f,0x6cd0,0x6cd0,0x6cb0,0x5c6e,0x5c6e,0x648f,0x6cd0,0x6cd0,0x64b0,0x6cf0,0x6cf0,0x6cd0,0x64b0,0x6cd0,
  0x6cb0,0x6cd0,0x6cd0,0x6cd0,0x64d0,0x6cf1,0x6d11,0x64d0,0x64f0,0x64d0,0x64d0,0x64af,0x64b0,0x64d0,0x64f0,0x64d0,
  0x64d0,0x64d0,0x64f0,0x6cf0,0x64f0,0x6cf0,0x6d11,0x6d11,0x64f0,0x6d11,0x64f0,0x6d11,0x6cd1,0x6cf1,0x6cd0,0x64d0,
  0x64cf,0x7530,0x7551,0x7551,0x7551,0x6d31,0x6d31,0x7552,0x7551,0x7551,0x6d31,0x7552,0x7572,0x7572,0x7552,0x7551,
  0x7552,0x7552,0x7552,0x7552,0x7552,0x7551,0x7551,0x7551,0x6d31,0x6d31,0x6d31,0x7551,0x7551,0x7551,0x7551,0x6d31,
  0x6d31,0x6d31,0x6d31,0x7552,0x7552,0x7552,0x7531,0x7531,0x7552,0x6cf0,0x6d11,0x7552,0x7552,0x7552,0x7531,0x6d31,
  0x6d11,0x6d11,0x6d31,0x6d31,0x7531,0x6d31,0x6d31,0x6d31,0x6d11,0x6d31,0x6d11,0x6d11,0x6d11,0x6d11,0x6d11,0x6d11,
  0x6d11,0x7531,0x7531,0x6d31,0x6d31,0x6d31,0x6d11,0x6d11,0x7531,0x6d31,0x6cf0,0x6d11,0x6d11,0x6d11,0x6d31,0x6d11,
  0x6d31,0x6d10,0x6cf0,0x6cf1,0x6d11,0x6cf0,0x64f0,0x64d0,0x64b0,0x646f,0x646f,0x646f,0x644e,0x5c4e,0x5c0d,0x5c0d,
  0x5c0d,0x5bed,0x5bed,0x5c0d,0x5bcd,0x5bed,0x5bcd,0x53ac,0x538b,0x4b4b,0x4b4b,0x538c,0x53ac,0x5bac,0x5bac,0x536b,
  0x4309,0x42e9,0x4b2a,0x4309,0x3a88,0x3a88,0x3a88,0x3a47,0x3a47,0x4288,0x4ac9,0x4ac9,0x4ae9,0x530a,0x530a,0x4b0a,
  0x4ae9,0x4ae9,0x4b0a,0x4b2a,0x530a,0x532a,0x532b,0x530a,0x52ea,0x4ac9,0x4268,0x4268,0x4207,0x39e6,0x31a6,0x2924,
  0x2103,0x2123,0x2103,0x20e3,0x20c3,0x18c2,0x18c2,0x2103,0x2103,0x2944,0x3184,0x39c5,0x4206,0x4a47,0x4247,0x4247,
  0x4267,0x4247,0x3a47,0x3a27,0x3a27,0x3a26,0x3a27,0x3a47,0x3a47,0x4288,0x3a68,0x42a9,0x42a8,0x42a9,0x42a8,0x4288,
  0x3227,0x3206,0x3a47,0x3a27,0x3a47,0x3a88,0x42a8,0x42a8,0x42a8,0x42c8,0x4ae9,0x4b09,0x5309,0x534a,0x5b8b,0x538b,
  0x5bec,0x5c0d,0x5c0d,0x642e,0x644e,0x644e,0x644e,0x5c4e,0x646e,0x646e,0x5c4e,0x5c4e,0x5c6e,0x5c6e,0x5c6e,0x648f,
  0x64b0,0x64b0,0x64b0,0x6cf1,0x6cf0,0x5c4e,0x646f,0x648f,0x64b0,0x64d0,0x6cd0,0x6cd0,0x6cd0,0x6cf0,0x6cd0,0x6cd0,
  0x6cd0,0x6cd0,0x6cd0,0x64b0,0x64d0,0x6cf1,0x64f0,0x64d0,0x6cf0,0x64d0,0x64d0,0x64af,0x64af,0x64d0,0x64f0,0x64f0,
  0x6cf1,0x6cf1,0x64f0,0x64b0,0x64d0,0x64f0,0x6cf1,0x6cf1,0x64f0,0x64f0,0x64f0,0x6cf0,0x6cf1,0x6cd1,0x6cd0,0x64d0,
  0x6ccf,0x6d10,0x6d30,0x7551,0x7551,0x6d31,0x7552,0x7551,0x6d31,0x7551,0x7572,0x7552,0x6d31,0x7552,0x7552,0x7531,
  0x7552,0x7551,0x7552,0x7552,0x7572,0x7571,0x7571,0x7551,0x6d31,0x7552,0x7572,0x7551,0x7551,0x7551,0x7551,0x6d31,
  0x7551,0x7531,0x7552,0x7552,0x7552,0x7551,0x7531,0x7531,0x7531,0x64f0,0x6d11,0x7d72,0x7531,0x7531,0x7552,0x6d31,
  0x6d31,0x6d11,0x6d31,0x6d31,0x7531,0x6d11,0x6d11,0x6d11,0x6d31,0x6d11,0x6d31,0x6d11,0x6d11,0x6d11,0x6d11,0x6d31,
  0x6d11,0x6d11,0x6d31,0x7531,0x6d31,0x6d31,0x6d31,0x6d11,0x6d11,0x6cf0,0x6cf0,0x6d11,0x6cf0,0x6d11,0x64f0,0x6510,
  0x64f0,0x64f0,0x6cf0,0x64f0,0x64f0,0x64f0,0x64d0,0x64d0,0x64d0,0x648f,0x6cb0,0x646f,0x644e,0x5c2e,0x5c0d,0x5bed,
  0x5c0d,0x5bed,0x5bed,0x5c0e,0x5bcd,0x5bcd,0x53ac,0x538c,0x536b,0x4b6b,0x4b4b,0x538c,0x53ac,0x5bac,0x53ac,0x538c,
  0x4309,0x42e9,0x4b2a,0x4309,0x3a88,0x3a88,0x4288,0x3a47,0x4288,0x4288,0x4288,0x4ac9,0x4ac9,0x530a,0x4aea,0x4aea,
  0x4aea,0x4ae9,0x4aea,0x4b0a,0x4b0a,0x4aea,0x4aea,0x4ae9,0x4ac9,0x4aa9,0x4268,0x3a27,0x4227,0x3a07,0x39c6,0x2965,
  0x2924,0x2924,0x2103,0x2103,0x20e3,0x2103,0x2123,0x2944,0x2943,0x3185,0x31c5,0x39e6,0x4226,0x4267,0x4247,0x3a46,
  0x4267,0x4267,0x4247,0x3a47,0x3a26,0x31e6,0x3a27,0x3a47,0x4268,0x3a68,0x3a68,0x4ac9,0x42a8,0x4ac9,0x4288,0x3227,
  0x3227,0x3a47,0x3a27,0x3a47,0x3a68,0x3a68,0x4288,0x42c9,0x4ac9,0x42a8,0x4ae9,0x4b09,0x4b09,0x4b2a,0x536b,0x538b,
  0x53ac,0x640d,0x5c0d,0x5c2e,0x5c4e,0x646e,0x5c6e,0x5c4e,0x648f,0x646f,0x5c4e,0x646f,0x648f,0x648f,0x646e,0x648f,
  0x64af,0x64b0,0x6cd0,0x6cf0,0x6cf0,0x646f,0x648f,0x648f,0x6cd0,0x6cd0,0x6cd0,0x6cd0,0x6cd0,0x6cd0,0x6cd0,0x6cd0,
  0x6cd0,0x6cd0,0x6cf0,0x64b0,0x6cf0,0x6cf0,0x64f0,0x6cf0,0x64f0,0x6cf0,0x64d0,0x64d0,0x64d0,0x64d0,0x64d0,0x64f0,
  0x6d11,0x64f0,0x64f0,0x64d0,0x64f0,0x6d11,0x64f0,0x6cf1,0x64f0,0x64d0,0x6cf0,0x6d11,0x6cf0,0x64d0,0x6cd1,0x6cf1,
  0x6cef,0x7530,0x6d30,0x6d30,0x7551,0x6d31,0x7551,0x7551,0x6d31,0x7551,0x7d72,0x7531,0x7531,0x7552,0x7552,0x7552,
  0x7551,0x7572,0x7552,0x7552,0x7572,0x7571,0x7571,0x7571,0x7551,0x7552,0x7552,0x7552,0x7552,0x7572,0x7551,0x6d31,
  0x7531,0x7551,0x7572,0x7d72,0x7552,0x7551,0x7552,0x7531,0x7552,0x64f0,0x64f0,0x7572,0x7531,0x7552,0x7552,0x7552,
  0x6d31,0x7552,0x7531,0x6d31,0x6d31,0x7552,0x6d11,0x6d11,0x6d31,0x7552,0x7531,0x6d31,0x6d11,0x6d11,0x6d11,0x7552,
  0x7531,0x6d11,0x6d11,0x6d31,0x6d11,0x6d11,0x6d11,0x6cf0,0x6cf0,0x6cf0,0x64f0,0x64f0,0x64d0,0x6d11,0x6d10,0x64f0,
  0x64d0,0x6cf0,0x64f0,0x64f0,0x6cf0,0x64d0,0x64d0,0x64af,0x648f,0x6cb0,0x648f,0x5c6e,0x5c4e,0x5c2e,0x53ed,0x53ed,
  0x5bed,0x5c0d,0x642e,0x640d,0x5bed,0x5bcd,0x53ac,0x538c,0x4b6b,0x4b6b,0x536b,0x538c,0x53ac,0x538c,0x536b,0x538b,
  0x4b2a,0x4b2a,0x4b0a,0x4b0a,0x42c9,0x4288,0x3a47,0x3a47,0x3a67,0x4288,0x4288,0x42a9,0x4ac9,0x4aea,0x4ac9,0x4aea,
  0x4ac9,0x4ac9,0x4b0a,0x4aea,0x4aea,0x42c9,0x4ac9,0x42a9,0x42a9,0x42a8,0x3a47,0x3a47,0x3a47,0x3a27,0x3a07,0x39c6,
  0x31a5,0x3185,0x2944,0x2944,0x2944,0x2964,0x2964,0x3184,0x31a5,0x3184,0x31a5,0x31e6,0x3a06,0x3a27,0x3a27,0x3a27,
  0x3a47,0x3a47,0x3a47,0x3a27,0x3a06,0x3206,0x3a27,0x3a27,0x3a47,0x3a68,0x4288,0x4288,0x42a9,0x42a9,0x3a27,0x3227,
  0x3a27,0x4268,0x3a47,0x3a68,0x3a68,0x4288,0x42a8,0x42c9,0x4ae9,0x4ae9,0x532a,0x4b09,0x4ae9,0x532a,0x5b8b,0x538b,
  0x53cc,0x640d,0x5c0d,0x5c2e,0x5c2e,0x646e,0x648f,0x646e,0x648f,0x648f,0x648f,0x648f,0x646e,0x5c6e,0x64af,0x64af,
  0x648f,0x6cb0,0x6cd0,0x6cd0,0x648f,0x648f,0x648f,0x6cd0,0x64b0,0x64b0,0x6cd0,0x6cd0,0x6cd0,0x64af,0x6cd0,0x6cd0,
  0x6cd0,0x6cd0,0x6cf0,0x6cf0,0x64f0,0x6cf0,0x6d11,0x6cf0,0x6cf0,0x6d11,0x6cf0,0x64d0,0x64d0,0x6cf0,0x64f0,0x64d0,
  0x64f0,0x64f0,0x6cf1,0x6d11,0x6d11,0x6d11,0x6cf1,0x6cf0,0x64f0,0x64d0,0x6cd0,0x6cf1,0x6cf0,0x64f0,0x6cf0,0x6cf1,
  0x6ccf,0x7531,0x7551,0x7551,0x7551,0x7551,0x6d31,0x7552,0x7552,0x7552,0x7552,0x7552,0x7552,0x7531,0x7531,0x7552,
  0x7551,0x7551,0x7551,0x7572,0x7572,0x7551,0x7551,0x7551,0x7552,0x7552,0x7552,0x7552,0x7552,0x7552,0x7551,0x6d31,
  0x6d31,0x6d31,0x7572,0x7572,0x7552,0x7551,0x7551,0x7531,0x7552,0x6cf0,0x64f0,0x7552,0x7552,0x7552,0x7531,0x7572,
  0x6d31,0x7531,0x7552,0x7531,0x6d11,0x7531,0x6d11,0x6d11,0x6d31,0x7531,0x6d31,0x6d11,0x6d11,0x6d31,0x7531,0x6d31,
  0x6d31,0x6d11,0x64f0,0x6d11,0x6d11,0x6d11,0x6d11,0x6d11,0x64d0,0x6cf0,0x64f0,0x64d0,0x64d0,0x5ccf,0x64d0,0x64f0,
  0x64f0,0x64f0,0x64d0,0x64d0,0x64f0,0x64af,0x64af,0x64b0,0x648f,0x648f,0x646f,0x5c4e,0x5c0d,0x5c0e,0x5c0d,0x5c0d,
  0x5c0d,0x5c0d,0x5c0d,0x5bed,0x5bed,0x5bcc,0x538c,0x4b6b,0x4b6b,0x4b6b,0x538b,0x53ac,0x53ac,0x538b,0x536b,0x538b,
  0x4b4a,0x4b4a,0x4b2a,0x4b2a,0x4aea,0x42a9,0x4268,0x3a67,0x3a47,0x3a68,0x4288,0x4288,0x4288,0x42a9,0x42a8,0x4ac9,
  0x4ac9,0x4aea,0x532a,0x4b0a,0x4aea,0x4aea,0x42a9,0x42c9,0x4ac9,0x4ac9,0x42a9,0x42a9,0x3a47,0x3a27,0x3a06,0x31c5,
  0x31a6,0x31a5,0x3185,0x3185,0x31c5,0x31c5,0x31c5,0x31a5,0x31c5,0x31e5,0x31e5,0x31e5,0x3206,0x3206,0x3a26,0x3a06,
  0x3226,0x3a26,0x3a26,0x3a26,0x3a27,0x3a27,0x3a27,0x3a27,0x3a47,0x3a68,0x42a9,0x4ac9,0x4288,0x3a27,0x3226,0x3a47,
  0x3a27,0x3a47,0x3a47,0x3a47,0x4288,0x42a9,0x42a8,0x42e9,0x4ae9,0x4ae9,0x4ae9,0x4ae9,0x4b09,0x4b2a,0x536a,0x538b,
  0x5bed,0x640d,0x5c0d,0x5c0d,0x5c4e,0x646e,0x648f,0x646f,0x5c4e,0x646e,0x646f,0x646f,0x5c4e,0x5c6e,0x64af,0x64af,
  0x648f,0x6cb0,0x6cb0,0x64af,0x648f,0x646f,0x6cb0,0x6cd0,0x6cd0,0x64b0,0x64b0,0x648f,0x6cd0,0x64af,0x64b0,0x6cd0,
  0x6cf1,0x6cb0,0x6cd0,0x6d11,0x64d0,0x6cf0,0x6d11,0x6cf0,0x64f0,0x6d11,0x6cf1,0x64f0,0x6cf0,0x6cf1,0x64f0,0x64d0,
  0x6cf1,0x64f0,0x64f0,0x6d11,0x6d11,0x6d31,0x64f0,0x6cf1,0x6cf0,0x64f0,0x6cf0,0x6cf1,0x6cf1,0x6cf1,0x6cf1,0x6cf0,
  0x6cf0,0x7510,0x7531,0x6d30,0x7551,0x7531,0x7531,0x7572,0x7551,0x7572,0x7552,0x7552,0x7552,0x6d31,0x7531,0x7552,
  0x7551,0x7531,0x7531,0x7551,0x7571,0x7551,0x7551,0x7551,0x7552,0x7552,0x7552,0x7552,0x7572,0x7552,0x7551,0x7552,
  0x7551,0x7551,0x7552,0x7551,0x7551,0x7551,0x7531,0x7531,0x7552,0x6d11,0x64f0,0x7552,0x7552,0x7552,0x7531,0x7531,
  0x7552,0x7531,0x7552,0x7531,0x6d11,0x6d31,0x6d11,0x6d31,0x6d31,0x6d31,0x6d31,0x7531,0x7531,0x6d31,0x6d11,0x6d11,
  0x6d11,0x6d31,0x6d11,0x6cf0,0x6cf0,0x6cf0,0x6d11,0x6d11,0x6cf0,0x6cf0,0x6cf0,0x64f0,0x64d0,0x64d0,0x64d0,0x64f0,
  0x6cf0,0x6d11,0x6cf0,0x64d0,0x64d0,0x64b0,0x64af,0x64b0,0x64b0,0x646f,0x5c6e,0x5c2e,0x540d,0x540d,0x5c2e,0x5c2d,
  0x642e,0x5c0d,0x5c0d,0x5bed,0x5bec,0x5bcc,0x4b6b,0x4b4b,0x538b,0x4b6b,0x4b6b,0x538b,0x536b,0x538b,0x4b6b,0x536b,
  0x432a,0x4b4b,0x4b4b,0x534b,0x4b0a,0x42c9,0x3a68,0x4268,0x3a47,0x3a68,0x4288,0x4268,0x4288,0x3a47,0x3a47,0x4288,
  0x4ac9,0x4ac9,0x4aea,0x4aea,0x4aea,0x4aea,0x4aea,0x4aea,0x530a,0x4ae9,0x4aea,0x52ea,0x4288,0x4268,0x3a27,0x31e6,
  0x31e6,0x31a6,0x2985,0x31a5,0x31e6,0x31c5,0x31c5,0x29a5,0x29c5,0x31c5,0x31e5,0x3205,0x3206,0x3206,0x3a26,0x3206,
  0x3206,0x3206,0x3a06,0x3a06,0x3a27,0x3a27,0x3a27,0x3a47,0x3a47,0x3a68,0x42a9,0x4288,0x3227,0x3206,0x3206,0x3a27,
  0x3a47,0x3a47,0x3a47,0x3a47,0x4288,0x42a9,0x42c8,0x4ae9,0x4ae9,0x4ae9,0x4ae8,0x4b09,0x534a,0x536a,0x536b,0x53ab,
  0x5bed,0x5c0d,0x5c0d,0x5c2d,0x5c4e,0x5c6e,0x5c4e,0x5c4e,0x646f,0x646f,0x646f,0x646f,0x646f,0x5c6e,0x648f,0x64af,
  0x648f,0x648f,0x64af,0x6cb0,0x6cb0,0x648f,0x64af,0x64b0,0x64b0,0x6cd0,0x648f,0x648f,0x64b0,0x64af,0x64af,0x6cf0,
  0x6cd0,0x64b0,0x6cd0,0x6cf1,0x64d0,0x6cf0,0x6d11,0x64f0,0x64d0,0x6d11,0x6cf1,0x64f0,0x6cf0,0x6cf0,0x64f0,0x64f0,
  0x64f0,0x64d0,0x64f0,0x6cf1,0x6d11,0x6d11,0x6cf1,0x6d11,0x6cf1,0x6cf0,0x6cf0,0x6cf0,0x6d11,0x6d11,0x6cf1,0x6cf1,
  0x74f0,0x7510,0x7530,0x6d30,0x6d30,0x6d10,0x6d51,0x6d51,0x7551,0x7551,0x7531,0x7552,0x7572,0x7551,0x7551,0x7551,
  0x7552,0x7551,0x7551,0x7552,0x7572,0x7572,0x7551,0x7572,0x7572,0x7572,0x7572,0x7552,0x7572,0x7572,0x7552,0x7552,
  0x7531,0x7531,0x7551,0x7551,0x7551,0x7551,0x7551,0x7531,0x7551,0x6d31,0x64d0,0x7552,0x7552,0x7531,0x7552,0x7552,
  0x7552,0x7531,0x7531,0x6d31,0x6d31,0x6d11,0x6d11,0x7552,0x7531,0x6d31,0x6d31,0x6d31,0x6d31,0x6d31,0x7531,0x6d31,
  0x6d11,0x6d11,0x6d11,0x6d11,0x6cf0,0x6cf0,0x6d11,0x6d11,0x6d11,0x6cf0,0x64d0,0x64d0,0x64f0,0x6cf0,0x64d0,0x64d0,
  0x64d0,0x6d11,0x6d10,0x64d0,0x64af,0x64d0,0x64af,0x64b0,0x64b0,0x5c6e,0x5c4e,0x5c4e,0x5c4e,0x5c2d,0x5c2d,0x644e,
  0x644e,0x5c2e,0x5c0d,0x5bec,0x5bcc,0x5bcc,0x536b,0x536b,0x4b6b,0x4b6b,0x4b6b,0x538b,0x4b8b,0x4b8b,0x4b6b,0x4b4b,
  0x432a,0x538c,0x4b4b,0x4b0a,0x4b2a,0x42c9,0x3a47,0x3a47,0x3a47,0x3a68,0x3a88,0x4288,0x3a68,0x3a47,0x3a47,0x4288,
  0x42a8,0x42a8,0x4ac9,0x4ae9,0x4ac9,0x4ae9,0x530a,0x530a,0x530a,0x530a,0x5b2b,0x5b2b,0x530a,0x4ac9,0x3a47,0x3206,
  0x3a06,0x3a06,0x31c5,0x31e6,0x3a06,0x3a26,0x31e5,0x3a26,0x3226,0x31e5,0x3206,0x3206,0x3a26,0x3206,0x3206,0x3206,
  0x3206,0x3206,0x3a26,0x3a26,0x3a27,0x3a27,0x3a27,0x3a68,0x3a68,0x3a68,0x3a67,0x2a06,0x3206,0x3a26,0x3206,0x3a26,
  0x3a47,0x3a46,0x3a67,0x3a47,0x4288,0x42c9,0x42e9,0x42e9,0x42c9,0x42e8,0x42e9,0x4b09,0x534a,0x536a,0x538b,0x53ab,
  0x5bed,0x53ed,0x53ed,0x5c2d,0x5c2d,0x5c2e,0x5c2e,0x5c4e,0x646e,0x646e,0x648f,0x648f,0x646e,0x5c6e,0x646e,0x648f,
  0x648f,0x64af,0x648f,0x648f,0x64b0,0x5c4e,0x5c6e,0x64af,0x64b0,0x648f,0x648f,0x64b0,0x64af,0x64b0,0x6cd0,0x6cd0,
  0x6cd0,0x6cd0,0x6cd0,0x64b0,0x6cd0,0x6cf0,0x64d0,0x64d0,0x64d0,0x6cf0,0x6cf1,0x6cf0,0x64f0,0x64d0,0x64f0,0x64f0,
  0x64f0,0x64d0,0x64d0,0x64d0,0x6cf1,0x6d11,0x6d11,0x6d11,0x6d11,0x6cf0,0x64f0,0x64d0,0x6cf0,0x6cf1,0x6cf0,0x64d0,
  0x7510,0x7530,0x6d10,0x6d10,0x6d30,0x6d10,0x7551,0x6d51,0x7551,0x6d31,0x7552,0x7552,0x7531,0x7551,0x7551,0x7551,
  0x7552,0x7551,0x7551,0x7552,0x7572,0x7552,0x6d31,0x7551,0x7551,0x7572,0x7551,0x6d31,0x7552,0x7552,0x6d31,0x6d31,
  0x6d31,0x7531,0x7551,0x7531,0x6d31,0x6d31,0x7551,0x7551,0x7551,0x6d31,0x5caf,0x6d31,0x7531,0x6d11,0x7552,0x7531,
  0x7552,0x6d31,0x6d31,0x7552,0x7552,0x6d11,0x6d11,0x6d31,0x6d31,0x6d31,0x6d31,0x6d31,0x7552,0x7552,0x7531,0x6d11,
  0x6d11,0x6d11,0x6d11,0x6d11,0x6d11,0x6cf0,0x64f0,0x6cf0,0x64f0,0x64f0,0x64d0,0x64d0,0x64f0,0x6cf0,0x64f0,0x64d0,
  0x64d0,0x64f0,0x64f0,0x64af,0x64af,0x64d0,0x64af,0x648f,0x64af,0x5c6e,0x5c6e,0x648f,0x646f,0x5c4e,0x644e,0x644e,
  0x5c2e,0x5c0d,0x5bed,0x53cc,0x53cc,0x53ac,0x538b,0x4b4b,0x4b4a,0x4b6b,0x4b6b,0x4b6b,0x4b6b,0x4b8b,0x4b6b,0x4b8b,
  0x434a,0x538c,0x538c,0x4b0a,0x4b0a,0x42a9,0x3a47,0x3a47,0x3a67,0x4268,0x4288,0x4288,0x4268,0x3a68,0x4268,0x3a47,
  0x42a8,0x42a8,0x4288,0x4ac9,0x4ae9,0x4aea,0x530a,0x532b,0x532b,0x5b4b,0x5b6c,0x5b2b,0x5b2b,0x530a,0x4aa9,0x4268,
  0x3a47,0x3a27,0x3a07,0x3a26,0x3a47,0x3a47,0x3a26,0x3a47,0x3a26,0x3a26,0x3a26,0x3a06,0x3a26,0x3a06,0x3206,0x3206,
  0x3a26,0x3a26,0x3206,0x3206,0x3a47,0x3a47,0x3a67,0x3a68,0x4288,0x3227,0x29e6,0x29e6,0x3226,0x3a27,0x3206,0x3226,
  0x3a47,0x3a67,0x4267,0x3a67,0x3a88,0x42a8,0x42c9,0x42e9,0x4ae9,0x4b09,0x4b2a,0x4b2a,0x4b29,0x4b4a,0x538b,0x538b,
  0x53cc,0x53cc,0x5bed,0x5c0d,0x5c2d,0x5c4e,0x5c4e,0x646e,0x646e,0x646f,0x646f,0x646f,0x646f,0x646f,0x5c4e,0x64af,
  0x648f,0x64af,0x64af,0x64af,0x64af,0x5c6f,0x648f,0x648f,0x648f,0x5c6f,0x648f,0x6cd0,0x6cb0,0x6cd0,0x6cd0,0x6cd0,
  0x6cd0,0x64b0,0x6cf0,0x6cd0,0x64d0,0x6cd0,0x64d0,0x64d0,0x6cd0,0x6cd0,0x6d11,0x6cf0,0x64d0,0x64d0,0x6cf0,0x6d11,
  0x64f0,0x64d0,0x6cf1,0x64f0,0x6cf0,0x64f0,0x6cf1,0x6cf1,0x6cf1,0x6cf0,0x6cf0,0x6cf0,0x6cf1,0x6cf0,0x6cf1,0x64d0,
  0x74f0,0x7510,0x6d10,0x6d10,0x6d10,0x6d31,0x7551,0x7551,0x6d31,0x6d31,0x7531,0x6d11,0x7531,0x7551,0x7551,0x7551,
  0x7572,0x7572,0x7552,0x7551,0x7552,0x7551,0x7551,0x7552,0x7551,0x7551,0x7551,0x6d31,0x7551,0x7552,0x7551,0x7552,
  0x7531,0x7551,0x7552,0x7551,0x7551,0x6d31,0x7551,0x7531,0x7551,0x7531,0x5c8f,0x6d31,0x7531,0x6d31,0x7531,0x7531,
  0x7552,0x6d11,0x7531,0x7552,0x6d31,0x6d10,0x6d11,0x6d31,0x6d31,0x6d31,0x7551,0x6d31,0x6d31,0x6d31,0x7531,0x6d31,
  0x6d11,0x6d11,0x6d11,0x7531,0x6d11,0x6d11,0x6d11,0x6cf0,0x64d0,0x6cf0,0x6cf0,0x64d0,0x64f0,0x6cf0,0x64d0,0x64af,
  0x64d0,0x64d0,0x64f0,0x64d0,0x64af,0x6cd0,0x64af,0x646f,0x648f,0x648f,0x646f,0x646f,0x648f,0x646f,0x646f,0x646f,
  0x5c0d,0x5bed,0x5bed,0x5bcc,0x5bcc,0x5bcc,0x538b,0x4b6b,0x4b6b,0x4b6b,0x4b6b,0x4b6b,0x4b6b,0x434a,0x4b4a,0x4b8b,
  0x434a,0x4b6b,0x53ac,0x4b4b,0x42c9,0x42a8,0x3a68,0x3247,0x3a47,0x4288,0x4288,0x4268,0x4268,0x4268,0x4268,0x3a47,
  0x3a47,0x3a68,0x3a68,0x42a9,0x4aea,0x4aea,0x532a,0x5b4b,0x5b6b,0x5b4b,0x638c,0x5b6c,0x5b6c,0x5b6b,0x530a,0x4aea,
  0x4ac9,0x4288,0x4268,0x4288,0x4247,0x3a47,0x3a47,0x3a47,0x3a26,0x3a47,0x3a47,0x4247,0x3a46,0x3a06,0x3a26,0x3a26,
  0x3a47,0x3a47,0x3a06,0x3206,0x3a47,0x3a47,0x4268,0x4288,0x3a47,0x29e5,0x3206,0x3206,0x3206,0x31e6,0x3206,0x3a67,
  0x3a67,0x3a67,0x4288,0x3a67,0x3a87,0x42c9,0x42e9,0x4b0a,0x42e9,0x4ae9,0x4b2a,0x4b0a,0x4b09,0x534a,0x53ac,0x53ac,
  0x5bed,0x53cc,0x53ec,0x5c0d,0x53ed,0x5c2e,0x646f,0x646e,0x646e,0x646e,0x646e,0x5c6e,0x5c4e,0x646e,0x5c4e,0x64af,
  0x5c8f,0x5c6f,0x64b0,0x648f,0x5c6f,0x64af,0x6cd0,0x64b0,0x5c8f,0x64af,0x6cb0,0x64af,0x6cd0,0x6cf0,0x6cf0,0x6cd0,
  0x6cd0,0x6cd0,0x64b0,0x6cd0,0x6cf0,0x64d0,0x64d0,0x64af,0x6cd0,0x6cd0,0x6cd0,0x6cf0,0x64d0,0x64d0,0x64f0,0x6d11,
  0x64f0,0x6cf0,0x6d11,0x6d11,0x64f0,0x64d0,0x64d0,0x6cf0,0x6cf0,0x6cf1,0x6cf1,0x6cf1,0x6cf0,0x6cf0,0x6d11,0x64d0,
  0x6cf0,0x6cf0,0x6cf0,0x6d10,0x6d10,0x6d10,0x6d30,0x7551,0x7531,0x6d11,0x6d11,0x7531,0x7531,0x7551,0x7551,0x7551,
  0x7551,0x7552,0x7552,0x7531,0x7552,0x7552,0x7572,0x7572,0x7552,0x7551,0x7551,0x7572,0x7572,0x7572,0x7551,0x7551,
  0x7551,0x7551,0x7551,0x7551,0x6d31,0x7531,0x7531,0x6d31,0x7531,0x7531,0x64d0,0x6d31,0x7552,0x7552,0x7531,0x6d31,
  0x6d31,0x7552,0x7531,0x6d31,0x7551,0x6d31,0x6d11,0x6d31,0x6d31,0x6d31,0x6d31,0x6d11,0x6d31,0x6d11,0x6d11,0x6d11,
  0x6d31,0x6d31,0x6d31,0x6d11,0x6cf0,0x6d11,0x6d11,0x6cf0,0x6cf0,0x64f0,0x64f0,0x64d0,0x64d0,0x64d0,0x64d0,0x64d0,
  0x64d0,0x64f0,0x64d0,0x64d0,0x64b0,0x64b0,0x64b0,0x64af,0x6cb0,0x6cb0,0x648f,0x6cb0,0x6cb0,0x646f,0x646f,0x646f,
  0x5bed,0x53cc,0x53ac,0x5bcc,0x5bcc,0x538b,0x538b,0x538b,0x4b6b,0x4b6b,0x4b6b,0x4b6b,0x4b4b,0x4b4a,0x4b6b,0x4b8b,
  0x538b,0x4b6b,0x4b6b,0x4b4b,0x42e9,0x42a9,0x42a8,0x3247,0x3a67,0x3a68,0x4268,0x4288,0x3a47,0x4268,0x4268,0x3a47,
  0x3a47,0x3a68,0x3a68,0x3a68,0x42a9,0x4ac9,0x530a,0x5b4b,0x5b6c,0x5b6c,0x638c,0x5b6c,0x5b6c,0x5b6c,0x5b4b,0x5b4b,
  0x532b,0x52ea,0x52ea,0x4ac9,0x4288,0x4287,0x4288,0x4288,0x4288,0x4288,0x4267,0x4287,0x4247,0x3a46,0x4267,0x3a47,
  0x3a26,0x3a26,0x3a26,0x3a47,0x3a47,0x3a47,0x3a27,0x29c5,0x29e6,0x3206,0x3226,0x3206,0x3206,0x29e6,0x3206,0x3a67,
  0x3a87,0x3a67,0x4287,0x3a88,0x42c8,0x4ae9,0x4b0a,0x4b0a,0x4b0a,0x4b0a,0x4b0a,0x4b0a,0x4b2a,0x536b,0x538c,0x5bcc,
  0x5bed,0x5bcd,0x5bed,0x5c0d,0x5bed,0x5c2e,0x646e,0x646e,0x5c2d,0x5c2e,0x5c4e,0x5c4e,0x5c2e,0x5c2e,0x5c6e,0x648f,
  0x648f,0x648f,0x6cb0,0x64af,0x648f,0x6cd0,0x6cd0,0x6cb0,0x648f,0x6cd0,0x6cd0,0x648f,0x6cb0,0x6cd0,0x6cd0,0x6cd0,
  0x6cd0,0x6cd0,0x64b0,0x64b0,0x6cf0,0x64b0,0x64af,0x648f,0x6cd0,0x64b0,0x64d0,0x6cd0,0x64d0,0x64d0,0x64d0,0x6cf0,
  0x6cf1,0x6cf1,0x6cf1,0x6cf1,0x6cf0,0x64b0,0x6cf0,0x6d11,0x6d11,0x6cf1,0x6cd1,0x6cf1,0x6cf0,0x6cf0,0x6cf0,0x6cf0,
  0x6ccf,0x74f0,0x7510,0x7530,0x6d10,0x6d10,0x6d30,0x6d31,0x7531,0x7531,0x7551,0x7551,0x6d31,0x7551,0x7551,0x6d51,
  0x6d31,0x7531,0x7531,0x7551,0x7551,0x7572,0x7572,0x7552,0x7551,0x7531,0x7551,0x7552,0x7572,0x7572,0x7552,0x7551,
  0x7551,0x7551,0x6d31,0x6d31,0x6d31,0x7551,0x7531,0x7551,0x7531,0x7531,0x64d0,0x6d11,0x7552,0x7531,0x7531,0x7531,
  0x6d11,0x7552,0x7552,0x7552,0x6d31,0x6d31,0x7551,0x6d31,0x6d31,0x6d31,0x6d11,0x6d10,0x6d11,0x6d31,0x7531,0x6d11,
  0x6d31,0x7531,0x6d11,0x64f0,0x6cf0,0x6cf0,0x64f0,0x64f0,0x64f0,0x6d11,0x64d0,0x64d0,0x64af,0x64f0,0x64d0,0x64d0,
  0x64d0,0x64f0,0x64d0,0x64d0,0x64d0,0x64d0,0x64d0,0x64af,0x6cb0,0x6cb0,0x6cb0,0x6cd0,0x6cb0,0x646f,0x644e,0x5c0d,
  0x5bed,0x5bed,0x53cc,0x5bcc,0x5bcc,0x5bab,0x53ac,0x4b6b,0x4b2a,0x4b4b,0x432a,0x430a,0x4b4a,0x4b4a,0x4b6b,0x5bcc,
  0x53ac,0x4b4b,0x4b6b,0x4b4a,0x3ac9,0x3aa9,0x3a88,0x3a68,0x3a47,0x3a68,0x3a68,0x3a67,0x3a47,0x4268,0x4268,0x3a47,
  0x3a67,0x3a67,0x3a47,0x3a47,0x4288,0x42a8,0x4ac9,0x530a,0x5b4b,0x5b6b,0x5b6c,0x5b6c,0x638c,0x638c,0x5b6b,0x5b4b,
  0x532b,0x530a,0x530a,0x52ea,0x4aa9,0x4aa8,0x4aa9,0x4ac9,0x4aa8,0x4aa8,0x4288,0x4288,0x4267,0x4267,0x3a47,0x3a47,
  0x3a46,0x3a26,0x3a47,0x3a47,0x3a47,0x3206,0x21a5,0x29c5,0x29c5,0x3227,0x3206,0x3206,0x3226,0x3206,0x3226,0x3a67,
  0x3a67,0x3a67,0x4288,0x42c9,0x42e9,0x42e9,0x4b0a,0x4b0a,0x4b0a,0x532b,0x532b,0x4b2a,0x4b2a,0x534a,0x538c,0x5bac,
  0x5bcd,0x5bcd,0x5bed,0x5bed,0x5bed,0x5c0e,0x642e,0x5c2d,0x5c4e,0x646e,0x5c4e,0x5c4e,0x5c2e,0x5c4e,0x646e,0x648f,
  0x648f,0x648f,0x6cd0,0x6cb0,0x648f,0x6cb0,0x6cd0,0x6cd0,0x6cd0,0x6cd0,0x6cf0,0x6cb0,0x64af,0x6cd0,0x6cf0,0x6cd0,
  0x64b0,0x6cd0,0x6cd0,0x6cd0,0x6cf0,0x64d0,0x64d0,0x6cd0,0x6cb0,0x6cd0,0x6cd0,0x6cd0,0x6cf0,0x6cf0,0x6cf0,0x6cf1,
  0x6cf0,0x6cf0,0x64d0,0x6cf0,0x6cf1,0x6cf1,0x6d11,0x6cf1,0x6d11,0x6cf1,0x6cf1,0x6cf1,0x6cf0,0x6cf1,0x6cf0,0x6d11,
  0x6ccf,0x74f0,0x74f0,0x7510,0x7530,0x6d10,0x6d10,0x6d30,0x6d31,0x7531,0x7531,0x6d31,0x7551,0x7531,0x7551,0x6d51,
  0x6d51,0x7572,0x7551,0x7552,0x7552,0x7551,0x7552,0x7551,0x7531,0x6d31,0x7551,0x7572,0x7551,0x6d31,0x7551,0x7551,
  0x7572,0x7572,0x7551,0x7531,0x7531,0x7531,0x7551,0x7551,0x7531,0x7552,0x64d0,0x6cf0,0x7552,0x7531,0x7531,0x7531,
  0x7552,0x7531,0x6d31,0x6d31,0x6d31,0x6d31,0x6d31,0x6d11,0x6d31,0x6d11,0x6d11,0x6d11,0x6d11,0x6d11,0x6d11,0x6d11,
  0x6d31,0x6d11,0x6d11,0x6d11,0x64d0,0x64d0,0x6d11,0x64f0,0x64f0,0x64f0,0x64d0,0x64d0,0x64d0,0x64f0,0x64d0,0x64af,
  0x64af,0x64d0,0x64d0,0x64d0,0x64af,0x64af,0x64b0,0x648f,0x648f,0x6cb0,0x6cb0,0x6cb0,0x648f,0x644e,0x5c0d,0x53ed,
  0x5bcd,0x5bcd,0x5bed,0x5bcc,0x538b,0x538b,0x536b,0x4b2a,0x4b4b,0x432a,0x4b2a,0x4309,0x4b2a,0x4b2a,0x4b6b,0x5bed,
  0x5bcc,0x538b,0x536b,0x4b2a,0x3ac9,0x3aa8,0x3267,0x3a88,0x3a88,0x3a67,0x3a47,0x4268,0x4268,0x4268,0x3a67,0x3a67,
  0x3a47,0x3a47,0x3227,0x3a47,0x3a67,0x3a67,0x4288,0x4ac9,0x530a,0x532b,0x5b4b,0x5b4b,0x5b6c,0x5b6c,0x532b,0x532b,
  0x532a,0x52ea,0x4ac9,0x4ac9,0x52ea,0x52ea,0x52c9,0x52c9,0x4aa9,0x4aa8,0x4288,0x4a88,0x4267,0x4247,0x3a26,0x3a26,
  0x3a26,0x3a46,0x3a26,0x29c5,0x2184,0x2184,0x29a5,0x31e6,0x29e6,0x31e6,0x3226,0x3226,0x29e6,0x3206,0x3226,0x3267,
  0x3a67,0x3a87,0x42c8,0x42c9,0x42c9,0x4ae9,0x4ae9,0x42c9,0x4aea,0x4b2b,0x4b2b,0x4b2a,0x4b2a,0x536b,0x538c,0x5bac,
  0x5bcd,0x53ac,0x5bcd,0x5bed,0x5bed,0x5c0d,0x5c2e,0x5c0d,0x5c4e,0x5c4e,0x5c2e,0x5c4e,0x644e,0x646f,0x646f,0x648f,
  0x648f,0x6cb0,0x6cd0,0x6cd0,0x648f,0x6cb0,0x6cb0,0x6cb0,0x6cd0,0x6cb0,0x6cb0,0x6cd0,0x6cd0,0x6cd0,0x6cd0,0x6cf0,
  0x6cd0,0x6cd0,0x6cb0,0x6cd0,0x6cd0,0x6cd0,0x6cd0,0x6cf0,0x6cd0,0x64b0,0x6cd0,0x6cf1,0x6d11,0x6cf0,0x6cf0,0x6cf0,
  0x64d0,0x6cf1,0x64d0,0x6cf0,0x6cf0,0x6cf0,0x6cf1,0x6cf0,0x64d0,0x6cf1,0x6cf1,0x6d11,0x6cf1,0x64d0,0x64d0,0x6d10,
  0x6caf,0x74f0,0x6cf0,0x6d10,0x7510,0x7510,0x7551,0x7531,0x6d31,0x7531,0x6d31,0x7531,0x7531,0x7531,0x7551,0x6d51,
  0x6d51,0x7572,0x7572,0x7551,0x7551,0x7572,0x7551,0x7552,0x7552,0x7572,0x7551,0x7572,0x7551,0x7551,0x7551,0x6d31,
  0x7551,0x7551,0x7552,0x7551,0x7572,0x7551,0x7552,0x7531,0x6d31,0x7552,0x64af,0x64d0,0x7552,0x7531,0x7531,0x7552,
  0x7552,0x7531,0x6d31,0x7551,0x6d31,0x6d31,0x6d11,0x6d11,0x6d11,0x6d11,0x6d11,0x6d11,0x6d31,0x6d11,0x6d11,0x6d11,
  0x6d11,0x6d11,0x6d11,0x6cf0,0x64d0,0x64d0,0x64f0,0x6cf0,0x64f0,0x64f0,0x6cf0,0x64f0,0x64f0,0x64f0,0x64f0,0x64d0,
  0x5caf,0x64d0,0x64af,0x64af,0x64b0,0x64af,0x64af,0x64af,0x64af,0x64af,0x64af,0x646f,0x646e,0x5c4e,0x5c0d,0x5c0d,
  0x5c0d,0x5bed,0x5bcc,0x5bcc,0x53ab,0x538b,0x536b,0x4b4b,0x4b4a,0x430a,0x4b2a,0x430a,0x4b2a,0x4b2a,0x4b4a,0x5bcd,
  0x5bed,0x538b,0x538b,0x4b4a,0x3ac9,0x3aa8,0x3247,0x3a68,0x4288,0x3a68,0x3a68,0x4288,0x4268,0x4268,0x4268,0x3a47,
  0x3a47,0x3a47,0x3a47,0x3a47,0x3a47,0x3a47,0x3a47,0x3a68,0x42a8,0x4ac9,0x4ae9,0x4ae9,0x530a,0x5b2b,0x530a,0x530a,
  0x52ea,0x52e9,0x4aa9,0x4ac9,0x52ea,0x4ac9,0x4ac9,0x4aa9,0x4aa9,0x4288,0x4267,0x4267,0x4267,0x3a47,0x3a26,0x3a26,
  0x3a46,0x3a26,0x29c5,0x1923,0x1102,0x2184,0x29e5,0x29c5,0x29c5,0x3206,0x3a27,0x3226,0x31e6,0x29e6,0x3227,0x3a67,
  0x3a88,0x3a88,0x42c8,0x42a9,0x42c9,0x4aea,0x42c9,0x42c9,0x4b0a,0x4b0a,0x532a,0x4b2a,0x4b4b,0x536b,0x5bac,0x5bcd,
  0x5bed,0x53ac,0x53ac,0x5bcd,0x5bed,0x642e,0x5c0e,0x5c0d,0x5c2e,0x5c2e,0x5c2e,0x646f,0x646f,0x644e,0x646f,0x64af,
  0x648f,0x64b0,0x6cb0,0x6cd0,0x64af,0x6cb0,0x648f,0x648f,0x6cd0,0x6cb0,0x648f,0x6cb0,0x6cb0,0x6cd0,0x6cd0,0x6cd0,
  0x6cd0,0x6cd0,0x64d0,0x6cd0,0x64b0,0x64b0,0x64b0,0x6cd0,0x64b0,0x6cd0,0x6cd0,0x6cd0,0x6cd0,0x6cf0,0x6cf0,0x64f0,
  0x6cf0,0x64f0,0x6cf0,0x6d11,0x64f0,0x6cf0,0x6cf0,0x6d11,0x6d11,0x6d11,0x6cf0,0x6d11,0x6d11,0x6cf0,0x6cd0,0x6cf0,
  0x646e,0x6ccf,0x6cef,0x6d10,0x6cf0,0x6d10,0x7531,0x6d31,0x6d31,0x7531,0x7531,0x7552,0x6d31,0x7531,0x6d51,0x6d31,
  0x6d31,0x6d51,0x7551,0x7531,0x7531,0x7552,0x7551,0x7d72,0x7572,0x7572,0x7572,0x7572,0x7552,0x7551,0x6d31,0x7551,
  0x7531,0x7531,0x7572,0x7572,0x7572,0x7551,0x7551,0x7531,0x7531,0x7531,0x64af,0x64af,0x7531,0x6d31,0x6d31,0x6d11,
  0x6d11,0x6d31,0x7531,0x6d31,0x6d31,0x6d10,0x64f0,0x6d11,0x6d11,0x6d11,0x6d11,0x6cf0,0x6d31,0x6d11,0x6d11,0x6d11,
  0x6d11,0x6d11,0x6cf0,0x64d0,0x64d0,0x64f0,0x64f0,0x64f0,0x6d11,0x64f0,0x64f0,0x6d11,0x6cf0,0x64d0,0x64f0,0x64f0,
  0x64d0,0x64af,0x64b0,0x64d0,0x64d0,0x64af,0x64b0,0x64b0,0x64b0,0x64af,0x64af,0x648f,0x646e,0x5c4e,0x5c2d,0x5c2d,
  0x5c2d,0x5bec,0x53ac,0x5bcc,0x538b,0x538b,0x538b,0x536b,0x430a,0x432a,0x4309,0x4309,0x4b2a,0x432a,0x430a,0x5bcc,
  0x5bcd,0x53ac,0x538b,0x4b4a,0x42e9,0x3a88,0x3a88,0x3227,0x3a68,0x3a48,0x4268,0x3a67,0x3a47,0x4268,0x3a47,0x3a47,
  0x3a26,0x3a26,0x3a67,0x3a27,0x3a47,0x3a47,0x3a27,0x3a27,0x4268,0x4268,0x4aa9,0x42a8,0x4aa9,0x4aa9,0x4ac9,0x4288,
  0x4288,0x4288,0x4aa9,0x4288,0x4aa9,0x4288,0x4288,0x4268,0x4288,0x4268,0x4287,0x4287,0x3a46,0x3a26,0x3a26,0x3a46,
  0x3a26,0x29a4,0x1923,0x1902,0x1923,0x2184,0x29c5,0x29c5,0x31e6,0x3a47,0x3a27,0x29e6,0x31e6,0x3206,0x3a47,0x4288,
  0x3a47,0x3a88,0x42a8,0x42a8,0x42e9,0x42e9,0x4b0a,0x42e9,0x4b0a,0x4b2a,0x4b2a,0x4b2a,0x4b4b,0x538b,0x538b,0x5bcd,
  0x5bed,0x53ac,0x53ac,0x5bcd,0x5bed,0x640e,0x5c0d,0x5c0d,0x5c0d,0x5c2e,0x5c2e,0x644e,0x644e,0x644e,0x646f,0x64af,
  0x64af,0x64af,0x648f,0x64af,0x648f,0x6cb0,0x6cb0,0x6cb0,0x6cf0,0x6cd0,0x6cb0,0x6cd0,0x6cd0,0x6cd0,0x6cf0,0x6cd0,
  0x6cd0,0x6cd0,0x6cd0,0x6cf0,0x64b0,0x6cd0,0x6cd0,0x6cd0,0x6cb0,0x6cd0,0x64d0,0x6cd0,0x6cd0,0x6cd0,0x6cd0,0x6cf1,
  0x6cf1,0x6cf0,0x6cf0,0x6cf0,0x6d11,0x6d11,0x6d11,0x6d11,0x6d11,0x6d10,0x64f0,0x64f0,0x64f0,0x64d0,0x6cf0,0x6cf0,
  0x6c8f,0x6ccf,0x6cf0,0x6d10,0x6d10,0x6d10,0x6d10,0x6d31,0x7531,0x7531,0x7551,0x7531,0x6d11,0x6d11,0x6d51,0x6d51,
  0x6d51,0x6d51,0x7531,0x6d31,0x7551,0x7551,0x7551,0x7552,0x7551,0x7551,0x7551,0x7572,0x7571,0x7551,0x7551,0x7551,
  0x7551,0x7531,0x7552,0x7551,0x7531,0x7552,0x7531,0x7531,0x7551,0x7552,0x64d0,0x64af,0x7531,0x6d11,0x7531,0x6d31,
  0x6d11,0x6d11,0x6d11,0x6d11,0x6d31,0x6d31,0x6d31,0x6d31,0x6d11,0x6cf0,0x6d11,0x6d11,0x6d11,0x6d11,0x6cf0,0x6d11,
  0x6d11,0x6d11,0x6cf0,0x64f0,0x64d0,0x6cf1,0x6cf0,0x6cf1,0x6cf0,0x64d0,0x64d0,0x64d0,0x64f0,0x64d0,0x64d0,0x64d0,
  0x64d0,0x64af,0x64af,0x64d0,0x64b0,0x6cd0,0x64b0,0x648f,0x64b0,0x64af,0x648f,0x648f,0x646e,0x5c2d,0x5c2d,0x5c2e,
  0x5bed,0x53ac,0x53ac,0x538b,0x538b,0x4b6b,0x4b6b,0x4b2a,0x430a,0x432a,0x4309,0x3ac9,0x4b0a,0x4b2a,0x432a,0x5bac,
  0x640d,0x5bcd,0x538b,0x536b,0x3aa8,0x3a88,0x3247,0x3227,0x3a47,0x3a47,0x3a47,0x4268,0x3a47,0x4268,0x3a47,0x3a47,
  0x3a47,0x3a26,0x3a47,0x3a47,0x3a47,0x3a47,0x3a47,0x3a47,0x3a47,0x3a47,0x3a67,0x3a47,0x4268,0x3a47,0x3a47,0x3a27,
  0x3a47,0x3a47,0x3a27,0x3a47,0x4268,0x3a47,0x3a47,0x3a47,0x3a47,0x3a27,0x3a47,0x3a47,0x3a26,0x3a47,0x3a46,0x3206,
  0x29c5,0x2184,0x1923,0x10e2,0x1102,0x2184,0x3206,0x29e6,0x3206,0x3a67,0x3227,0x29c5,0x29e6,0x3226,0x3227,0x3a47,
  0x3a68,0x42a8,0x42a9,0x42c9,0x42e9,0x42e9,0x42e9,0x42e9,0x42e9,0x4b2a,0x4b2a,0x534b,0x4b4b,0x538c,0x538c,0x5bcd,
  0x5bcd,0x53cc,0x5bcd,0x5bcd,0x5bcd,0x5bed,0x5bed,0x5c2e,0x5c2e,0x5c2e,0x5c4e,0x5c2e,0x646f,0x644e,0x646f,0x64af,
  0x64af,0x648f,0x6cb0,0x648f,0x5c4e,0x648f,0x6cb0,0x6cb0,0x64af,0x6cb0,0x6cd0,0x74f1,0x6cf0,0x6cd0,0x6cd0,0x6cd0,
  0x6cd0,0x6cd0,0x6cf0,0x6cf0,0x6cf0,0x64d0,0x6cd0,0x6cd0,0x64b0,0x6cd0,0x6cd0,0x6cf1,0x6cf0,0x6cf0,0x6cd0,0x6cf0,
  0x6cf0,0x6cf0,0x64f0,0x64d0,0x6d11,0x6cf1,0x6d11,0x64f0,0x64d0,0x6d11,0x6d11,0x64f0,0x64f0,0x6cf0,0x64f0,0x64f0,
  0x6c8e,0x74f0,0x6cf0,0x6cf0,0x7531,0x6d10,0x7531,0x7531,0x7551,0x7531,0x6d31,0x6d31,0x6d31,0x6d31,0x6d31,0x6d51,
  0x6d51,0x7572,0x7552,0x7531,0x7531,0x7531,0x7552,0x7551,0x7551,0x7551,0x7551,0x7572,0x7571,0x7551,0x7551,0x7531,
  0x7551,0x7551,0x7531,0x7531,0x7551,0x7551,0x7531,0x7531,0x6d11,0x7531,0x64f0,0x5caf,0x6d31,0x6d31,0x7531,0x6d11,
  0x6d11,0x6d31,0x6d31,0x6d31,0x6d11,0x6d31,0x6d31,0x6d31,0x6d11,0x64f0,0x6d11,0x6d11,0x6d11,0x6d11,0x6d11,0x6d11,
  0x6d11,0x6d11,0x6d11,0x64f0,0x64d0,0x64f0,0x64f0,0x64f0,0x64f0,0x64d0,0x64d0,0x64d0,0x64d0,0x64d0,0x64d0,0x64d0,
  0x64af,0x64af,0x64af,0x6cd0,0x64d0,0x6cd0,0x64b0,0x64b0,0x648f,0x64af,0x64af,0x5c4e,0x646f,0x5c4e,0x5c2d,0x5c2d,
  0x5bed,0x53ac,0x538c,0x4b6b,0x4b4b,0x4b6b,0x4b6b,0x4b4a,0x432a,0x4b2a,0x4b2a,0x3ac9,0x430a,0x4b2a,0x4b2a,0x538c,
  0x640d,0x5bcc,0x538b,0x536b,0x3aa8,0x3aa8,0x3227,0x3227,0x3a27,0x3a47,0x4268,0x4268,0x4268,0x4268,0x3a27,0x3a47,
  0x3a47,0x3a26,0x3a26,0x3a47,0x3a27,0x3a27,0x3a47,0x3a27,0x3a47,0x3a47,0x3a27,0x3a26,0x3a26,0x3a47,0x3a26,0x3206,
  0x3206,0x3a27,0x3206,0x3206,0x3206,0x3206,0x3206,0x3a27,0x3a27,0x3a27,0x3a27,0x3a27,0x3226,0x3206,0x3205,0x31c5,
  0x29c5,0x29a4,0x1923,0x10e2,0x1923,0x2164,0x29e6,0x3206,0x3a67,0x3a68,0x3206,0x29e6,0x3206,0x3227,0x3a47,0x3a47,
  0x3a68,0x42a9,0x42c9,0x42c9,0x4b0a,0x4b0a,0x42c9,0x42e9,0x4ae9,0x4b2a,0x534b,0x534b,0x4b4b,0x536b,0x5bad,0x5bed,
  0x5bed,0x5bed,0x5bcd,0x5bcd,0x5bed,0x5bed,0x5c0e,0x5c0d,0x5c0d,0x5c2e,0x5c4e,0x644e,0x646f,0x646f,0x646f,0x5c6f,
  0x646f,0x648f,0x64af,0x64af,0x5c4e,0x6cb0,0x6cb0,0x648f,0x6cb0,0x6cd0,0x6cd0,0x6cf1,0x6cf0,0x6cd0,0x6cb0,0x6cd0,
  0x6cf0,0x6cd0,0x6cf0,0x6cf0,0x6cd0,0x6cd0,0x6cd0,0x6cd0,0x6cd0,0x6cd0,0x6cd0,0x6cf0,0x6cd0,0x6cd0,0x6cd0,0x6cd0,
  0x64d0,0x6cf0,0x64d0,0x64f0,0x6d11,0x6cf0,0x6cf1,0x64f0,0x64d0,0x64f0,0x64f0,0x64f0,0x64f0,0x6cf0,0x64f0,0x64f0,
  0x648e,0x74f0,0x7530,0x6d10,0x6d30,0x6d10,0x7531,0x7551,0x7551,0x7531,0x6d11,0x7551,0x7551,0x6d51,0x6d31,0x6d31,
  0x6d31,0x6d31,0x7551,0x7531,0x7531,0x7531,0x7551,0x7551,0x7531,0x7531,0x7531,0x7551,0x7531,0x7531,0x7531,0x6d31,
  0x6d31,0x7531,0x7551,0x7551,0x7551,0x7531,0x7531,0x7531,0x7531,0x7531,0x6d11,0x5c8f,0x6d11,0x6d11,0x6d11,0x6d31,
  0x7531,0x6d11,0x6d11,0x6d11,0x6d11,0x6d11,0x6d11,0x6cf0,0x6d11,0x6d11,0x6d11,0x6d11,0x6d11,0x64f0,0x6d11,0x6d11,
  0x6d11,0x6d11,0x6cf0,0x64d0,0x64d0,0x64f0,0x64d0,0x64f0,0x64d0,0x64d0,0x64d0,0x64d0,0x64d0,0x64cf,0x64f0,0x64f0,
  0x64d0,0x64af,0x64b0,0x64d0,0x6cd0,0x6cf0,0x64b0,0x64af,0x6caf,0x6cd0,0x648f,0x646f,0x644e,0x5c2e,0x5c2d,0x5bed,
  0x53ac,0x4b8b,0x4b4b,0x4b4a,0x4b4a,0x536b,0x4b4b,0x4b2a,0x4b4a,0x4b6b,0x4309,0x3288,0x42e9,0x430a,0x4b0a,0x4b4b,
  0x5bcd,0x5bcd,0x538c,0x4b2a,0x3aa8,0x3a88,0x3a68,0x3227,0x3a47,0x3a47,0x4268,0x4268,0x4247,0x4268,0x3a47,0x3a47,
  0x3a47,0x3a47,0x3a47,0x3a27,0x3a47,0x3a27,0x3a47,0x3a27,0x3206,0x3a47,0x3a47,0x3a47,0x3a26,0x3a27,0x3a47,0x3a27,
  0x3a27,0x3a27,0x31e6,0x3206,0x3206,0x3206,0x3206,0x3206,0x31e6,0x31e6,0x3206,0x3206,0x31e5,0x3206,0x3206,0x31e5,
  0x29c5,0x2984,0x1902,0x10e2,0x1923,0x2185,0x29c6,0x3206,0x3a68,0x3227,0x21c5,0x29e6,0x3206,0x3227,0x3a47,0x3a47,
  0x4288,0x42c9,0x42c9,0x42a8,0x4ae9,0x4b0a,0x42c9,0x42e9,0x4b0a,0x534b,0x534b,0x4b4b,0x536b,0x538c,0x5bac,0x5bcd,
  0x5bcd,0x5bcc,0x5bcd,0x5bcd,0x5bed,0x5bed,0x5bed,0x5c0d,0x5c2e,0x5c2e,0x5c2e,0x644e,0x646e,0x5c4e,0x646f,0x646f,
  0x646f,0x648f,0x6cb0,0x648f,0x5c4e,0x6cb0,0x6cd0,0x64b0,0x64d0,0x64d0,0x6cd0,0x6cf0,0x6cd0,0x6cd0,0x6cd0,0x6cd0,
  0x6cd0,0x6cd0,0x6cf0,0x6cf0,0x64d0,0x6cd0,0x6cf0,0x6cf1,0x64b0,0x6cd0,0x6cd0,0x6cd0,0x6cd0,0x6cd0,0x6cf0,0x6cd0,
  0x64f0,0x64f0,0x64d0,0x64f0,0x6d11,0x6cf0,0x6cf0,0x64f0,0x64f0,0x6d11,0x6d11,0x6d11,0x6cf0,0x6d11,0x64d0,0x64d0,
  0x648e,0x6cf0,0x7531,0x7530,0x7530,0x6d10,0x6d10,0x7531,0x7531,0x7531,0x7531,0x7531,0x6d51,0x6d51,0x6d51,0x6d31,
  0x6d31,0x7551,0x7552,0x7552,0x7531,0x7531,0x7551,0x7551,0x7531,0x7531,0x7551,0x7552,0x7531,0x6d31,0x7531,0x6d31,
  0x7551,0x7551,0x7531,0x7552,0x7551,0x7551,0x7551,0x7551,0x7531,0x6d31,0x6d31,0x546e,0x6d11,0x7531,0x6d11,0x6d11,
  0x6d31,0x6d31,0x6d11,0x6d11,0x6d11,0x6d11,0x6d11,0x6cf0,0x6d11,0x6d11,0x6d11,0x6d11,0x6cf0,0x6cf0,0x6d11,0x6d11,
  0x6cf0,0x64f0,0x64f0,0x64d0,0x64d0,0x6cf1,0x64f0,0x64d0,0x64d0,0x64d0,0x64d0,0x64d0,0x64d0,0x64d0,0x64d0,0x64f0,
  0x64d0,0x64b0,0x64b0,0x64d0,0x64b0,0x6cf0,0x6cd0,0x6cb0,0x6cb0,0x648f,0x64af,0x5c4e,0x53ed,0x53cc,0x53ed,0x53cc,
  0x53ac,0x4b8b,0x4b4b,0x4b2a,0x4b4b,0x538b,0x536b,0x4b4a,0x4b4b,0x4b4a,0x42e9,0x3287,0x3288,0x430a,0x42e9,0x4b4b,
  0x5bac,0x5bcd,0x538c,0x4b4b,0x3aa8,0x3a88,0x3a68,0x3227,0x3a27,0x3a47,0x3a47,0x3a47,0x3a47,0x3a47,0x3a47,0x3a47,
  0x3a47,0x3a47,0x3a26,0x3a27,0x3a47,0x3a27,0x3a47,0x3a27,0x3a27,0x3a47,0x3a47,0x3a46,0x3a26,0x3a26,0x3a26,0x3206,
  0x3a06,0x3a07,0x3206,0x3206,0x3a06,0x31e6,0x31e6,0x3206,0x31e6,0x31e6,0x31e5,0x31e5,0x31e5,0x3206,0x3206,0x31e5,
  0x29a5,0x2164,0x1923,0x1103,0x2144,0x29a5,0x29a5,0x3207,0x4288,0x2a06,0x21c5,0x3206,0x3227,0x3226,0x3247,0x3a47,
  0x4288,0x42c9,0x42a9,0x42c9,0x4ae9,0x42e9,0x42c9,0x430a,0x4b2a,0x4b2a,0x4b2a,0x4b2a,0x536b,0x536b,0x536b,0x5bac,
  0x5bcc,0x5bcc,0x53cc,0x5bed,0x5bcd,0x5bed,0x5c0d,0x5c0e,0x5c2e,0x5c0d,0x5c4e,0x5c4e,0x5c2e,0x5c4e,0x646f,0x646f,
  0x646f,0x64af,0x6cb0,0x648f,0x5c4e,0x6cd0,0x6cf0,0x64b0,0x64d0,0x6cf0,0x6cd0,0x6cf0,0x64d0,0x6cd0,0x6cd0,0x6cd0,
  0x64d0,0x6cd0,0x64d0,0x64d0,0x64d0,0x6cd0,0x6cf1,0x6cf0,0x64d0,0x6cd0,0x6cf0,0x6cf0,0x6cd0,0x6cf0,0x6cf1,0x6cd0,
  0x6cf1,0x6cf0,0x64d0,0x64d0,0x64f0,0x64f0,0x64f0,0x6d11,0x6d11,0x6d11,0x6cf1,0x6d11,0x64f0,0x64f0,0x64d0,0x64f0,
  0x646e,0x64af,0x6cf0,0x6cf0,0x6d10,0x6d30,0x6d10,0x6d10,0x7531,0x7531,0x6d31,0x6d11,0x6d31,0x6d31,0x6d31,0x6d31,
  0x6d31,0x6d31,0x6d31,0x7531,0x6d31,0x7531,0x7552,0x7551,0x7551,0x7551,0x7552,0x7d72,0x7552,0x7552,0x7531,0x7552,
  0x7531,0x7552,0x7551,0x7551,0x7572,0x7531,0x6d31,0x7552,0x7552,0x7551,0x6d31,0x5c8f,0x6d10,0x6d11,0x7531,0x6d11,
  0x6d11,0x6d31,0x6d11,0x6d11,0x6d11,0x6d31,0x6d11,0x6d11,0x6d11,0x6d11,0x6d11,0x6d11,0x6cf0,0x6cf0,0x6d11,0x6d10,
  0x6cf0,0x64f0,0x6cf0,0x64f0,0x64f0,0x6cf1,0x64d0,0x64af,0x64af,0x64af,0x64d0,0x64d0,0x64af,0x64d0,0x64d0,0x64d0,
  0x64b0,0x64b0,0x64b0,0x64b0,0x64af,0x64b0,0x64b0,0x6cb0,0x6cd0,0x648f,0x5c2e,0x53ed,0x53ed,0x53ed,0x53ed,0x53cc,
  0x538c,0x4b6b,0x4b4a,0x432a,0x4b4a,0x536b,0x4b6b,0x432a,0x4b2a,0x4b2a,0x3ae9,0x3267,0x3287,0x430a,0x430a,0x4b4b,
  0x538c,0x5bcc,0x538b,0x536b,0x42e9,0x3aa8,0x3247,0x3a27,0x3a27,0x3a07,0x3a27,0x3a47,0x3a47,0x4268,0x4268,0x4288,
  0x3a47,0x3a47,0x3a47,0x3a47,0x3a47,0x3a48,0x3a47,0x4288,0x4268,0x3a27,0x3a27,0x3a27,0x3a26,0x3a27,0x3a06,0x31e6,
  0x31e6,0x3206,0x3a06,0x3206,0x31e6,0x3206,0x31e6,0x31e6,0x31c5,0x29a5,0x31e6,0x31e6,0x31e6,0x31e6,0x31e6,0x31c5,
  0x29a5,0x2144,0x1903,0x1903,0x2164,0x29c5,0x29a5,0x3a27,0x4289,0x29e6,0x21a5,0x3227,0x3227,0x3226,0x3a47,0x3a47,
  0x42a9,0x42c9,0x42e9,0x4b0a,0x4b0a,0x3aa8,0x3a88,0x42e9,0x4b2a,0x4b2a,0x536b,0x4b4b,0x4b4b,0x4b4b,0x536b,0x5bad,
  0x53ac,0x53ac,0x5bcd,0x5bcd,0x5bcd,0x5bed,0x5c0d,0x5c0e,0x5c0d,0x5c0d,0x5c0d,0x5c4e,0x5c4e,0x646f,0x648f,0x644e,
  0x648f,0x6cb0,0x6cb0,0x648f,0x5c6f,0x6cd0,0x6cf0,0x64b0,0x64d0,0x6cf0,0x6cf0,0x6cf0,0x6cf0,0x6cf0,0x6cd0,0x6cd0,
  0x6cf0,0x6cf0,0x64d0,0x6cf0,0x64f0,0x6cf0,0x6cf1,0x64b0,0x64d0,0x64d0,0x6cd0,0x6cf0,0x6cf0,0x6cf0,0x6cf1,0x6cf1,
  0x6cf0,0x64f0,0x64f0,0x64f0,0x6cf0,0x64f0,0x64f0,0x6d11,0x6d11,0x6cf0,0x6d11,0x6d11,0x6cf0,0x64f0,0x64f0,0x64f0,
  0x646e,0x6ccf,0x6d10,0x64f0,0x6cf0,0x6d10,0x6d30,0x6d31,0x7531,0x6d31,0x6d31,0x6d31,0x6d31,0x6d31,0x6d51,0x6d31,
  0x6d51,0x6d31,0x7531,0x7552,0x7551,0x7531,0x7531,0x7531,0x7531,0x7551,0x7571,0x7552,0x7551,0x7531,0x7531,0x7552,
  0x7531,0x7551,0x7551,0x6d31,0x7531,0x6d31,0x6d31,0x6d31,0x6d31,0x7532,0x6d31,0x5c6e,0x6cf0,0x6d11,0x6d31,0x6d11,
  0x7531,0x6d11,0x6d31,0x6cf0,0x6d31,0x6d11,0x6cf0,0x6cf0,0x6d11,0x6cf0,0x6cf0,0x6d11,0x6cf0,0x6cf0,0x64f0,0x64f0,
  0x64f0,0x64f0,0x64f0,0x64d0,0x64d0,0x6cf0,0x64d0,0x64d0,0x64d0,0x64d0,0x64d0,0x64d0,0x64d0,0x64d0,0x5caf,0x5c8f,
  0x64d0,0x64af,0x64d0,0x64b0,0x648f,0x64b0,0x64b0,0x64af,0x646f,0x540d,0x540d,0x5c0d,0x53ed,0x5c0d,0x5c0d,0x53cc,
  0x53ac,0x538b,0x432a,0x4309,0x432a,0x4b4b,0x4b6b,0x4b4a,0x4b2a,0x4b4b,0x3ae9,0x2a67,0x3288,0x42e9,0x3ac9,0x4b4a,
  0x538b,0x538c,0x538b,0x4b4b,0x430a,0x3ac8,0x3a87,0x3226,0x3206,0x3a27,0x3a27,0x3a47,0x4268,0x4268,0x4268,0x4268,
  0x3a47,0x3a47,0x3a47,0x3a47,0x3a47,0x3a47,0x4268,0x3a47,0x3a47,0x3a47,0x3a27,0x3a27,0x3a27,0x3a27,0x3a27,0x3a27,
  0x3a26,0x3206,0x3205,0x31e5,0x3206,0x31e5,0x31e5,0x31e5,0x31a5,0x31a5,0x31c6,0x31e6,0x31c5,0x31e6,0x31c5,0x29a5,
  0x29a5,0x1923,0x1903,0x2144,0x2164,0x2185,0x29c6,0x3207,0x3a68,0x29e6,0x29c5,0x3227,0x3206,0x3207,0x3247,0x3a68,
  0x42c9,0x42c9,0x42e9,0x4b2a,0x4b0a,0x3a88,0x3a88,0x3aa9,0x42e9,0x4b0a,0x4b4b,0x534b,0x536b,0x536b,0x536c,0x5bac,
  0x53ac,0x538c,0x53cc,0x5bcd,0x53cc,0x5bed,0x5bed,0x5bed,0x53ed,0x53ed,0x5c2e,0x5c4e,0x5c2e,0x5c2e,0x5c4e,0x646f,
  0x648f,0x648f,0x6cd0,0x648f,0x5c4e,0x6cd0,0x6cd0,0x6cd0,0x64d0,0x64d0,0x6cd0,0x6cd0,0x6cd0,0x6cf0,0x64b0,0x6cf0,
  0x6cf0,0x64f0,0x64d0,0x64f0,0x64f0,0x64d0,0x6cf0,0x64d0,0x64d0,0x6cf0,0x6cd0,0x64d0,0x6cf0,0x6cd0,0x6d11,0x6d11,
  0x6cf0,0x6cf0,0x64f0,0x6cf0,0x6d11,0x6d11,0x6d31,0x6d10,0x6cf0,0x6d11,0x6d11,0x64f0,0x6cf0,0x6cf0,0x64f0,0x64f0,
  0x646e,0x6cd0,0x7531,0x6d10,0x6d10,0x6d10,0x7531,0x6d31,0x7531,0x6d11,0x6d31,0x6d31,0x6d31,0x6d31,0x6d31,0x6d31,
  0x6d51,0x6d31,0x7551,0x7552,0x7552,0x7551,0x7531,0x7552,0x7551,0x7531,0x7551,0x7551,0x7551,0x7532,0x6d31,0x7552,
  0x7551,0x7551,0x6d31,0x6d11,0x6d11,0x6cf0,0x6cf0,0x6d11,0x6d11,0x6d11,0x64f0,0x43cc,0x64d0,0x6d31,0x6d31,0x7531,
  0x7531,0x6d31,0x6d31,0x6d11,0x6d11,0x64f0,0x6cf0,0x64f0,0x64f0,0x64d0,0x64f0,0x6cf0,0x6cf0,0x6cf0,0x6d11,0x6d11,
  0x6cf0,0x64f0,0x64f0,0x64d0,0x64d0,0x64d0,0x64d0,0x64d0,0x64d0,0x64d0,0x64d0,0x64d0,0x64d0,0x64d0,0x64d0,0x5caf,
  0x64d0,0x64d0,0x6cd0,0x64b0,0x6cb0,0x6cd0,0x648f,0x5c4e,0x5c4e,0x5c2e,0x540d,0x540d,0x5c2e,0x644f,0x5c2e,0x53ec,
  0x53ac,0x4b4b,0x430a,0x4309,0x432a,0x4b6b,0x4b6b,0x4b6b,0x432a,0x432a,0x3ae9,0x2a67,0x3aa8,0x3ac8,0x3ac8,0x4b4a,
  0x4b6b,0x538b,0x536b,0x4b4b,0x42e9,0x42c9,0x3a88,0x3247,0x3227,0x3a27,0x3a27,0x3a47,0x3a47,0x4268,0x3a47,0x3a67,
  0x3a47,0x3a47,0x3a47,0x3a47,0x4268,0x3a47,0x3a47,0x3a47,0x3a27,0x3a07,0x3a27,0x3206,0x31e6,0x3a07,0x3a06,0x3a26,
  0x3a06,0x3206,0x3a06,0x3206,0x31e5,0x31e5,0x31e5,0x31e5,0x31c5,0x31c5,0x31c5,0x31e6,0x31c5,0x31c5,0x29a5,0x29a5,
  0x2164,0x1903,0x1923,0x2144,0x29a5,0x29c6,0x29a5,0x3a27,0x4288,0x29e6,0x29e6,0x29e6,0x29e6,0x3206,0x3247,0x3247,
  0x3a88,0x42c9,0x42e9,0x4b0a,0x42c9,0x3a88,0x3a68,0x3aa9,0x42ea,0x4b2a,0x4b4b,0x536b,0x536b,0x536b,0x538c,0x5bac,
  0x538c,0x538c,0x53ac,0x53ac,0x5bcd,0x5bcd,0x5bed,0x5bed,0x5bed,0x53ed,0x5c0d,0x5c2e,0x5c2e,0x5c2e,0x5c2e,0x646f,
  0x646f,0x648f,0x6cb0,0x648f,0x5c6e,0x6cd0,0x6cd0,0x64b0,0x6cd0,0x6cd0,0x64b0,0x64d0,0x6cd0,0x6cd0,0x64d0,0x6cf1,
  0x6cf1,0x6cf0,0x64d0,0x64d0,0x64d0,0x64f0,0x6d11,0x6cf0,0x6d11,0x6cf0,0x64f0,0x6cf0,0x6cf0,0x6cd0,0x6cf1,0x6cf0,
  0x6d11,0x6cf0,0x64f0,0x6cf0,0x6d11,0x6d11,0x6d11,0x6d11,0x6d11,0x6d11,0x64f0,0x64f0,0x6d11,0x6cf0,0x6d11,0x6d11,
  0x644e,0x6caf,0x7510,0x6cf0,0x6d10,0x6d10,0x7551,0x7551,0x7552,0x7552,0x6d31,0x6d31,0x6d11,0x6d31,0x6d31,0x6d31,
  0x6d31,0x6d31,0x7531,0x7551,0x7552,0x7552,0x6d31,0x7551,0x7552,0x7551,0x7531,0x7531,0x7531,0x7552,0x6d31,0x7531,
  0x7551,0x7531,0x6d31,0x6d31,0x6d10,0x6d11,0x6d11,0x6d11,0x6d11,0x6cf0,0x6cf1,0x4bec,0x64d0,0x7552,0x7531,0x7531,
  0x6d31,0x6d31,0x6d11,0x6d31,0x6d11,0x6d11,0x6cf0,0x64f0,0x6cf0,0x6cf0,0x6cf0,0x6d11,0x6cf1,0x6cf0,0x6d11,0x6cf0,
  0x6cf0,0x64f0,0x64f0,0x64f0,0x6cf0,0x64f0,0x6cd0,0x64b0,0x64b0,0x64d0,0x64d0,0x64d0,0x64d0,0x64d0,0x64d0,0x64af,
  0x64af,0x64d0,0x6cd0,0x6cd0,0x6cd0,0x6cb0,0x646f,0x5c4e,0x646e,0x5c2d,0x540c,0x644e,0x646f,0x646f,0x5c0e,0x53ec,
  0x538b,0x4b4b,0x432a,0x3ae9,0x432a,0x4b6b,0x4b6b,0x538b,0x4b6b,0x4b4a,0x3ae9,0x2a47,0x32a8,0x3ae8,0x3ae9,0x4b4a,
  0x536b,0x4b6b,0x4b4b,0x4b4b,0x430a,0x42c9,0x42a8,0x3227,0x29e6,0x3227,0x3a47,0x3a47,0x4267,0x4267,0x4268,0x3a67,
  0x4268,0x4268,0x3a47,0x3a47,0x3a47,0x4247,0x4267,0x3a27,0x3a27,0x3a27,0x3a07,0x3a06,0x3206,0x3a27,0x3a27,0x3a26,
  0x3206,0x3a06,0x3206,0x31e5,0x31e5,0x31e5,0x31e5,0x31c5,0x31e6,0x31c6,0x31e6,0x31e6,0x31e6,0x31c5,0x29a5,0x31c5,
  0x2164,0x1903,0x2144,0x2185,0x2985,0x31c6,0x29a5,0x3a48,0x3a68,0x29e6,0x29e6,0x2a06,0x29e6,0x3227,0x3247,0x3247,
  0x3a88,0x42a8,0x42e9,0x4b0a,0x42e9,0x3a88,0x3267,0x3aa8,0x42e9,0x430a,0x4b2b,0x534b,0x4b4b,0x536b,0x536b,0x538c,
  0x538c,0x536c,0x538c,0x53ac,0x5bac,0x5bcc,0x53ac,0x5bed,0x5bed,0x53cd,0x5c0d,0x5bed,0x5c2e,0x5c2e,0x5c2e,0x646f,
  0x646f,0x646f,0x6490,0x646f,0x5c4e,0x6cd0,0x64b0,0x64af,0x64b0,0x6cd0,0x6cd0,0x64b0,0x6cf0,0x6cd0,0x6cf0,0x6cf0,
  0x6cd0,0x6cf1,0x6cf0,0x64d0,0x64d0,0x6cf0,0x6cf0,0x6cf0,0x6cf0,0x6cf0,0x6cf0,0x6cf0,0x6cf0,0x6cf0,0x7531,0x6d11,
  0x6d11,0x6d11,0x6d11,0x6cf0,0x6d11,0x6d11,0x6d11,0x6d11,0x6d11,0x6d11,0x64d0,0x64f0,0x6cf0,0x6d11,0x6d11,0x6cf1,
  0x646e,0x64af,0x648e,0x64af,0x6d10,0x6d10,0x6d10,0x6d30,0x7531,0x7531,0x7531,0x7531,0x6d31,0x7552,0x7552,0x7552,
  0x6d31,0x6d31,0x6d31,0x7552,0x7552,0x7531,0x7552,0x7572,0x7552,0x7531,0x7531,0x7531,0x7552,0x7531,0x7531,0x7531,
  0x6d11,0x7531,0x7531,0x6d31,0x6d11,0x6d31,0x6d31,0x6d31,0x6cf0,0x64d0,0x64d0,0x540d,0x64b0,0x7552,0x6d31,0x6d31,
  0x6d11,0x6d31,0x6d11,0x6d31,0x6d11,0x6d11,0x6d11,0x6d11,0x6d11,0x6cf0,0x6d11,0x6d11,0x6cf1,0x6cf0,0x6d11,0x6cf0,
  0x64f0,0x64f0,0x64f0,0x64f0,0x6cf0,0x6cf0,0x6cd0,0x6cd0,0x64b0,0x64d0,0x64b0,0x64d0,0x64d0,0x64b0,0x64af,0x64d0,
  0x64af,0x64b0,0x64d0,0x6cb0,0x6cb0,0x648f,0x646f,0x540d,0x540d,0x646e,0x648f,0x6cb0,0x6c8f,0x644e,0x5c0d,0x53ac,
  0x4b8b,0x4b4a,0x4b4a,0x430a,0x4b4b,0x4b6b,0x4b4b,0x4b6b,0x53ac,0x4b6b,0x430a,0x3aa8,0x3ac8,0x42e9,0x3ae9,0x4b4a,
  0x536b,0x4b6b,0x4b4b,0x4b4b,0x430a,0x3aa9,0x42a9,0x3227,0x29e6,0x3227,0x3a47,0x3a27,0x3a47,0x3a47,0x4268,0x4268,
  0x3a47,0x4268,0x4268,0x4268,0x3a47,0x4247,0x4247,0x3a47,0x3a27,0x3a47,0x3a27,0x3a27,0x3a27,0x3a27,0x3206,0x31e6,
  0x3206,0x3206,0x3205,0x31e5,0x31e5,0x3a06,0x31c6,0x31e6,0x31c5,0x31c5,0x31e6,0x31c5,0x31c5,0x29a5,0x29a5,0x29a4,
  0x2164,0x1944,0x2164,0x2985,0x2985,0x29c6,0x29c6,0x3a48,0x3227,0x29c5,0x29e6,0x3206,0x2a06,0x3227,0x3227,0x3247,
  0x3a88,0x3aa8,0x42e9,0x4b0a,0x4b0a,0x3aa8,0x3247,0x3a88,0x42c9,0x430a,0x4b4b,0x4b4b,0x4b2a,0x4b4b,0x538c,0x5bac,
  0x5bac,0x536c,0x538c,0x53ac,0x53ac,0x5bcd,0x53cc,0x5bcd,0x5bed,0x53cd,0x53cd,0x5bed,0x5c2e,0x5c2e,0x5c2e,0x644f,
  0x646f,0x646f,0x6490,0x5c4f,0x648f,0x6cd0,0x6cd0,0x64b0,0x64b0,0x6cf0,0x6cd0,0x6cd0,0x6cd0,0x6cd0,0x6cd0,0x6cf1,
  0x6cd0,0x6cd0,0x6d11,0x64d0,0x6cf0,0x6cf0,0x64d0,0x64f0,0x6d10,0x64f0,0x6d11,0x6d11,0x6cf0,0x6cf0,0x7511,0x6d11,
  0x6cf1,0x6d11,0x6d11,0x6d11,0x6d11,0x6d11,0x6d11,0x6d11,0x64d0,0x64d0,0x64f0,0x64f0,0x6cf0,0x6d11,0x6d11,0x6cf0,
  0x648f,0x6c8f,0x646e,0x648e,0x7530,0x6d10,0x6d30,0x7551,0x6d31,0x7531,0x7531,0x6d31,0x6d31,0x7532,0x7552,0x7552,
  0x7552,0x7552,0x7531,0x7552,0x7531,0x7531,0x7551,0x7552,0x7572,0x7552,0x7552,0x7552,0x7531,0x6d11,0x6d11,0x6d11,
  0x6d31,0x6d11,0x6d11,0x6d11,0x6d11,0x6d31,0x6d31,0x6d11,0x64d0,0x5c8f,0x5c8f,0x540d,0x5c8f,0x7552,0x6d11,0x6d11,
  0x6cf0,0x6d11,0x6d11,0x6d11,0x6cf0,0x6d11,0x6d11,0x6d11,0x6d11,0x6cf0,0x6d10,0x64f0,0x6cf1,0x6d11,0x6d10,0x6cf0,
  0x6d11,0x6cf0,0x64f0,0x64f0,0x6cf0,0x6cf0,0x64d0,0x6cd0,0x6cd0,0x6cd0,0x64d0,0x64d0,0x64d0,0x64d0,0x64af,0x64b0,
  0x648f,0x6cd0,0x74f1,0x6cf1,0x648f,0x646f,0x6cb0,0x648f,0x64b0,0x7511,0x74f1,0x6cd0,0x648f,0x53ed,0x53ac,0x53ac,
  0x4b6b,0x4b6b,0x4309,0x3ae9,0x4b4a,0x536b,0x4b4a,0x4b4a,0x538c,0x538b,0x4b6b,0x3ae9,0x3ac9,0x42e9,0x3ac9,0x432a,
  0x4b6b,0x536b,0x4b6b,0x432a,0x42ea,0x3a88,0x3a68,0x3a47,0x3206,0x3227,0x3a47,0x3a27,0x3a27,0x3a27,0x3a47,0x4268,
  0x3a47,0x4268,0x4268,0x4267,0x3a47,0x4247,0x3a47,0x3a47,0x3a26,0x3a27,0x3a47,0x3a47,0x3a26,0x3a26,0x3a27,0x3206,
  0x3205,0x31e5,0x3205,0x3a06,0x31e5,0x3a06,0x31c5,0x31c6,0x31c5,0x31c5,0x31c5,0x31c5,0x31c5,0x29a5,0x2984,0x2184,
  0x2164,0x2164,0x2985,0x2184,0x29a5,0x29a5,0x31e6,0x3a68,0x3206,0x29c5,0x29c6,0x3227,0x2a06,0x3227,0x3247,0x3a47,
  0x3a88,0x42c9,0x42e9,0x4b2a,0x4b2a,0x42c9,0x3a88,0x3aa9,0x42c9,0x42c9,0x4b0a,0x4b2a,0x4b2a,0x4b4b,0x538c,0x5bac,
  0x538c,0x536b,0x536b,0x536c,0x538c,0x5bcd,0x5bcc,0x53cc,0x53ac,0x53cc,0x5bed,0x5bed,0x5c0d,0x5c2e,0x642e,0x644f,
  0x646f,0x646f,0x6c90,0x646f,0x646f,0x6cf0,0x6cf1,0x64b0,0x64b0,0x6cd0,0x64b0,0x6cf0,0x64d0,0x6cd0,0x6cd0,0x6cf0,
  0x64d0,0x64d0,0x6d11,0x64d0,0x6cf0,0x6cf0,0x64d0,0x6cf0,0x6d11,0x6d11,0x6d11,0x6d11,0x64d0,0x6cf0,0x6cf1,0x6cf0,
  0x6d11,0x6d11,0x6d11,0x6d11,0x6d11,0x6d11,0x6d11,0x6d11,0x6d11,0x64f0,0x64f0,0x64f0,0x6cf0,0x6cf0,0x6cf1,0x64d0,
  0x648e,0x648e,0x648e,0x64af,0x6d10,0x6d10,0x6d10,0x7531,0x6d10,0x6d10,0x6d31,0x6d31,0x6d31,0x7531,0x7531,0x7531,
  0x7572,0x7552,0x7552,0x7552,0x7552,0x7552,0x7572,0x7572,0x7572,0x7d92,0x7552,0x7552,0x7531,0x6d11,0x6d11,0x6d31,
  0x6d31,0x6d31,0x6cf0,0x6d11,0x6d11,0x6d11,0x7531,0x6d11,0x6d11,0x64d0,0x5c6f,0x542e,0x64af,0x7531,0x6d11,0x6d11,
  0x6d11,0x6cf0,0x6d11,0x6d11,0x6cf0,0x6d11,0x6d11,0x6d11,0x6d11,0x6cf0,0x6510,0x6d11,0x6d11,0x6d11,0x6d11,0x6d11,
  0x6d11,0x6cf0,0x6cf0,0x6cf0,0x64d0,0x6cf0,0x64d0,0x64d0,0x6cd0,0x6cd0,0x64d0,0x64d0,0x64d0,0x6cd0,0x64b0,0x64af,
  0x64d0,0x6cf1,0x6cd0,0x64b0,0x64b0,0x6cd0,0x7511,0x7511,0x6cf1,0x7511,0x7531,0x74f1,0x646f,0x4bcc,0x434a,0x4b8b,
  0x432a,0x432a,0x430a,0x4309,0x4b2a,0x536b,0x4b4b,0x4b4a,0x538c,0x5bcd,0x538b,0x42e9,0x42e9,0x430a,0x3ac9,0x4b2a,
  0x536b,0x536b,0x4b4b,0x4b2a,0x42ea,0x3aa9,0x3268,0x3a47,0x3a47,0x3227,0x3a47,0x3a47,0x3a27,0x3a27,0x3a47,0x4268,
  0x3a47,0x3a48,0x4268,0x3a47,0x4247,0x4247,0x3a47,0x3a26,0x3a27,0x3a27,0x3a27,0x3a27,0x3a26,0x3a26,0x3a26,0x3a26,
  0x3206,0x31e5,0x31e5,0x31e5,0x3205,0x31e5,0x31c5,0x31c6,0x31c5,0x31c5,0x31a6,0x31c6,0x31c5,0x31c5,0x29a5,0x2164,
  0x2164,0x2185,0x2985,0x2185,0x2185,0x2185,0x31e6,0x3a47,0x3227,0x29e6,0x21a5,0x2a06,0x2a06,0x3206,0x3227,0x3a47,
  0x3a67,0x42c9,0x42e9,0x4b2a,0x4b2a,0x42c9,0x3247,0x3aa9,0x42e9,0x42ea,0x4b2a,0x4b0a,0x4b0a,0x4b0a,0x4b4b,0x5bac,
  0x5b6c,0x4b2a,0x4b0a,0x430a,0x4b4b,0x63cd,0x5bac,0x53ac,0x53ac,0x5bcd,0x53ac,0x5bed,0x640d,0x5bed,0x5c0d,0x642e,
  0x644e,0x644f,0x646f,0x646f,0x648f,0x64b0,0x6cd0,0x6cd0,0x6cd0,0x64b0,0x6cd0,0x6cf0,0x6cf0,0x6cd0,0x64b0,0x64d0,
  0x6cf0,0x64d0,0x6cf1,0x6d11,0x6d11,0x6d11,0x64d0,0x6cf0,0x6cf0,0x64f0,0x6cf0,0x6d11,0x6cf0,0x6d11,0x6cf0,0x6cf1,
  0x6d31,0x6d11,0x6d11,0x6d11,0x6cf0,0x6d11,0x6d11,0x6d11,0x6cf0,0x64f0,0x64f0,0x6d11,0x6d11,0x6cf0,0x64d0,0x6cf0,
  0x646e,0x646e,0x648e,0x64af,0x64af,0x6cef,0x6d30,0x6d10,0x6d11,0x6d11,0x6d31,0x6d31,0x6d11,0x6d31,0x7531,0x7552,
  0x7552,0x7552,0x7552,0x7572,0x7552,0x7531,0x7552,0x7d72,0x7572,0x7572,0x7d72,0x7572,0x7552,0x7552,0x7552,0x6d31,
  0x6d11,0x6d11,0x6d31,0x7531,0x6d31,0x6d31,0x6d31,0x6d10,0x7531,0x6cf0,0x6cd0,0x5c4e,0x5c6f,0x7511,0x6d11,0x6d11,
  0x6d11,0x6d11,0x64f0,0x6d11,0x6d11,0x6d10,0x6510,0x6d11,0x64f0,0x6d11,0x6d11,0x64f0,0x6cf1,0x6d11,0x6d11,0x6cf1,
  0x6cf0,0x6cf0,0x6cf0,0x6cf0,0x6cf0,0x64f0,0x64cf,0x64cf,0x64d0,0x6cf0,0x64cf,0x64cf,0x6cf0,0x64d0,0x6cd0,0x64af,
  0x6cd0,0x6cf0,0x6cf0,0x6d11,0x7511,0x7512,0x7532,0x7532,0x7552,0x7552,0x7532,0x7511,0x646f,0x4bac,0x434b,0x4b4b,
  0x432a,0x430a,0x432a,0x42e9,0x4b4b,0x538c,0x4b4b,0x4b4b,0x536b,0x5bac,0x538c,0x4b2a,0x430a,0x4b0a,0x430a,0x4b4b,
  0x536b,0x4b4b,0x4b4b,0x432a,0x42ea,0x42a9,0x3247,0x3247,0x3a67,0x3a47,0x3a27,0x3a47,0x3a26,0x3a47,0x3a47,0x3a47,
  0x3a47,0x3a47,0x3a47,0x3a47,0x4267,0x4247,0x3a26,0x3a26,0x3a47,0x3a27,0x3a06,0x3a06,0x3a47,0x3a06,0x3205,0x3226,
  0x3206,0x3206,0x3a06,0x39e5,0x39e5,0x31e5,0x31c5,0x29a5,0x31c5,0x29a5,0x31c6,0x31c6,0x29a5,0x29a5,0x2984,0x2164,
  0x2184,0x2985,0x2185,0x2185,0x29a5,0x2185,0x29c6,0x3207,0x3227,0x29e6,0x29e6,0x3227,0x3206,0x3206,0x3227,0x3a68,
  0x3a68,0x3aa8,0x42e9,0x4b0a,0x4b2b,0x42ea,0x3a88,0x3a88,0x42e9,0x4b0a,0x42ea,0x4b0a,0x4b0a,0x4b0a,0x534b,0x4b2a,
  0x532a,0x4b2a,0x4b0a,0x42e9,0x4b2a,0x5bac,0x5bac,0x538b,0x538c,0x5bcd,0x5bcc,0x5bcd,0x5bed,0x640e,0x642e,0x5c0e,
  0x644e,0x646f,0x648f,0x646f,0x5c6e,0x64b0,0x6cd0,0x6cd0,0x6cd0,0x6cb0,0x6cd0,0x6cd0,0x6cd0,0x64d0,0x64d0,0x6cf0,
  0x6cf1,0x6cf0,0x64d0,0x6d11,0x6d11,0x6d11,0x6d11,0x6cf0,0x6cf0,0x6cf0,0x6cf0,0x6d11,0x6cf0,0x6d11,0x7531,0x6d11,
  0x6d11,0x6d31,0x6d11,0x6d10,0x6d10,0x6d31,0x6d11,0x6d11,0x6cf1,0x6cf1,0x6cf0,0x6d11,0x6d11,0x64f0,0x64f0,0x6cf0,
  0x6caf,0x6c8e,0x646e,0x6caf,0x6ccf,0x6cf0,0x7530,0x6d10,0x6d31,0x6d11,0x6d11,0x6d11,0x6d31,0x6d31,0x6d31,0x7551,
  0x7552,0x7552,0x7552,0x7572,0x7552,0x7552,0x7552,0x7d72,0x7552,0x7552,0x7552,0x7552,0x7531,0x7551,0x7572,0x6d31,
  0x6d31,0x6cf0,0x6d31,0x7531,0x6d11,0x6d31,0x6d11,0x7531,0x6d11,0x6cf0,0x6cd0,0x5c4e,0x5c2e,0x6cd0,0x7511,0x6cf1,
  0x64f0,0x64f0,0x6cf0,0x6d11,0x6d11,0x6d10,0x6d11,0x6511,0x6511,0x6d11,0x6d11,0x6d11,0x64f0,0x64f0,0x64d0,0x64d0,
  0x64f0,0x6cf0,0x64f0,0x64f0,0x64d0,0x64d0,0x64d0,0x64d0,0x64d0,0x64f0,0x64cf,0x64f0,0x64d0,0x64af,0x64d0,0x64d0,
  0x6d11,0x6d11,0x7d93,0x8df4,0x7d72,0x7532,0x7552,0x7552,0x7d73,0x7552,0x7532,0x7d32,0x648f,0x53cc,0x434b,0x432a,
  0x4b4b,0x4b6b,0x4b6b,0x430a,0x538c,0x53ac,0x432a,0x432a,0x4b4b,0x538c,0x53ac,0x4b6b,0x4b4b,0x4b4b,0x4b4b,0x4b4b,
  0x4b6b,0x4b4b,0x430a,0x432a,0x42ea,0x42c9,0x3247,0x2a26,0x3226,0x3a27,0x3a27,0x3a27,0x3a06,0x3a47,0x3a47,0x3a26,
  0x3a47,0x3a47,0x3a47,0x3a47,0x3a47,0x3a26,0x3a26,0x3a26,0x3a27,0x3a27,0x3a27,0x3a26,0x3a26,0x3a26,0x3206,0x3226,
  0x3226,0x3206,0x31e5,0x39e5,0x31e5,0x31e5,0x31c5,0x31c5,0x31c5,0x31c5,0x31e6,0x31c5,0x29a5,0x2984,0x2164,0x29a5,
  0x29a5,0x2985,0x2164,0x2184,0x2185,0x2185,0x29a5,0x31e6,0x3227,0x3206,0x29e6,0x2a06,0x3227,0x3227,0x3a47,0x4288,
  0x3a88,0x3a88,0x42c9,0x4b0a,0x4b2a,0x4b0a,0x42c9,0x3aa8,0x42c8,0x42e9,0x4b0a,0x4aea,0x4b0a,0x4b0a,0x4b2a,0x4b0a,
  0x4b2a,0x536b,0x534b,0x4b0a,0x4b2a,0x5bac,0x5bcd,0x5bac,0x538c,0x53ac,0x53ac,0x53ac,0x5bed,0x640e,0x642e,0x642e,
  0x644e,0x646f,0x648f,0x5c4e,0x648f,0x6cb0,0x6cd0,0x6cd0,0x6cd0,0x6cd0,0x6cd0,0x6cd0,0x6cf0,0x6cf0,0x6cf0,0x6d31,
  0x6d11,0x6cf0,0x64f0,0x6cf0,0x6d11,0x6d11,0x6d11,0x6cf0,0x6cf0,0x6cf0,0x6d11,0x6cf0,0x6d11,0x6d11,0x6d31,0x6d11,
  0x6d31,0x6d11,0x6d11,0x6d11,0x6d11,0x6d11,0x6d11,0x6d11,0x6d31,0x6d11,0x6d10,0x6d11,0x6d31,0x6d31,0x64f0,0x6d10,
  0x644e,0x646e,0x5c6d,0x6caf,0x6ccf,0x6cef,0x6cf0,0x6d10,0x6d11,0x6d11,0x6d11,0x6d31,0x7551,0x6d31,0x6d31,0x7551,
  0x7572,0x7552,0x7552,0x7572,0x7552,0x7552,0x7531,0x7d72,0x7572,0x7552,0x7552,0x7552,0x7531,0x7531,0x7552,0x6d31,
  0x7531,0x6d11,0x6d31,0x7531,0x6d11,0x6d11,0x6d10,0x7531,0x6d10,0x6d10,0x6cf0,0x648f,0x540d,0x74f1,0x7511,0x6d11,
  0x6cf0,0x6d11,0x6d11,0x6cf1,0x6d11,0x6d10,0x6d11,0x6d31,0x6511,0x6d11,0x6d11,0x64d0,0x64d0,0x64f0,0x64d0,0x64b0,
  0x64d0,0x64f0,0x64f0,0x64f0,0x64d0,0x64af,0x64d0,0x64d0,0x6d10,0x64f0,0x64d0,0x5caf,0x64f0,0x7572,0x7db4,0x85b4,
  0x7db3,0x7d93,0x85d4,0x8615,0x7db3,0x7d93,0x7d93,0x7573,0x7d93,0x7552,0x7d73,0x7d52,0x648f,0x53cc,0x4bac,0x4b6b,
  0x436b,0x4b8c,0x53ac,0x4b6b,0x538c,0x4b6b,0x430a,0x432a,0x4b6b,0x538c,0x5bac,0x53ac,0x4b6b,0x4b6b,0x4b4b,0x4b4b,
  0x4b6b,0x4b4b,0x430a,0x42e9,0x42ea,0x42c9,0x3aa8,0x2a06,0x2a06,0x3226,0x3a27,0x3a27,0x3a26,0x3a47,0x3a47,0x3a47,
  0x3a47,0x3a26,0x3a27,0x4247,0x3a47,0x3a26,0x3a26,0x3a26,0x3a27,0x3a26,0x3a27,0x3a26,0x3206,0x3a06,0x3206,0x3205,
  0x3226,0x3205,0x31e5,0x31e5,0x31e5,0x31c5,0x31c5,0x31e5,0x31c5,0x31c5,0x31c5,0x29a5,0x29a5,0x2985,0x29a5,0x29a5,
  0x29a5,0x29a5,0x2164,0x2164,0x2184,0x2185,0x21a5,0x31e6,0x3206,0x3206,0x29e6,0x21c5,0x29e6,0x3247,0x3247,0x3a47,
  0x3a68,0x3a88,0x42a9,0x4b0a,0x4b0a,0x4b0a,0x4aea,0x3a88,0x3aa8,0x42e9,0x4b0a,0x4b2a,0x4b2a,0x4b2a,0x4b0a,0x534b,
  0x534b,0x532a,0x534b,0x4aea,0x4ae9,0x5bac,0x5bac,0x5bac,0x53ac,0x53ac,0x538c,0x538c,0x5bcd,0x63ed,0x642e,0x642e,
  0x5c2e,0x646f,0x648f,0x5c2e,0x648f,0x6cd0,0x6cb0,0x6cd0,0x6cd0,0x6cd0,0x6cf0,0x6cd0,0x6cf0,0x6cf1,0x6d11,0x6d11,
  0x6d11,0x6cf0,0x6d11,0x6d11,0x6cf0,0x6d11,0x6d11,0x6d11,0x6cf0,0x6cf0,0x6d11,0x6cf0,0x6d11,0x6cf0,0x6cf0,0x6cf0,
  0x6d11,0x6d11,0x6d11,0x6d11,0x6d11,0x6d31,0x6d31,0x6d10,0x6d30,0x6d10,0x6510,0x64f0,0x6d30,0x6d10,0x6510,0x6d10,
  0x53ec,0x646e,0x644e,0x648e,0x6ccf,0x6ccf,0x64cf,0x6d10,0x6d11,0x6cf0,0x6d10,0x7531,0x7551,0x7551,0x7531,0x7551,
  0x7552,0x7552,0x7552,0x7d72,0x7552,0x7531,0x7531,0x7552,0x7572,0x7552,0x7552,0x7552,0x7552,0x7531,0x6d31,0x6d31,
  0x6d31,0x6d11,0x6d11,0x6d11,0x6d10,0x6cf0,0x6d10,0x7531,0x6cf0,0x64d0,0x6cd0,0x64b0,0x53ed,0x74f1,0x7511,0x6cf0,
  0x6cf0,0x6d11,0x6d11,0x6cf0,0x6cf0,0x64f0,0x6d31,0x6d11,0x6510,0x64f0,0x64f0,0x64d0,0x64f0,0x64d0,0x64d0,0x64d0,
  0x64f0,0x64d0,0x64f0,0x64d0,0x6cf0,0x64f0,0x6cf0,0x6cd0,0x64d0,0x64d0,0x64f0,0x7d93,0x85f5,0x8615,0x8615,0x85f5,
  0x85f4,0x85f5,0x8615,0x8615,0x7dd4,0x7593,0x7d93,0x7db3,0x7593,0x7d93,0x7d73,0x7552,0x6490,0x4bcc,0x4b8b,0x4bac,
  0x53cd,0x53cd,0x4b6b,0x4b8b,0x4b8b,0x432a,0x432a,0x432a,0x4b4b,0x4b6b,0x538c,0x53ac,0x4b6b,0x4b4b,0x4b6b,0x4b6b,
  0x4b2a,0x4b2a,0x430a,0x3ac9,0x4b2a,0x4b0a,0x4b2a,0x3247,0x21c5,0x3226,0x3a27,0x3a27,0x3a06,0x3a26,0x3a47,0x3a47,
  0x3a47,0x3206,0x3a06,0x3a47,0x3a26,0x3206,0x3a26,0x3a06,0x3206,0x3a26,0x3a26,0x3a06,0x3a06,0x3206,0x3a26,0x3226,
  0x3226,0x3205,0x31e5,0x3a05,0x31e5,0x31e5,0x31e5,0x31c5,0x31a5,0x29a5,0x29a5,0x29a5,0x29a5,0x29a5,0x29c5,0x2984,
  0x2184,0x2185,0x2985,0x2985,0x2985,0x2164,0x2185,0x29e6,0x3227,0x3206,0x29e6,0x29e6,0x29e6,0x3247,0x3227,0x3a47,
  0x3a68,0x3a88,0x42c9,0x4aea,0x42c9,0x4aea,0x4b0a,0x42a9,0x42c9,0x4aea,0x4b0a,0x4b0a,0x4b0a,0x4b2a,0x534a,0x534a,
  0x532b,0x532b,0x5b4b,0x4aea,0x534b,0x5bac,0x5bac,0x5bcd,0x640e,0x640e,0x642e,0x640d,0x5bed,0x5bed,0x5bed,0x640e,
  0x642e,0x644e,0x648f,0x53ed,0x646f,0x74f1,0x74f1,0x6cd0,0x6cb0,0x6cd0,0x6cd0,0x6cf0,0x6cf0,0x6cf0,0x6d11,0x6d11,
  0x6cf0,0x6cf0,0x6d11,0x6d11,0x6cf0,0x6d11,0x6d11,0x6d11,0x6d11,0x6d11,0x6d11,0x6cf1,0x6d11,0x6d11,0x6d11,0x6d11,
  0x6d11,0x6d11,0x6d11,0x7532,0x7531,0x6d11,0x6d11,0x6d10,0x6d10,0x6d10,0x64ef,0x5caf,0x6d30,0x6d10,0x64f0,0x64f0,
  0x4b6a,0x644e,0x6caf,0x6caf,0x6cf0,0x6cd0,0x64cf,0x6d11,0x6d11,0x6d10,0x6d31,0x7531,0x7551,0x7552,0x7531,0x7531,
  0x7552,0x7551,0x7552,0x7572,0x7552,0x6d31,0x6d31,0x7531,0x7552,0x7552,0x7551,0x7551,0x6d31,0x7551,0x7552,0x6d51,
  0x6d11,0x6d31,0x6d11,0x6d11,0x6d11,0x6cf0,0x6cf0,0x6cf0,0x6cd0,0x64af,0x64af,0x6cd0,0x5c4e,0x6cf1,0x6cf1,0x6cf0,
  0x6d11,0x6d31,0x6d11,0x6cf0,0x64f0,0x6d11,0x6d11,0x6d31,0x6511,0x64f0,0x64d0,0x64d0,0x64f0,0x64d0,0x64d0,0x64d0,
  0x64d0,0x64d0,0x6cf0,0x64d0,0x64f0,0x64d0,0x64b0,0x648f,0x5c8f,0x7572,0x8e15,0x9677,0x8e56,0x85f5,0x85f5,0x85f5,
  0x8615,0x8615,0x8635,0x8615,0x7df4,0x7593,0x7db4,0x7db4,0x7db3,0x7db3,0x7db4,0x7d73,0x6490,0x53ed,0x4bac,0x53cd,
  0x5c0d,0x53ed,0x4b8b,0x53ac,0x4b8b,0x430a,0x432a,0x4b2a,0x4b2a,0x432a,0x4b6b,0x53ac,0x53ac,0x4b6b,0x4b4b,0x4b6b,
  0x4b4b,0x430a,0x430a,0x4309,0x4b0a,0x4b2a,0x4b4b,0x4b2a,0x21a4,0x21a5,0x3227,0x3a26,0x3a26,0x3a26,0x3a47,0x3a47,
  0x3a26,0x3a26,0x3a46,0x3a47,0x3a47,0x3a26,0x3a26,0x3a26,0x3a26,0x3a26,0x3206,0x3205,0x3a26,0x3226,0x3206,0x3206,
  0x3a26,0x31e5,0x31e5,0x31e5,0x31e5,0x31e5,0x31e5,0x31c5,0x31c5,0x31a5,0x29a5,0x29a5,0x29a5,0x29a5,0x29a5,0x2184,
  0x2184,0x2985,0x2185,0x2164,0x2164,0x2184,0x2184,0x29c5,0x3206,0x3206,0x29c5,0x29c6,0x3206,0x3227,0x3a47,0x3a68,
  0x3a68,0x3a88,0x4288,0x42c9,0x42a9,0x42c9,0x4b0a,0x4aea,0x4aea,0x42c9,0x4aea,0x4b0a,0x532b,0x532b,0x534b,0x532a,
  0x532b,0x530a,0x530a,0x4b0a,0x5b8c,0x63cd,0x640e,0x6c2e,0x6c4f,0x6c6f,0x7490,0x7490,0x6c4f,0x6c4e,0x642e,0x5c0d,
  0x642e,0x644e,0x6c6f,0x53ed,0x646f,0x74d0,0x6cb0,0x6cd0,0x6cd0,0x6cd0,0x6cd0,0x6cd0,0x6cf0,0x6cd0,0x64d0,0x6cf0,
  0x6d11,0x6d11,0x6d11,0x6d11,0x6d11,0x6cf0,0x7531,0x7531,0x7511,0x7511,0x7511,0x7511,0x7511,0x7511,0x6cf1,0x6d11,
  0x7511,0x6cf1,0x64b0,0x64b0,0x648f,0x64af,0x6cf0,0x64f0,0x64d0,0x6cf0,0x5c8e,0x5caf,0x64cf,0x64cf,0x64cf,0x5caf,
  0x5bec,0x6c8e,0x74d0,0x6caf,0x6cf0,0x6cd0,0x64cf,0x6d11,0x6d10,0x6d10,0x6d10,0x7531,0x7551,0x7531,0x6d11,0x7531,
  0x7552,0x7552,0x7572,0x7552,0x7552,0x6d11,0x6d11,0x6d11,0x6d31,0x7551,0x7531,0x7551,0x7531,0x7551,0x7552,0x6d51,
  0x6d11,0x6d31,0x6d11,0x6d11,0x6d10,0x6cf0,0x6cf0,0x6cf0,0x6cd0,0x6cd0,0x64af,0x648f,0x542d,0x6cd0,0x6cf1,0x6d11,
  0x6d11,0x6d11,0x6d31,0x6cf0,0x6d11,0x6d31,0x6d11,0x6510,0x6511,0x6d11,0x6cf0,0x64f0,0x64f0,0x64f0,0x6cf1,0x64f1,
  0x64d0,0x64f1,0x64d0,0x64d0,0x64f1,0x64d0,0x5cb0,0x64f0,0x7d93,0x9676,0x9697,0x8e56,0x8e56,0x8615,0x85f5,0x8615,
  0x8635,0x8635,0x8636,0x8615,0x8615,0x7dd4,0x7db4,0x75b4,0x75b3,0x7db3,0x85d4,0x7d73,0x64d0,0x540d,0x4bac,0x53cd,
  0x5c2e,0x540d,0x53cd,0x53cc,0x4b6b,0x434b,0x430a,0x42e9,0x430a,0x430a,0x42e9,0x538c,0x53ac,0x4b6b,0x4b6b,0x4b2a,
  0x430a,0x42e9,0x42e9,0x42e9,0x4b0a,0x4b4b,0x4b4b,0x538b,0x4ae9,0x21a5,0x29e6,0x3226,0x3226,0x3a26,0x3a47,0x3a26,
  0x3a26,0x3a26,0x3a26,0x3a26,0x4247,0x4247,0x3a26,0x3206,0x3a06,0x3a26,0x3206,0x3206,0x3a06,0x3226,0x3205,0x3205,
  0x3205,0x3205,0x31e5,0x31e5,0x31e5,0x3a06,0x3206,0x31e6,0x31c5,0x29a5,0x29a5,0x29a5,0x29a5,0x29a5,0x2184,0x2184,
  0x2985,0x29a5,0x2985,0x2164,0x2985,0x2985,0x2184,0x29c5,0x3206,0x3a47,0x31e6,0x3206,0x3206,0x3206,0x3226,0x3a47,
  0x4288,0x3a88,0x42a9,0x42a9,0x42c9,0x4aea,0x42c9,0x4aea,0x532b,0x4aea,0x4aea,0x4b0a,0x532b,0x532b,0x532b,0x4b0a,
  0x530a,0x530a,0x530a,0x4b0a,0x63cd,0x63ed,0x640e,0x6c2e,0x6c4f,0x74b0,0x7cd0,0x7cd0,0x74b0,0x74d0,0x74d0,0x6c8f,
  0x644e,0x642e,0x53ec,0x53cc,0x646e,0x74b0,0x6cb0,0x6cb0,0x6cb0,0x6cd0,0x7511,0x6cd0,0x64af,0x648f,0x64d0,0x6cf0,
  0x64f0,0x64f0,0x64d0,0x64d0,0x64d0,0x64d0,0x64b0,0x540d,0x540d,0x542d,0x5c4e,0x540d,0x5c2e,0x5c6e,0x542e,0x5c2e,
  0x646f,0x64b0,0x5c6f,0x4bcd,0x4bac,0x5c4e,0x6cd0,0x6cd0,0x6cd0,0x6cf0,0x64af,0x64b0,0x64af,0x6cf0,0x6cf0,0x6cd0,
  0x4b6a,0x644e,0x6c8f,0x74f0,0x74f0,0x6cf0,0x6cf0,0x6cf0,0x6cf0,0x6d11,0x6d31,0x6d31,0x7531,0x6d31,0x6d31,0x7531,
  0x7531,0x7552,0x7552,0x7552,0x7531,0x6d31,0x6cf0,0x6d11,0x6d31,0x7531,0x7531,0x7531,0x7531,0x7531,0x7551,0x6d31,
  0x6d31,0x6d31,0x7531,0x6d11,0x6cf0,0x6cd0,0x6cd0,0x6cf0,0x7511,0x6cf0,0x64af,0x53ed,0x438b,0x64af,0x7511,0x7531,
  0x6d11,0x6d31,0x6d11,0x64f0,0x6d11,0x6d11,0x6d11,0x64f0,0x6510,0x6d11,0x6cf1,0x64f0,0x64f0,0x6cf0,0x64d0,0x64d0,
  0x64b0,0x64d0,0x6cf1,0x64d0,0x64b0,0x5cb0,0x6d32,0x8615,0x9677,0x8e76,0x8e56,0x8e77,0x8e97,0x9697,0x8e36,0x8615,
  0x8e56,0x8e36,0x8e36,0x8615,0x8615,0x8615,0x85f5,0x7dd4,0x7db4,0x7db4,0x85d4,0x7d93,0x6cd0,0x542e,0x4bac,0x53ed,
  0x5c0e,0x5c2e,0x5c2e,0x53ed,0x4b8c,0x4b4b,0x432a,0x42e9,0x3ac9,0x42e9,0x3ae9,0x4b6b,0x538c,0x4b4b,0x4b4b,0x4b4b,
  0x4b4b,0x430a,0x430a,0x4b2a,0x4b4b,0x4b6b,0x4b6b,0x4b4b,0x5b8c,0x42a8,0x21a5,0x29e6,0x3226,0x3a27,0x3a26,0x3a26,
  0x3a26,0x3a26,0x3a06,0x3206,0x3a26,0x3a47,0x3a26,0x3206,0x31e5,0x3206,0x3205,0x3a26,0x3a26,0x3205,0x31e5,0x3206,
  0x3206,0x31e5,0x3206,0x3206,0x3206,0x3206,0x3206,0x31c5,0x31c6,0x31c5,0x29c5,0x29a5,0x29a5,0x2985,0x2985,0x29a5,
  0x29a5,0x2985,0x2985,0x29a5,0x29a5,0x2185,0x2164,0x2164,0x29c5,0x3206,0x31e6,0x3227,0x3206,0x3206,0x3226,0x3a47,
  0x3a68,0x3a68,0x3a88,0x42a9,0x4aea,0x4aea,0x42a9,0x4aea,0x4aea,0x42c9,0x4aea,0x4b2a,0x4b0a,0x4b0a,0x4b2a,0x4b0a,
  0x532b,0x534b,0x532b,0x532b,0x6bee,0x63ee,0x6c2e,0x6c4f,0x7470,0x74b0,0x7cd1,0x7cd1,0x7cd0,0x74f0,0x7d11,0x7d11,
  0x7cf1,0x6c8f,0x5c2d,0x5bed,0x5bed,0x642e,0x6c4f,0x644e,0x642e,0x5c0d,0x438b,0x4bac,0x5c4e,0x438b,0x332a,0x5c6e,
  0x64af,0x4bec,0x5c6e,0x5c4e,0x4bac,0x64b0,0x43ac,0x1a46,0x3b09,0x3b4a,0x3b2a,0x434a,0x4bcc,0x53ed,0x5c4e,0x5c4e,
  0x5c2e,0x5c0e,0x4b8c,0x5bed,0x436b,0x436b,0x6cb0,0x6cb0,0x646f,0x5c6f,0x648f,0x648f,0x648f,0x64af,0x648f,0x648f,
  0x3287,0x5bec,0x6c8f,0x6cd0,0x6cf0,0x6cd0,0x6cf0,0x6cf0,0x6cf0,0x6d10,0x7551,0x6cf0,0x6d10,0x7531,0x6d31,0x6d31,
  0x6d31,0x6d31,0x7552,0x7551,0x7551,0x6d31,0x6d31,0x6d11,0x7551,0x7531,0x7531,0x7531,0x6d31,0x7531,0x6d31,0x6d11,
  0x6d10,0x6d31,0x7531,0x7531,0x7511,0x6cd0,0x6cd0,0x6cf0,0x7511,0x6cf0,0x540d,0x3309,0x2287,0x5c4e,0x7531,0x6d11,
  0x6cf0,0x6d31,0x6d11,0x6d11,0x6d11,0x6d11,0x6d11,0x64f0,0x6d11,0x6d11,0x64f0,0x64f0,0x64f0,0x6cf0,0x6cf0,0x6cd0,
  0x64b0,0x6cf1,0x64d1,0x64f1,0x6cf1,0x7573,0x9677,0x9697,0x9697,0x9697,0x9697,0x8e77,0x8e77,0x8e97,0x8e97,0x8656,
  0x8636,0x8615,0x8616,0x8636,0x8615,0x8636,0x7dd4,0x85d4,0x7db4,0x7db4,0x85d4,0x7552,0x7511,0x5c2e,0x540d,0x540d,
  0x5c0e,0x644f,0x646f,0x5c4e,0x5bed,0x4b8c,0x4b6b,0x430a,0x430a,0x430a,0x3ac9,0x4b4b,0x538c,0x432a,0x3ac9,0x430a,
  0x4b2a,0x4b4b,0x432a,0x4b2b,0x4b4b,0x4b6b,0x4b4b,0x538c,0x538c,0x5b8c,0x3a67,0x21a5,0x3227,0x3226,0x3a26,0x3a26,
  0x3a26,0x3a26,0x3a26,0x3a26,0x3a46,0x3a26,0x3a06,0x3a06,0x3a06,0x3206,0x3206,0x3a26,0x3a26,0x3205,0x3206,0x3a26,
  0x3206,0x29c5,0x3206,0x3206,0x31e6,0x31e6,0x3206,0x31c5,0x31e6,0x31c5,0x29a5,0x29c5,0x29a5,0x31a5,0x31c6,0x29a5,
  0x2185,0x2185,0x2985,0x29a5,0x29a5,0x29a5,0x2184,0x2164,0x2164,0x29c6,0x3206,0x3206,0x3206,0x3a27,0x3a27,0x3a47,
  0x3a68,0x3a68,0x3a68,0x42a9,0x4aea,0x4aea,0x4aea,0x4aea,0x42a9,0x42c9,0x4b0a,0x4b0a,0x42c9,0x42e9,0x4b0a,0x4b0a,
  0x532b,0x534b,0x534b,0x534b,0x6bee,0x63ee,0x6c4f,0x746f,0x7cb1,0x7cd1,0x7cd1,0x7cf1,0x7d11,0x7d11,0x7d11,0x7d11,
  0x7cf1,0x7d11,0x74f0,0x6c8f,0x5bed,0x640d,0x6c4e,0x642e,0x644e,0x5c0d,0x3b09,0x3b4a,0x5c2e,0x5c2e,0x53ed,0x648f,
  0x64b0,0x5c6e,0x5c6f,0x5c6f,0x5c4e,0x648f,0x5c2e,0x53ed,0x646f,0x6c8f,0x646f,0x644f,0x644e,0x644e,0x648f,0x6c8f,
  0x644f,0x432b,0x2206,0x19e6,0x2227,0x1a26,0x438c,0x648f,0x5c4f,0x646f,0x5c6f,0x5c6e,0x648f,0x648f,0x646f,0x648f,
  0x32c8,0x5bec,0x6c8f,0x74d0,0x6ccf,0x6caf,0x64af,0x6d10,0x6d10,0x64f0,0x6cf0,0x6d10,0x6d10,0x6d11,0x6d11,0x6d11,
  0x7531,0x7551,0x7551,0x7531,0x6d31,0x7552,0x6d31,0x6d31,0x7552,0x7551,0x6d31,0x7531,0x7531,0x7531,0x7531,0x6d31,
  0x6d11,0x6d11,0x6d11,0x7531,0x6d11,0x6cf0,0x6cf0,0x6cf0,0x6cf1,0x648f,0x4bac,0x3b2a,0x1a46,0x540d,0x7531,0x6cf1,
  0x6cf1,0x6d11,0x7531,0x6d11,0x6d11,0x6cf0,0x6cf1,0x6d11,0x6d11,0x64f0,0x64f0,0x64f0,0x64f0,0x64d0,0x64d0,0x6cd0,
  0x6cd0,0x6cf1,0x64f1,0x7552,0x8e36,0x9697,0x9697,0x9697,0x96b7,0x8e77,0x8e97,0x96b8,0x8e77,0x8e56,0x8e97,0x8e77,
  0x9697,0x8e36,0x7df5,0x8e36,0x8616,0x8e36,0x85f5,0x85d4,0x85f5,0x85d4,0x85d4,0x7d93,0x6d11,0x542e,0x540d,0x648f,
  0x6490,0x5c4f,0x5c6f,0x5c2e,0x5c2e,0x5bed,0x53cd,0x4b6b,0x4b4b,0x432a,0x430a,0x432a,0x430a,0x42ea,0x3ac9,0x3ac9,
  0x432a,0x53ac,0x538c,0x4b6b,0x4b4b,0x4b6b,0x4b6b,0x4b4b,0x538c,0x5b8c,0x5b8c,0x2a26,0x21a5,0x3227,0x3a27,0x3a47,
  0x3a26,0x3a26,0x3a26,0x3206,0x3a26,0x3a26,0x3a06,0x3a26,0x3206,0x3a06,0x3206,0x31e5,0x3206,0x3206,0x3206,0x3a06,
  0x3206,0x3206,0x3206,0x31e6,0x31e6,0x31e6,0x3a06,0x31e6,0x31e6,0x31e6,0x29c5,0x29a5,0x29a5,0x31c6,0x31e6,0x29a5,
  0x29a5,0x2985,0x2184,0x29a5,0x29a5,0x2984,0x2184,0x2164,0x2164,0x29a5,0x3206,0x3206,0x31e6,0x3a27,0x3a47,0x3a68,
  0x4288,0x4288,0x4288,0x42a9,0x42a9,0x4ac9,0x4b0a,0x4288,0x42a9,0x42a9,0x42a9,0x42c9,0x42a9,0x4ae9,0x4b0a,0x534b,
  0x536b,0x5b8c,0x534b,0x5b6c,0x63ee,0x63ee,0x6c4f,0x6c6f,0x7cd1,0x7cf1,0x7cf1,0x7d11,0x7d11,0x7cf0,0x7d11,0x8531,
  0x7cf0,0x7cf0,0x8531,0x7cf0,0x74af,0x6c6e,0x644e,0x6c8f,0x74af,0x6c8f,0x644e,0x646e,0x648f,0x6cd0,0x6cb0,0x6cb0,
  0x64b0,0x648f,0x648f,0x646f,0x648f,0x648f,0x64b0,0x648f,0x648f,0x6c8f,0x5c4e,0x5c4e,0x646f,0x6c90,0x74d1,0x646f,
  0x646f,0x53cd,0x430a,0x19e5,0x19e5,0x1a06,0x32e9,0x53cd,0x438b,0x3b0a,0x32e9,0x32e9,0x3309,0x330a,0x32e9,0x3b2a,
  0x5c0d,0x6c6f,0x6c8f,0x6caf,0x648f,0x648f,0x64af,0x6cf0,0x6cf0,0x6cf0,0x64f0,0x6d10,0x6d11,0x64d0,0x6cf0,0x6d11,
  0x6d31,0x7531,0x7531,0x6d31,0x6d31,0x7531,0x7531,0x7532,0x7552,0x7552,0x6d31,0x6d31,0x6d31,0x6d10,0x7531,0x7531,
  0x7531,0x6d31,0x6d11,0x6d10,0x6cf0,0x6d11,0x6cf1,0x7511,0x6cf1,0x4bec,0x2aa8,0x438b,0x2aa8,0x53ed,0x7532,0x6cf0,
  0x6cf0,0x6d31,0x7531,0x6d31,0x6d11,0x64f0,0x6d11,0x6d11,0x6d11,0x6cf0,0x6d11,0x6d11,0x6cf0,0x6cd0,0x6cf1,0x6cf1,
  0x64d0,0x6d11,0x85f5,0x96b8,0x9ed8,0x96b8,0x96b8,0x96b8,0x96b8,0x96b8,0x8e77,0x96b8,0x9697,0x8e77,0x9697,0x8e77,
  0x8e77,0x8e57,0x8615,0x85f5,0x85f5,0x8615,0x8e15,0x85d4,0x85b4,0x85d4,0x85d4,0x7d93,0x6d11,0x5c4e,0x540d,0x6cd0,
  0x6cd1,0x64b0,0x648f,0x5c4e,0x5c2e,0x5c4e,0x5c2e,0x53cd,0x4b8b,0x4b8c,0x4b4b,0x4b4b,0x430a,0x432a,0x3ae9,0x3ae9,
  0x432a,0x538c,0x53ac,0x53ac,0x4b8b,0x4b8b,0x538c,0x538c,0x538c,0x5bac,0x5bad,0x536b,0x21c5,0x29c5,0x3a68,0x3a27,
  0x3206,0x31e5,0x3206,0x3a26,0x3a26,0x3a46,0x3a06,0x3a26,0x3a26,0x3a26,0x3a26,0x3a06,0x3206,0x3a06,0x3206,0x3a26,
  0x3206,0x3a27,0x3206,0x31e6,0x3206,0x3a06,0x3a27,0x3a07,0x31e6,0x31e6,0x29c5,0x29a5,0x29c5,0x29a5,0x31c5,0x29a5,
  0x29c5,0x29a5,0x29a5,0x2984,0x2984,0x2984,0x29a5,0x2164,0x2164,0x2164,0x29a5,0x29a5,0x31e6,0x3a27,0x3a47,0x3a47,
  0x3a68,0x4288,0x4288,0x3a68,0x42a9,0x42c9,0x42a9,0x3a88,0x42a9,0x42a9,0x3a88,0x42a9,0x4aea,0x530a,0x532b,0x534b,
  0x5b8c,0x5b8c,0x536b,0x5bac,0x640e,0x63ee,0x6c6f,0x6c6f,0x7cd0,0x7d11,0x7d11,0x7cf1,0x7cf1,0x7cf0,0x7d10,0x8511,
  0x8531,0x8511,0x7cf0,0x7cd0,0x7cd0,0x74af,0x6c6e,0x748f,0x74d0,0x6c8f,0x6caf,0x74f0,0x6cd0,0x74f1,0x6cd0,0x6cb0,
  0x6cd0,0x6490,0x64b0,0x6cb0,0x648f,0x64b0,0x646f,0x5c6f,0x646f,0x540d,0x4bac,0x5c2e,0x5c4e,0x53ed,0x4bac,0x2aa8,
  0x2268,0x2aa9,0x32c9,0x2aa8,0x1a06,0x11c5,0x11e5,0x1205,0x1205,0x11e5,0x09c5,0x1a26,0x1206,0x11e5,0x11e5,0x1a47,
  0x53ac,0x5c0d,0x644e,0x6caf,0x6caf,0x6cd0,0x6cf0,0x6cf0,0x6d10,0x6d10,0x6d10,0x6d10,0x6cf0,0x6cf0,0x6cf1,0x6cf1,
  0x7531,0x7531,0x7552,0x6d11,0x6d11,0x7531,0x7531,0x7552,0x7531,0x7531,0x7572,0x7572,0x6d31,0x7551,0x7551,0x6d11,
  0x7531,0x6d11,0x64d0,0x64af,0x6d10,0x7511,0x6cf0,0x7511,0x6cf0,0x438b,0x1a46,0x648f,0x3b2a,0x3309,0x648f,0x64d0,
  0x6cf0,0x6d11,0x6cf0,0x6cf0,0x64d0,0x64d0,0x64f0,0x64af,0x64d0,0x64d0,0x64d0,0x64b0,0x5c8f,0x5c4e,0x544e,0x5c8f,
  0x7552,0x9676,0x9ed8,0x9ed8,0x96d8,0x96d8,0x96d9,0x96d8,0x96b8,0x96b8,0x9697,0x9698,0x9697,0x8e77,0x9697,0x9697,
  0x8e77,0x9677,0x8e57,0x8616,0x7dd4,0x7dd4,0x8e15,0x85f5,0x85d4,0x7db4,0x85d4,0x85b4,0x7512,0x5c6f,0x5c4e,0x6cf1,
  0x74f1,0x6cf1,0x648f,0x648f,0x648f,0x648f,0x646f,0x5c0d,0x4bcc,0x53cd,0x4b8c,0x53ac,0x53ac,0x5bcd,0x5bcd,0x434a,
  0x432a,0x538c,0x5bcd,0x5bed,0x53cd,0x53ac,0x53ac,0x538c,0x53ac,0x5bcd,0x5bac,0x5bcd,0x534b,0x29e6,0x29c5,0x3227,
  0x3206,0x3a26,0x3206,0x3206,0x3a46,0x3a26,0x3a06,0x3a06,0x3a06,0x3a26,0x3a26,0x3a26,0x3206,0x3206,0x3206,0x3206,
  0x3a27,0x3a27,0x3206,0x3a27,0x3a27,0x3a27,0x3a27,0x3a27,0x31e6,0x31c5,0x31c5,0x31e6,0x31e6,0x31e6,0x31c5,0x31c6,
  0x31e6,0x29c5,0x29a5,0x2984,0x2984,0x2984,0x2984,0x2984,0x2164,0x2164,0x2164,0x2164,0x29a5,0x3206,0x3a47,0x3a27,
  0x3a47,0x4288,0x4288,0x3a67,0x4288,0x4288,0x4288,0x42a9,0x42a9,0x42a9,0x42a8,0x4ac9,0x530a,0x532a,0x534b,0x536b,
  0x5bac,0x5b8c,0x5b6b,0x63ad,0x6c2e,0x640e,0x6c4f,0x74af,0x74b0,0x7d11,0x8531,0x8511,0x7cf1,0x7d11,0x8511,0x8531,
  0x8531,0x7cf0,0x8511,0x7cf0,0x7cf0,0x7ccf,0x74af,0x6c6e,0x6c6e,0x74af,0x6c8f,0x646e,0x6c8f,0x648f,0x648f,0x5c4e,
  0x540d,0x540d,0x5c4f,0x5c6f,0x542e,0x438c,0x43cc,0x43cc,0x43ab,0x3b6b,0x43ab,0x4bed,0x540d,0x4c0e,0x4bcd,0x3b6b,
  0x330a,0x4bad,0x5c4f,0x542e,0x4bcd,0x542e,0x648f,0x64b0,0x64d0,0x6cf1,0x7532,0x85b4,0x85b4,0x85b4,0x8e15,0x9636,
  0x42e9,0x538b,0x53ac,0x644e,0x646f,0x646e,0x646f,0x5c6e,0x5c6e,0x5c6e,0x5c6e,0x5c6e,0x648f,0x5c6f,0x5c6e,0x5c6e,
  0x5c4e,0x5c6e,0x546e,0x64af,0x5c8f,0x5c6e,0x64af,0x542d,0x542d,0x546e,0x5caf,0x546e,0x4c2d,0x544e,0x544e,0x546e,
  0x5c6e,0x542d,0x542e,0x4c2d,0x542d,0x5c6e,0x5c6e,0x64af,0x648f,0x4bec,0x43ab,0x64af,0x5c4e,0x3b4a,0x438b,0x542d,
  0x5c6e,0x5c6e,0x546e,0x546e,0x544e,0x5c8f,0x544e,0x544e,0x544e,0x542e,0x542e,0x542e,0x5c6e,0x5c6f,0x4c0d,0x64f1,
  0x9eb8,0x96d8,0x9ed8,0x9ef9,0x9ef9,0x9ef9,0x9ef9,0x9ed9,0x96b8,0x9698,0x9698,0x8e77,0x8e77,0x8e97,0x8e77,0x96b8,
  0x8e56,0x8e56,0x9677,0x8e77,0x8615,0x7db4,0x7dd4,0x85f5,0x85f5,0x7db4,0x85b4,0x7d93,0x6cf1,0x648f,0x648f,0x7511,
  0x7511,0x7511,0x6cf1,0x64b0,0x6490,0x6cb0,0x648f,0x646f,0x540d,0x5c0e,0x5c0e,0x53ed,0x53cd,0x5c0e,0x5c0e,0x53ac,
  0x434b,0x4b6b,0x4bac,0x5c0e,0x5c0d,0x53ac,0x53ac,0x53ac,0x53ac,0x53cc,0x53ac,0x5bac,0x63ed,0x5b6c,0x29e5,0x29e6,
  0x3a47,0x3a27,0x3206,0x3a26,0x3a26,0x3206,0x3a06,0x3a26,0x3a26,0x3a26,0x3206,0x3a06,0x3206,0x3206,0x3a26,0x3206,
  0x3206,0x3227,0x3227,0x3a27,0x3a47,0x3a27,0x3a27,0x3a27,0x3a06,0x3206,0x31e6,0x31e6,0x31e6,0x31e6,0x31c5,0x31e5,
  0x31c5,0x29c5,0x29a5,0x2985,0x2985,0x2984,0x2164,0x2984,0x2164,0x2144,0x2164,0x2164,0x2164,0x29a5,0x3a06,0x3a47,
  0x3a47,0x4268,0x4268,0x3a68,0x3a68,0x3a68,0x3a68,0x42a9,0x4ac9,0x42c9,0x4aea,0x4aea,0x530a,0x534b,0x532b,0x536b,
  0x5b8c,0x534b,0x5b8c,0x63cd,0x6c0e,0x640e,0x642e,0x74b0,0x74d0,0x7cf1,0x8532,0x7d11,0x7cf1,0x7d11,0x8511,0x8511,
  0x8511,0x7cf0,0x7cf0,0x8511,0x7cf0,0x7cd0,0x74af,0x748f,0x6c8f,0x6c6e,0x74cf,0x7d31,0x7511,0x7531,0x7531,0x7d73,
  0x7d73,0x7d93,0x7593,0x7dd4,0x7dd4,0x7db4,0x85d4,0x85f5,0x8e15,0x8e15,0x9656,0x9e97,0x9ed8,0x9ed8,0xa6f9,0xa6f9,
  0xa6d8,0xaf1a,0xaef9,0xa6f9,0xaf3a,0xb75b,0xb77b,0xb77b,0xb77b,0xb75a,0xb77a,0xb77a,0xb77a,0xaf5a,0xaf19,0xa6f9,
  0x536b,0x5bcd,0x538c,0x53ac,0x642e,0x646f,0x646f,0x648f,0x648f,0x648f,0x5c6e,0x5c6e,0x648f,0x646f,0x648f,0x648f,
  0x5c4e,0x5c6e,0x544e,0x5c6e,0x5c6e,0x5c4d,0x540d,0x3b4a,0x4bec,0x6cf0,0x6cf0,0x6cf0,0x64d0,0x64f0,0x6d11,0x6cf1,
  0x6d11,0x6cf0,0x7552,0x6cf1,0x6d10,0x6d10,0x7511,0x7531,0x7532,0x7531,0x6cf1,0x7511,0x7532,0x7d32,0x6cf1,0x6d11,
  0x6d11,0x64f0,0x6d11,0x64f0,0x64d0,0x6d11,0x64f0,0x6cf0,0x6d11,0x6cf0,0x6cd0,0x6cf0,0x6cd0,0x6d11,0x85f5,0x9eb8,
  0x9ef9,0x96d8,0x9ef9,0x9f19,0x9f19,0x9ef9,0x9ed9,0x9ed9,0x9ed9,0x96b8,0x9698,0x8e77,0x9698,0x9697,0x8e56,0x8e77,
  0x8e97,0x8e36,0x8e56,0x9677,0x8e56,0x85f5,0x7db3,0x7dd4,0x85f5,0x7db4,0x7572,0x7552,0x6cf1,0x6cd0,0x6cd0,0x7511,
  0x7532,0x6cf1,0x7511,0x6cd0,0x6cd0,0x6cd0,0x6cb0,0x6c90,0x5c4e,0x5c6f,0x646f,0x540d,0x53ed,0x53ed,0x5c0e,0x5c0d,
  0x53ac,0x4b6b,0x53ac,0x5bed,0x640e,0x5c0d,0x53ac,0x5bcd,0x53cc,0x53ac,0x53cc,0x5bcd,0x5bcd,0x63cd,0x534b,0x21c5,
  0x31e6,0x3207,0x3206,0x3a27,0x3a06,0x3206,0x3a26,0x4226,0x3a26,0x3a06,0x3206,0x3a06,0x3a26,0x3a26,0x3a26,0x3a27,
  0x31e6,0x3a27,0x3a47,0x3a47,0x3a67,0x3a27,0x3a27,0x3a27,0x3a27,0x3a06,0x3206,0x3206,0x31e6,0x31e6,0x31c5,0x31c5,
  0x31c6,0x29c5,0x29a5,0x2985,0x29a5,0x2164,0x1923,0x2164,0x2984,0x2164,0x2144,0x29a5,0x2164,0x2984,0x29a5,0x3a07,
  0x4268,0x3a48,0x3a48,0x3a68,0x4288,0x4288,0x42a9,0x4288,0x4aca,0x4ac9,0x4aea,0x530a,0x530a,0x534b,0x534b,0x534b,
  0x534b,0x4b2a,0x63cd,0x6c0e,0x6c2e,0x640e,0x6c4e,0x74af,0x74b0,0x74d0,0x7d11,0x7cf1,0x7cf1,0x8511,0x8511,0x8511,
  0x8510,0x8511,0x84f0,0x84f0,0x84f0,0x7cd0,0x7cb0,0x748f,0x748f,0x6c8f,0x74f0,0x9e55,0xb718,0xaef8,0xa6d8,0xaf19,
  0xaf3a,0xaf5a,0xa719,0xa73a,0x9f39,0xa73a,0xa73a,0xa75a,0xa73a,0xaf5a,0xa739,0x9f19,0x9f19,0x9f19,0xa719,0xa73a,
  0xa719,0xa719,0x9ef9,0x9ef9,0xa73a,0xa73a,0xa73a,0xa739,0xa719,0xa719,0xa739,0xa719,0xa719,0xa739,0xa739,0x9f19,
  0x3268,0x3267,0x2a47,0x3267,0x3aa8,0x3b0a,0x3b0a,0x4b6b,0x5c2d,0x648f,0x648f,0x6cb0,0x74f0,0x6caf,0x5c4e,0x4bec,
  0x4bec,0x542d,0x540d,0x4bec,0x4bcb,0x4bcb,0x4bcb,0x4bcb,0x64af,0x7532,0x7531,0x7531,0x7531,0x7531,0x7531,0x6d11,
  0x7531,0x6cf0,0x7511,0x6cf1,0x64d0,0x6d10,0x6d10,0x6cd0,0x6cf0,0x6cd0,0x6cd0,0x6cd0,0x6cf0,0x6cf0,0x6cf1,0x6d11,
  0x6d11,0x64f0,0x6cf0,0x64f0,0x64f0,0x64d0,0x64d0,0x64d0,0x64b0,0x6cd0,0x6cf0,0x6cd0,0x64d0,0x85f4,0x9ed9,0x9ed9,
  0x9ed9,0x9ef9,0x9f19,0x9ed9,0x9f19,0x9f19,0x9ef9,0x9ef9,0x96d9,0x96d8,0x96b8,0x8e57,0x9697,0x96d8,0x8e56,0x8e56,
  0x8e97,0x8e56,0x8635,0x8e76,0x8e56,0x8635,0x7db3,0x7db3,0x85d4,0x7d73,0x7532,0x7511,0x64d0,0x6cf1,0x64b0,0x7511,
  0x7532,0x7532,0x7552,0x7511,0x6cd0,0x6cf1,0x6cd0,0x6cd0,0x64b0,0x648f,0x6490,0x646f,0x5c0e,0x5c2e,0x644f,0x5c4e,
  0x5c0e,0x53cc,0x53ac,0x53ed,0x5c0e,0x644f,0x5c0d,0x53cd,0x5bed,0x53cc,0x53ed,0x53cd,0x5bed,0x5bcd,0x63cd,0x532a,
  0x2a06,0x3206,0x3207,0x3206,0x3a26,0x3a26,0x3a26,0x3a26,0x3a26,0x3a26,0x3a26,0x3206,0x3a26,0x3a26,0x3a26,0x3a27,
  0x3a27,0x3a47,0x3a47,0x4268,0x3a47,0x3a27,0x3a47,0x3a27,0x3a27,0x3a27,0x3206,0x31e6,0x31e6,0x3206,0x31e6,0x3a06,
  0x31e6,0x31c6,0x29c5,0x29a5,0x2985,0x2184,0x2984,0x29a5,0x29a5,0x29a5,0x2984,0x29a5,0x2985,0x2184,0x29a5,0x29a5,
  0x3a07,0x4248,0x3a27,0x3a27,0x3a47,0x4288,0x42a9,0x4288,0x4aa9,0x4ac9,0x4b0a,0x532a,0x530a,0x530a,0x4b2a,0x534b,
  0x532a,0x4b0a,0x63ed,0x6c0e,0x6c0e,0x6c2e,0x6c6f,0x6c8f,0x74b0,0x74b0,0x7cf0,0x7cf1,0x8531,0x8531,0x7d11,0x7cf0,
  0x8510,0x84f0,0x8511,0x8511,0x7cf0,0x7cd0,0x7cd0,0x7cd0,0x74af,0x74cf,0x646e,0x6caf,0x8e14,0x9eb7,0x9eb7,0xa719,
  0xa719,0xa739,0x9f39,0x9f19,0x9f19,0x9ef9,0x9ef9,0x96f9,0x96f9,0x9f1a,0x9f19,0x9719,0x9f19,0x9f39,0x9f39,0xa73a,
  0x9f39,0x9ef9,0x9ef9,0x9f19,0x9f39,0x9f19,0xa75a,0xa75a,0x9f39,0xa739,0xa759,0xa739,0xa739,0xa75a,0xa759,0x9f39,
  0x3247,0x21e6,0x21e5,0x1184,0x19a4,0x1184,0x11a4,0x19e5,0x32e9,0x436b,0x5c0d,0x5c0d,0x646e,0x644e,0x3b4a,0x3b09,
  0x32e9,0x434a,0x438b,0x4bab,0x4b8b,0x4bab,0x53ec,0x53ec,0x6cd0,0x74f0,0x74f0,0x6cd0,0x6cd0,0x6cf0,0x6cd0,0x6cd0,
  0x6cd0,0x6cb0,0x6cb0,0x74f1,0x6cb0,0x6cd0,0x6cb0,0x64b0,0x64b0,0x6cd0,0x6cd0,0x64af,0x64af,0x6cf0,0x6cf0,0x6cf0,
  0x64d0,0x64d0,0x6cd0,0x64b0,0x5c8f,0x64af,0x64af,0x646f,0x648f,0x6cb0,0x648f,0x6cf0,0x9635,0x9eb8,0x9eb8,0x9ef9,
  0xa71a,0x9f1a,0x9f19,0x9ef9,0x9ef9,0x9ef9,0x9ef9,0x9ef9,0x9ef9,0x96d9,0x96b8,0x8e77,0x8e77,0x96b8,0x8e97,0x8636,
  0x8e56,0x8e76,0x8615,0x8e56,0x8e56,0x8e36,0x7dd4,0x7d93,0x7db4,0x7d73,0x6cf1,0x6cd1,0x6cd0,0x6d11,0x64b0,0x6d11,
  0x7532,0x7552,0x7531,0x7532,0x74f1,0x74f1,0x6cd0,0x6cd0,0x6cd0,0x64b0,0x646f,0x646f,0x5c2e,0x5c2e,0x646f,0x648f,
  0x644f,0x5bed,0x53ac,0x5bed,0x5c0e,0x5c2e,0x6c6f,0x5c0e,0x5c0d,0x5bed,0x5bed,0x5bed,0x5bcd,0x5bed,0x5bcd,0x63ee,
  0x534b,0x29e6,0x29c6,0x3227,0x3227,0x3a26,0x3a26,0x3a26,0x3a26,0x3a26,0x3a26,0x3a26,0x3a26,0x3a26,0x3a26,0x3a27,
  0x3a27,0x3a27,0x3a47,0x3a27,0x3a27,0x3a27,0x3a27,0x31e6,0x3206,0x3a07,0x31e6,0x3a07,0x3206,0x31e6,0x31e6,0x31e6,
  0x31e6,0x31e6,0x31e6,0x31c5,0x29a5,0x29a5,0x31c5,0x31c5,0x31e6,0x31e6,0x31c5,0x31c6,0x31e6,0x29c5,0x31e6,0x31c6,
  0x31e6,0x3a47,0x3a47,0x3a26,0x3a47,0x4288,0x4268,0x4288,0x4ac9,0x4aea,0x4ac9,0x52ea,0x530a,0x532a,0x532a,0x4b2a,
  0x532a,0x4b2a,0x63cd,0x63ed,0x63ed,0x640e,0x748f,0x74b0,0x74d0,0x74b0,0x7cf0,0x7d11,0x8511,0x8531,0x8511,0x8511,
  0x8511,0x84f0,0x8511,0x84f0,0x7cf0,0x7cf0,0x84f0,0x84f0,0x7cd0,0x748f,0x748f,0x646e,0x648e,0x9635,0xa6f8,0xa6f8,
  0xa719,0xa739,0x9f19,0x9f39,0x9f19,0x9f19,0x9f19,0x96f9,0x9f19,0x9f19,0x9f39,0x9f39,0x9f39,0x9f39,0x9f19,0x9f39,
  0x9f39,0x9f19,0x9f3a,0x9f19,0x9f19,0x9f19,0x9f3a,0xa75a,0xa759,0x9f39,0xa739,0xa75a,0xa75a,0x9f39,0x9f39,0x9f59,
  0x2a06,0x3227,0x2a06,0x21a5,0x1984,0x1164,0x19c5,0x19a4,0x2206,0x2226,0x32c8,0x4309,0x2a67,0x4b6b,0x538c,0x53ac,
  0x53ac,0x5c0d,0x5bed,0x5bcc,0x53cc,0x4b4a,0x4b4a,0x53ab,0x6c8f,0x6c8f,0x6c8f,0x6c8f,0x646f,0x5c2e,0x5c2e,0x642e,
  0x642e,0x644f,0x642e,0x642e,0x646f,0x644e,0x5c0e,0x4bac,0x4bac,0x438b,0x438b,0x438b,0x53ec,0x540d,0x53ed,0x5c2e,
  0x5c2e,0x5c4e,0x646f,0x646f,0x53ed,0x53ed,0x4bcc,0x436b,0x436b,0x3b4a,0x3b6b,0x8e15,0xa6f9,0x9ed8,0xa73a,0xa73a,
  0xa71a,0xa73a,0x9f1a,0x9f1a,0x9f1a,0x9ef9,0x9ef9,0x9ef9,0x9ef9,0x96d8,0x96b8,0x9697,0x8e57,0x9697,0x96b8,0x8e77,
  0x8636,0x8e76,0x8e56,0x8635,0x8e76,0x8e56,0x8615,0x7db4,0x7db3,0x7552,0x64d0,0x6cd1,0x6cf1,0x6cf1,0x64d0,0x64d0,
  0x7511,0x6cf1,0x6cf1,0x7511,0x7511,0x6cf1,0x6cf1,0x6cf0,0x6cf1,0x6cd0,0x6490,0x646f,0x6490,0x5c4e,0x646f,0x646f,
  0x646f,0x5c0d,0x53ed,0x5bed,0x5c0e,0x5bed,0x644e,0x6c6f,0x5c0e,0x5bed,0x5bed,0x5bed,0x53cd,0x5bed,0x640e,0x5bed,
  0x63ee,0x532b,0x29e6,0x29e5,0x3a47,0x3a26,0x3206,0x3206,0x3a26,0x3a06,0x3a26,0x3a26,0x3a26,0x3a26,0x3a47,0x4267,
  0x3a27,0x3a47,0x3a27,0x3a47,0x3a27,0x3a47,0x4247,0x3a27,0x31e6,0x3206,0x3a27,0x3a27,0x3a27,0x3206,0x3a06,0x3206,
  0x3206,0x3a06,0x31e6,0x3a06,0x31e6,0x31e6,0x31e6,0x31c5,0x31e6,0x31e6,0x3a06,0x3a06,0x31e6,0x3206,0x3a27,0x3a07,
  0x3a27,0x4247,0x4287,0x3a67,0x4288,0x4288,0x4288,0x4aa9,0x4ac9,0x4ac9,0x4ac9,0x530a,0x532a,0x532a,0x534b,0x532a,
  0x4b0a,0x5b6b,0x63cd,0x63cd,0x63cd,0x640e,0x6c6f,0x74b0,0x74b0,0x74b0,0x7cf0,0x7cf0,0x8511,0x8531,0x7d11,0x8531,
  0x8511,0x7cf1,0x7cf0,0x8511,0x84f0,0x7cf0,0x7cf0,0x7cb0,0x748f,0x748f,0x748f,0x644e,0x5c0d,0x6cf0,0x9e97,0xaf39,
  0x9ef8,0x9f19,0x9f18,0x9f39,0x96f8,0x9f19,0x9719,0x9719,0x96f9,0x9ef9,0x9f19,0x9f39,0x9f3a,0x9f19,0x9f19,0x9f19,
  0x9f19,0x96f9,0x9f19,0x9f19,0x9f19,0x9f3a,0x9f3a,0xa75a,0xa75a,0x9f59,0x9f39,0xa75a,0xa77a,0x9f59,0x9f59,0x9f59,
  0x3227,0x3247,0x21a5,0x21a5,0x1964,0x2a06,0x3aa9,0x3247,0x2206,0x21e5,0x19c5,0x19c5,0x19a4,0x3ae9,0x538c,0x5bcd,
  0x538c,0x538c,0x53ac,0x53ac,0x538b,0x3aa8,0x2a26,0x3287,0x3ae8,0x3288,0x32a8,0x4309,0x3b09,0x2a87,0x2226,0x2206,
  0x2a47,0x2226,0x32a9,0x32a9,0x3ac9,0x3ac9,0x32c9,0x32a8,0x2a88,0x2a67,0x2266,0x2aa7,0x32e8,0x32c8,0x32c9,0x32e9,
  0x32c8,0x2aa8,0x2a87,0x2aa8,0x2aa8,0x32e9,0x3b09,0x32c8,0x32c8,0x3309,0x7552,0x9eb8,0xa6d9,0x9ed8,0x9ef9,0xa73a,
  0xa73a,0xa71a,0x9f1a,0x9ef9,0x9f1a,0x9f19,0x9ef9,0x9ef9,0x96d8,0x9ef9,0x96d8,0x96b8,0x8e77,0x8e77,0x96b8,0x96b8,
  0x8636,0x8e56,0x8e76,0x8615,0x8e56,0x8e56,0x8615,0x7db4,0x7db4,0x7573,0x64d0,0x64b0,0x6cd0,0x6cd1,0x6cd1,0x64b0,
  0x7531,0x6cf1,0x6cf1,0x7511,0x6cf1,0x6d11,0x6cf1,0x6cd0,0x6cf1,0x6cd0,0x64b0,0x6cd0,0x6cb0,0x646f,0x6490,0x646f,
  0x646f,0x644e,0x5c2e,0x5bed,0x53ed,0x5c0e,0x642e,0x644f,0x644e,0x5c0e,0x5bed,0x5c0d,0x5bed,0x5bed,0x5c0e,0x642e,
  0x640d,0x63ed,0x5b8c,0x3227,0x2a06,0x3a26,0x3a47,0x3a46,0x3206,0x3a26,0x3a47,0x3a26,0x3a26,0x3a26,0x3a47,0x4268,
  0x3a47,0x3a47,0x3a47,0x3a27,0x3a27,0x3a27,0x4268,0x3a47,0x3206,0x3a07,0x3a27,0x3a27,0x3a27,0x3a27,0x3a06,0x3a47,
  0x3a26,0x3206,0x3206,0x3a26,0x3a06,0x3a26,0x3a27,0x3a27,0x3a47,0x3a26,0x3a06,0x3a27,0x3a27,0x3a27,0x3a27,0x4247,
  0x4267,0x4267,0x4287,0x4287,0x4aa8,0x4aa8,0x4aa9,0x4ac9,0x530a,0x530a,0x530a,0x530a,0x530a,0x532a,0x534b,0x534b,
  0x4b0a,0x5bac,0x63ed,0x63ed,0x63ed,0x6c4e,0x748f,0x748f,0x74b0,0x7cd0,0x7cd0,0x7cf1,0x8531,0x7d11,0x8511,0x8511,
  0x7d11,0x7cf0,0x7cd0,0x7cf0,0x84f0,0x7cf0,0x7cd0,0x748f,0x7caf,0x7caf,0x746f,0x6c2e,0x644e,0x540d,0x7552,0xa6f8,
  0xa6f8,0xa739,0x9f18,0x9718,0x9f39,0x9f19,0x9f39,0x9f39,0x9719,0x9f19,0x9f3a,0x9f3a,0x9f19,0x9f19,0x9f19,0x9f19,
  0x96f9,0x96f9,0x9f19,0x9f3a,0x9f19,0x9f19,0x9f3a,0x9f3a,0x9f39,0x9f39,0xa75a,0xa75a,0xa75a,0x9f5a,0x9f39,0x9f39,
  0x2a06,0x2a27,0x21c5,0x21c5,0x21c5,0x2a06,0x2a27,0x21e6,0x1984,0x19c5,0x19a4,0x19a5,0x19c5,0x19a5,0x19c5,0x2206,
  0x19c5,0x19c5,0x21e6,0x3267,0x3267,0x2226,0x2205,0x2205,0x19e5,0x11a4,0x19c4,0x19c5,0x19e5,0x19e5,0x1184,0x1184,
  0x11a4,0x1184,0x19c5,0x19c5,0x11c5,0x19c5,0x19e5,0x19e5,0x19e5,0x19e5,0x2226,0x2246,0x2246,0x2226,0x2247,0x2a88,
  0x2a88,0x2a88,0x2a88,0x2aa8,0x2288,0x2aa8,0x32e9,0x2ac8,0x2aa8,0x7552,0xa6d8,0x9697,0x9ef9,0xa719,0x9f19,0xa73a,
  0xa73a,0xa71a,0xa71a,0xa71a,0x9f1a,0x9ef9,0x9ef9,0x9f19,0x9ef9,0x96b8,0x96b8,0x96b8,0x8e77,0x8e77,0x96b8,0x9697,
  0x8e77,0x8636,0x8e56,0x8e35,0x8e36,0x8e56,0x8e35,0x7db4,0x7db3,0x85f4,0x7552,0x64d0,0x64d0,0x6cd0,0x6cf1,0x64d0,
  0x6d11,0x7532,0x7532,0x6d11,0x6d11,0x7511,0x6cd0,0x6cd0,0x6cf1,0x7511,0x6cd0,0x6cb0,0x6cb0,0x6cb0,0x6490,0x646f,
  0x646f,0x646f,0x6c8f,0x5c2e,0x53ed,0x5c0e,0x5c0e,0x644f,0x646f,0x646f,0x5c0e,0x5c0e,0x5c2e,0x5c0d,0x5c0d,0x5c0d,
  0x5c0d,0x63ed,0x640e,0x5bad,0x3247,0x3206,0x3a27,0x3a27,0x3206,0x3a26,0x4247,0x3a47,0x3a47,0x3a47,0x3a47,0x3a47,
  0x3a47,0x3a47,0x4268,0x3a47,0x4268,0x4248,0x3a47,0x3a27,0x3a47,0x3a27,0x3a47,0x3a47,0x4247,0x3a47,0x3a27,0x3a27,
  0x3a26,0x3a26,0x3a47,0x4247,0x3a26,0x3a47,0x4268,0x4247,0x3a47,0x3a27,0x3a27,0x4268,0x4268,0x3a48,0x3a47,0x4288,
  0x42a8,0x4288,0x4267,0x4288,0x4aa8,0x4ac9,0x4ac9,0x52ea,0x530a,0x530a,0x530a,0x532a,0x532b,0x532b,0x5b6b,0x534b,
  0x534b,0x6bed,0x6bed,0x6bed,0x63ed,0x6c6f,0x74b0,0x748f,0x74b0,0x7cf1,0x7cf1,0x8511,0x8532,0x7d11,0x7d11,0x7d11,
  0x7d11,0x7cf0,0x7cf1,0x7cf0,0x7cf0,0x7cd0,0x7cd0,0x7caf,0x7cd0,0x7caf,0x746e,0x746e,0x748f,0x646f,0x5c6e,0x9636,
  0xa718,0xa719,0x9f19,0x9f39,0x9f39,0x9f19,0x9f19,0x9f5a,0x9f3a,0x9f3a,0x9f3a,0x9f3a,0x9f19,0x9f19,0x9f19,0x9f3a,
  0x9f3a,0x9f19,0x9f19,0x9f19,0x9f19,0x9f19,0x9f3a,0x9f19,0x9f39,0x9f39,0x9f39,0x9f39,0x9f39,0x9f5a,0x9f59,0x9f39,
  0x3268,0x3267,0x2a27,0x2a27,0x29e6,0x21e6,0x19a5,0x19c5,0x1184,0x1184,0x1184,0x19a4,0x1163,0x0963,0x11a4,0x11a4,
  0x19a4,0x19a5,0x21e5,0x2206,0x21e5,0x2a26,0x2a46,0x2a26,0x21e5,0x19e5,0x2205,0x19e5,0x1a05,0x2205,0x19e5,0x19a5,
  0x19c5,0x21e5,0x2206,0x2206,0x2226,0x2246,0x2246,0x2246,0x2226,0x1a05,0x1a26,0x2246,0x2a67,0x2a88,0x2aa8,0x32e9,
  0x32e9,0x2ac9,0x2aa8,0x2aa8,0x2267,0x1a47,0x2aa8,0x2aa8,0x542e,0xa6b8,0x9eb7,0x9ed8,0x9ef9,0xa719,0xa6f9,0xa719,
  0xa73a,0xa71a,0xa71a,0x9f19,0x9f19,0x9f19,0x9f19,0x9ef9,0x96d9,0x96b8,0x96d9,0x9eb9,0x8e77,0x8e56,0x8e97,0x9697,
  0x8e97,0x8e56,0x8635,0x8e36,0x8615,0x8e56,0x8e35,0x85f4,0x7db4,0x85f5,0x7552,0x6cf1,0x5c8f,0x64d0,0x64d0,0x6cf1,
  0x6d11,0x6d11,0x7552,0x6cf1,0x6cf1,0x6cf1,0x6cd0,0x6cd0,0x6cf1,0x6cd0,0x648f,0x64b0,0x64b0,0x64b0,0x6490,0x6490,
  0x646f,0x646f,0x6c90,0x646f,0x5c2e,0x5c0d,0x5c0e,0x642e,0x5c2e,0x648f,0x646f,0x5c0e,0x5c2e,0x5c2e,0x5c0e,0x5c0e,
  0x5bed,0x640e,0x63ed,0x63ed,0x5bcc,0x3a68,0x29c5,0x3227,0x3a47,0x3a27,0x3206,0x3a47,0x3a47,0x4267,0x3a27,0x4268,
  0x4268,0x4268,0x4268,0x4288,0x4268,0x4268,0x4247,0x3a47,0x4248,0x4268,0x4268,0x4248,0x4248,0x3a47,0x4248,0x3a47,
  0x3a26,0x4267,0x4267,0x3a47,0x3a47,0x4268,0x3a47,0x4247,0x4247,0x4247,0x3a27,0x4267,0x4268,0x4268,0x4268,0x3a68,
  0x4288,0x4288,0x4288,0x4288,0x4ac9,0x4ae9,0x4ac9,0x530a,0x4aea,0x530a,0x532a,0x534b,0x534b,0x534b,0x536b,0x534b,
  0x5b8c,0x6bed,0x6c0e,0x6c0e,0x63ed,0x6c6f,0x74d0,0x74b0,0x74b0,0x7d11,0x7d11,0x7d32,0x7d11,0x7d11,0x7d11,0x7d11,
  0x7d11,0x7d11,0x7d11,0x7cf0,0x7cd0,0x7cd0,0x7cd0,0x7cd0,0x74af,0x748f,0x746e,0x6c4e,0x6c4e,0x6c6e,0x5c4e,0x7511,
  0xa6f8,0xa6f8,0xa719,0xa739,0x9f39,0x9f39,0x9f59,0x9f5a,0xa75a,0xa75a,0xa75a,0x9f3a,0x9f19,0x9f19,0x9f3a,0x9f3a,
  0x9f3a,0x9f3a,0x9f3a,0x9f19,0x9f19,0x9f3a,0x9f3a,0x9f19,0x9f19,0x9f19,0x9f19,0x9f19,0x9f39,0xa75a,0x9f59,0x9f39,
  0x3aa9,0x3247,0x2a27,0x2a27,0x3aa8,0x3288,0x3288,0x3288,0x3288,0x2a47,0x2246,0x2a47,0x2a47,0x2a87,0x2a87,0x2a67,
  0x2a87,0x32c8,0x4b4b,0x53ac,0x3b0a,0x3ac9,0x32c8,0x32a8,0x2226,0x2a87,0x2aa7,0x2a67,0x1a05,0x1a06,0x2226,0x11c4,
  0x19e5,0x2205,0x2226,0x2a87,0x2a87,0x2267,0x2267,0x2a87,0x2aa8,0x32c8,0x32e9,0x3b4a,0x438b,0x43ac,0x43ac,0x4bed,
  0x4bed,0x4bed,0x4c0d,0x542e,0x544e,0x648f,0x6cd0,0x64d0,0x8e15,0x9eb8,0x96b8,0x9ed8,0x9ef9,0xa719,0xa719,0xa73a,
  0xa71a,0xa71a,0xa719,0xa719,0x9ef9,0x9ef9,0x9ef9,0x9ef9,0x9ef9,0x96b8,0x96d8,0x96d8,0x8e97,0x8e56,0x8e56,0x9698,
  0x9698,0x9697,0x8e56,0x8e57,0x8615,0x8635,0x8635,0x85f4,0x7db3,0x85f4,0x7d93,0x6d32,0x6cf1,0x64d0,0x64d0,0x6d31,
  0x6d11,0x6d31,0x7531,0x6d11,0x6cf1,0x6cf1,0x6cf1,0x6cd0,0x64b0,0x6cd0,0x6490,0x6490,0x64b0,0x6490,0x648f,0x64b0,
  0x646f,0x646f,0x6490,0x648f,0x646f,0x5c0e,0x5c0e,0x5c0e,0x5c2e,0x5c4f,0x648f,0x5c4e,0x5c0e,0x5c2e,0x5c0e,0x5c0d,
  0x5c0d,0x5c0e,0x640e,0x640e,0x63ed,0x63cd,0x3aa8,0x3227,0x3227,0x3a47,0x3a67,0x4268,0x4288,0x4288,0x4267,0x3a47,
  0x3a67,0x4268,0x3a47,0x4268,0x3a68,0x4288,0x3a47,0x4247,0x3a47,0x4247,0x3a27,0x3a47,0x3a47,0x4247,0x3a27,0x3a27,
  0x3a26,0x3a26,0x4267,0x4267,0x4247,0x4247,0x3a26,0x3a27,0x4288,0x4267,0x4267,0x4267,0x4268,0x4268,0x4288,0x4288,
  0x4268,0x42a9,0x4ac9,0x4ac9,0x4ae9,0x530a,0x530a,0x530a,0x532b,0x532b,0x534b,0x5b6c,0x5b8c,0x536b,0x5b8c,0x536b,
  0x5bac,0x6c0e,0x6c0e,0x63ed,0x5bcd,0x6c8f,0x7cd0,0x74d0,0x74d0,0x7d11,0x7d11,0x7d11,0x7d11,0x7d11,0x7d31,0x7d11,
  0x7cf1,0x7d11,0x7cf1,0x7cd0,0x7cd0,0x7cd0,0x7cd0,0x74af,0x74af,0x748f,0x748f,0x744e,0x6c2e,0x6c2e,0x642e,0x53ed,
  0x9615,0xa6d8,0xa719,0x9ef8,0x9f19,0x9f19,0x9f19,0x9f19,0x9f39,0x9f19,0x9f3a,0x9f19,0x9f19,0x9f19,0x9f3a,0x9f19,
  0x9f19,0x9f19,0x9719,0x96f9,0x9f19,0x9ef9,0x9ef9,0x9ef9,0x96f9,0x96f9,0x96f9,0x96f8,0x9718,0x9f39,0x9f19,0x9f39,
  0x3288,0x2a47,0x2a47,0x3aa9,0x3ae9,0x32c9,0x3ae9,0x32a8,0x3ae9,0x2aa8,0x2ac8,0x32c8,0x32e9,0x32e9,0x2ac8,0x2ac8,
  0x3309,0x3b4a,0x3b4a,0x3b2a,0x32e8,0x3308,0x3b29,0x3b29,0x3b4a,0x438b,0x4bec,0x4bac,0x3b4a,0x438b,0x4bac,0x4bcc,
  0x540d,0x5c2e,0x644e,0x648f,0x6cd0,0x6cf0,0x6cf0,0x6cf0,0x7552,0x7db3,0x85b4,0x8e15,0x8e15,0x8e55,0x9656,0x9eb7,
  0x9eb8,0x96b7,0x96b7,0x96b7,0x9eb7,0xa6f8,0xa6d8,0x9677,0x9697,0x9eb8,0x96b8,0x96b7,0x9ef9,0x9f19,0xa719,0xa73a,
  0xa73a,0xa73a,0xa71a,0xa71a,0x9ef9,0x9ef9,0x9ef9,0x9ef9,0x9ed9,0x96b8,0x96b8,0x96b8,0x9697,0x8e77,0x8636,0x8e57,
  0x9698,0x96b8,0x8e77,0x8e77,0x85f5,0x7dd4,0x8e56,0x8615,0x7d93,0x85d4,0x7db4,0x7552,0x6d11,0x64b0,0x64d0,0x7552,
  0x6d11,0x7531,0x7552,0x7531,0x6cd0,0x6cf1,0x6cf1,0x74f1,0x6cb0,0x64b0,0x64b0,0x648f,0x648f,0x646f,0x646f,0x6490,
  0x646f,0x646f,0x646f,0x646f,0x6c90,0x644f,0x5c2e,0x5bed,0x5c0e,0x5c2e,0x5c4e,0x648f,0x644f,0x5c2e,0x5c2e,0x5c2e,
  0x5c2e,0x5c2e,0x5c0e,0x640e,0x640e,0x63ed,0x63cd,0x4aea,0x3226,0x3227,0x3a47,0x3a67,0x4268,0x4268,0x4268,0x3a67,
  0x3a67,0x3a67,0x3a47,0x4268,0x4288,0x4268,0x4248,0x3a47,0x4248,0x4268,0x3a47,0x3a27,0x4247,0x3a27,0x3a27,0x3a27,
  0x4267,0x3a26,0x4267,0x4267,0x4267,0x4267,0x3a47,0x3a47,0x4288,0x4267,0x4268,0x4268,0x4268,0x4289,0x4268,0x4288,
  0x42a9,0x4ac9,0x4ae9,0x4ac9,0x530a,0x530a,0x532b,0x532b,0x534b,0x534b,0x534b,0x5b6b,0x5b8c,0x536b,0x63cd,0x5b8c,
  0x63cd,0x742f,0x6c0e,0x63ed,0x63ed,0x748f,0x7cf1,0x74d0,0x74d0,0x7cf1,0x7d11,0x7d11,0x7d11,0x7d11,0x7d11,0x7d11,
  0x7d11,0x7d11,0x7cf0,0x7cf0,0x7cf0,0x7cd0,0x74af,0x748f,0x748f,0x748f,0x748f,0x744e,0x746f,0x640e,0x642e,0x53cc,
  0x6cf0,0xa697,0x9ed8,0x9ed8,0x96d8,0x96b7,0x96d7,0x96d8,0x9ef8,0x9ef9,0x96d9,0x96d8,0x96b8,0x96d8,0x9ef9,0x9f19,
  0x9ef9,0x9ef9,0x9ef9,0x96d9,0x96d8,0x96d9,0x96d8,0x96b8,0x8e97,0x96b8,0x96d8,0x96d8,0x96d8,0x96d8,0x96f8,0x96d8,
  0x3ae9,0x32a8,0x432a,0x434a,0x3b0a,0x434a,0x438b,0x4bcc,0x53ed,0x540d,0x5c4e,0x5c8f,0x64d0,0x5caf,0x5caf,0x64f0,
  0x6d11,0x7d93,0x85b3,0x7d72,0x6d31,0x7d92,0x7551,0x85d3,0x9635,0x9655,0x9676,0x9e76,0x9e97,0xa6b7,0x9eb7,0xaef8,
  0xa6f8,0xaef8,0xaf19,0xa6d8,0xa6d8,0xa6d8,0x9ed7,0x9ed8,0x9ed8,0xa718,0x9ef8,0x9ef8,0x9ef8,0x9ed8,0x9ef8,0x9ef8,
  0x9ef8,0x9ef8,0x96d8,0x9ef8,0x96d8,0x96d8,0x9ed8,0x8e56,0x96b7,0x96b8,0x9ed8,0x9ed8,0x9ef9,0xa71a,0xa73a,0xa73a,
  0x9ef9,0x9ef9,0x9ed9,0x9ed9,0x9ef9,0x9ed9,0x9ed9,0x9ed9,0x9ed9,0x96b8,0x96b8,0x96b8,0x9698,0x8e77,0x8e57,0x8e56,
  0x9677,0x96b8,0x8e77,0x8e57,0x8636,0x7dd4,0x8615,0x8e15,0x7db3,0x7db4,0x85d4,0x7d73,0x7532,0x64d0,0x64d0,0x7552,
  0x7552,0x7531,0x7531,0x6d11,0x6cf1,0x6cd0,0x6cd1,0x6cf1,0x6cd1,0x6cb0,0x6cb0,0x6490,0x648f,0x646f,0x646f,0x646f,
  0x646f,0x5c4f,0x646f,0x646f,0x648f,0x646f,0x646f,0x5c2e,0x5c0e,0x5c0e,0x5c2e,0x646f,0x646f,0x5c4e,0x5c0e,0x5c2e,
  0x5c2e,0x5c0e,0x5c0e,0x640e,0x5bed,0x5bcd,0x63ed,0x63cd,0x4b0a,0x3a67,0x3a67,0x4268,0x4268,0x4288,0x4288,0x4268,
  0x4268,0x3a67,0x4268,0x4288,0x4268,0x4268,0x3a47,0x3a27,0x4268,0x4248,0x4268,0x4248,0x4268,0x4248,0x3a47,0x4247,
  0x3a47,0x3a46,0x4247,0x4267,0x4267,0x4267,0x4267,0x4267,0x4267,0x4288,0x4288,0x4288,0x4268,0x4288,0x4288,0x4288,
  0x42a8,0x4ac8,0x4ae9,0x4b09,0x4b09,0x532a,0x530a,0x532b,0x5b4b,0x5b8c,0x5b6b,0x5b8c,0x5b8c,0x5b8c,0x63cd,0x5bac,
  0x742f,0x742f,0x6c2f,0x63ed,0x640e,0x7490,0x74b0,0x748f,0x74b0,0x7cd0,0x7cf1,0x7d11,0x7d11,0x7d12,0x7d11,0x7cf1,
  0x7cf0,0x7d11,0x7cd0,0x74cf,0x7cd0,0x74af,0x74af,0x748f,0x748f,0x746e,0x746e,0x746f,0x746e,0x6c2e,0x642e,0x53cc,
  0x5c4e,0x8df4,0x9697,0x96b7,0x9697,0x8e76,0x8e97,0x96b7,0x96b8,0x96b8,0x8e97,0x8e77,0x8e77,0x9698,0x8e97,0x8e98,
  0x96b8,0x96d8,0x96b8,0x9698,0x8e77,0x8e77,0x96b8,0x9698,0x8e57,0x8e97,0x8e77,0x8e97,0x96b7,0x96b7,0x8e97,0x8e97,
  0x6c8f,0x6c8f,0x5bed,0x7d11,0x9e35,0x9635,0x9e76,0x9e96,0x9676,0x9eb7,0xa6d8,0x9ed7,0x9ed8,0x9ef8,0x9ef8,0xa718,
  0x9ef8,0xa718,0xa719,0xa718,0xaf39,0xaf39,0xa6f8,0xa719,0xaf39,0xa739,0xa719,0xa739,0xa719,0xa718,0xa6f8,0xa718,
  0xa6f8,0x9eb7,0x9eb7,0x9eb7,0x9696,0x96b7,0x96b7,0x9ed7,0x96b7,0x96b7,0x96b7,0x96d7,0x96b7,0x96b7,0x96d7,0x96b7,
  0x96d8,0x96d8,0x96b7,0x96d7,0x96f8,0x96d8,0x8e76,0x8e56,0x9697,0x9ed8,0x96b8,0x9697,0x9ed8,0xa73a,0xaf5b,0xa73a,
  0xa73a,0xa71a,0x9ef9,0x9ed9,0x9ef9,0x9ed9,0x96b8,0x9ed8,0x96b8,0x96b8,0x9ed9,0x96b8,0x9698,0x8e57,0x8e57,0x8e56,
  0x8e57,0x96b8,0x9698,0x8e57,0x8e57,0x85f5,0x85f4,0x85f4,0x7d93,0x7db3,0x85d4,0x7d73,0x7552,0x6d11,0x6cf0,0x7552,
  0x7552,0x7531,0x7552,0x7531,0x6d11,0x6cf1,0x6cf1,0x6cf1,0x6cf1,0x6cd0,0x64b0,0x6490,0x648f,0x646f,0x646f,0x646f,
  0x646f,0x5c4f,0x5c2e,0x5c4f,0x5c4f,0x646f,0x644f,0x644f,0x642f,0x5c0e,0x5c2e,0x642e,0x644f,0x646f,0x5c4e,0x5c0e,
  0x5c2e,0x5c2e,0x5c0e,0x5c0e,0x53cd,0x5bed,0x5bed,0x5bcd,0x63cd,0x534b,0x3a68,0x3a68,0x3a67,0x42a8,0x4288,0x3a47,
  0x3a67,0x4288,0x3a47,0x4268,0x4288,0x4268,0x4247,0x4268,0x4268,0x4268,0x4268,0x4268,0x4268,0x4248,0x3a47,0x3a47,
  0x4267,0x3a47,0x3a47,0x4267,0x4267,0x4287,0x4287,0x4287,0x4288,0x4288,0x4288,0x4288,0x4268,0x4268,0x4aa9,0x4ac9,
  0x4aa8,0x4ae9,0x5309,0x5309,0x5309,0x532a,0x532a,0x5b4b,0x5b6c,0x5b8c,0x5b8c,0x5b8c,0x5b8c,0x5bac,0x5bac,0x63cd,
  0x742f,0x6c2f,0x6c2f,0x63cd,0x6c4f,0x7490,0x74b0,0x748f,0x74b0,0x7cd1,0x7cf1,0x7cf1,0x7cf1,0x74d1,0x74d0,0x74b0,
  0x7cd0,0x7cd0,0x7cb0,0x74cf,0x74af,0x74af,0x748f,0x748f,0x748f,0x746e,0x746e,0x746e,0x746e,0x6c4e,0x642d,0x5c0d,
  0x53ed,0x8dd4,0x9e97,0x8e56,0x8e36,0x8e56,0x8e77,0x8e76,0x8e56,0x8e56,0x8636,0x8636,0x8636,0x8e56,0x8636,0x8636,
  0x8636,0x8e56,0x8636,0x8636,0x8636,0x8e56,0x8e57,0x8e77,0x9698,0x8e77,0x8e57,0x8e77,0x9697,0x8e77,0x8e77,0x8656,
  0xa656,0x646e,0x09a3,0x4bab,0xa6d7,0xa6d7,0xa6f8,0xa6f8,0x9eb7,0x9ed7,0x96b7,0x9696,0x9696,0x96d7,0x96b7,0x96b7,
  0x96b7,0x9696,0x8e76,0x9697,0x9697,0x9697,0x9eb7,0x96b7,0x96b7,0x96f7,0x9f18,0x9ef8,0xa718,0x9ef8,0x96d7,0x9ed8,
  0x9ed8,0x96b7,0x9697,0x96b7,0x9697,0x96b7,0x96b7,0x96b7,0x96b7,0x9696,0x8e96,0x8e96,0x96b7,0x96b7,0x96b7,0x96d7,
  0x8eb7,0x96d7,0x96d8,0x96d8,0x9f19,0x9697,0x8635,0x8e56,0x9677,0x9697,0x96b8,0x9697,0x8e97,0xa719,0xa73a,0xa73a,
  0xa73a,0xa71a,0x9ed9,0x9ed9,0x9ed9,0x9ed9,0x96b8,0x9ed8,0x96b8,0x96b8,0x96b8,0x9698,0x8e77,0x8636,0x8e56,0x8e77,
  0x8e57,0x9698,0x9eb8,0x8e57,0x8e57,0x8615,0x7dd4,0x85f5,0x7db4,0x7d93,0x85d4,0x7db3,0x7552,0x7532,0x6d11,0x7552,
  0x7572,0x7572,0x7572,0x7531,0x7532,0x6cf1,0x64d0,0x6cf1,0x6cd1,0x64b0,0x6490,0x64b0,0x646f,0x646f,0x646f,0x646f,
  0x646f,0x5c2e,0x646f,0x646f,0x5c2e,0x5c4f,0x5c4f,0x5c4f,0x644f,0x642e,0x5c0e,0x642e,0x644e,0x644f,0x646f,0x5c2e,
  0x5c2e,0x5c2e,0x5c2e,0x5c2e,0x53ed,0x5bed,0x5bed,0x5bed,0x5bed,0x63cd,0x5bad,0x3a88,0x3226,0x3a88,0x42a9,0x3a47,
  0x4288,0x4268,0x3a47,0x4268,0x4288,0x4268,0x4247,0x4268,0x4268,0x4247,0x4268,0x4268,0x4268,0x4247,0x3a47,0x4247,
  0x4267,0x4267,0x4267,0x4267,0x4267,0x4287,0x4287,0x4aa8,0x4287,0x4288,0x4aa8,0x4288,0x4288,0x4aa9,0x52ea,0x4ae9,
  0x4ae9,0x530a,0x530a,0x530a,0x532a,0x534a,0x534a,0x534b,0x536b,0x5b8c,0x5bac,0x63ac,0x63cd,0x63cd,0x5bac,0x63cd,
  0x6c2f,0x6c2f,0x6c2e,0x538c,0x63ed,0x7490,0x748f,0x748f,0x746f,0x7cb0,0x7cd0,0x74b0,0x74d0,0x7490,0x74b0,0x74b0,
  0x74b0,0x74af,0x74af,0x74af,0x74af,0x74af,0x748f,0x748f,0x746e,0x746e,0x746e,0x746e,0x6c4e,0x6c4e,0x642d,0x640d,
  0x53ec,0x7511,0x9656,0x8e15,0x8615,0x8635,0x8635,0x7e15,0x7df5,0x8615,0x7df5,0x8616,0x8615,0x85f5,0x8616,0x8616,
  0x7df5,0x7dd5,0x85f5,0x8616,0x8e36,0x8636,0x8636,0x8636,0x8e57,0x8e57,0x8e36,0x8636,0x8636,0x8e56,0x8636,0x8636,
  0x646e,0x434a,0x32e8,0x3309,0x8e14,0x9eb7,0x9696,0x96b6,0x9696,0x96b6,0x96b7,0x9696,0x9696,0x96b7,0x8e76,0x96b7,
  0x96b7,0x8e76,0x9697,0x96b7,0x9eb7,0x96b7,0x96b7,0x9ed7,0x96d7,0x96d7,0x96f7,0x96f7,0x9697,0x96b7,0x9ef8,0x96d7,
  0x96d8,0x96d8,0x96b7,0x96b7,0x96b7,0x8eb7,0x96f8,0x96d7,0x96d7,0x8eb7,0x8eb6,0x96d7,0x8eb7,0x96d7,0x8eb7,0x96d7,
  0x96d8,0x96f8,0x9ef8,0x9f19,0x96d8,0x8636,0x8656,0x8636,0x9697,0x9697,0x96b7,0x8e77,0x8e77,0x9ef9,0xaf5a,0xa71a,
  0x9ef9,0x9ef9,0x9ed9,0x9ed9,0x9ed9,0x9ed9,0x96b8,0x96b8,0x9ed9,0x96b8,0x96b8,0x9698,0x8636,0x7df5,0x7df5,0x8e57,
  0x8e57,0x8e57,0x9677,0x8e57,0x8e57,0x8e36,0x7db4,0x85d4,0x85b4,0x7d73,0x85d4,0x7d93,0x7553,0x7552,0x7532,0x7552,
  0x7d73,0x7572,0x6d32,0x7532,0x6d12,0x6cf1,0x64d0,0x6cf1,0x6cd0,0x64b0,0x6cd0,0x6490,0x646f,0x646f,0x646f,0x646f,
  0x646f,0x5c4f,0x648f,0x5c4f,0x5c2e,0x5c4f,0x5c4f,0x5c4f,0x5c4f,0x644f,0x5c2e,0x5c2e,0x5c4e,0x5c2e,0x646f,0x644f,
  0x642e,0x5c2e,0x5c2e,0x5c0e,0x5c0e,0x5bed,0x5c0d,0x53cd,0x5bed,0x5bed,0x63ee,0x63cd,0x42c9,0x3247,0x3a88,0x4288,
  0x4288,0x3a47,0x3a27,0x4288,0x4aa8,0x4aa8,0x4268,0x4288,0x4288,0x4288,0x4288,0x4288,0x4288,0x4267,0x4267,0x4267,
  0x4267,0x4267,0x4267,0x4287,0x4267,0x4287,0x4288,0x4288,0x4aa8,0x4aa8,0x4aa8,0x4aa8,0x4288,0x4ac9,0x4ac9,0x4ae9,
  0x530a,0x532a,0x5309,0x532a,0x532a,0x534a,0x536a,0x5b6b,0x5b8b,0x5b8c,0x5bac,0x5bac,0x63cd,0x63cd,0x63cd,0x6c0e,
  0x6c0e,0x744f,0x63ed,0x536b,0x63ed,0x6c2f,0x6c4f,0x6c4e,0x746f,0x748f,0x74b0,0x74b0,0x748f,0x74af,0x74b0,0x74b0,
  0x74b0,0x748f,0x74af,0x7cd0,0x74af,0x748f,0x748f,0x748f,0x746e,0x746e,0x746e,0x744e,0x6c2d,0x6c2e,0x63ed,0x5c0d,
  0x53ec,0x5c4e,0x8df4,0x8df4,0x85f4,0x85f5,0x7e15,0x75d4,0x7df5,0x7df5,0x7df5,0x7e15,0x7df5,0x7dd5,0x7df5,0x7e15,
  0x7df5,0x7df5,0x7df5,0x85f5,0x8615,0x8615,0x8656,0x8615,0x8615,0x8e16,0x8e16,0x85f5,0x8616,0x8636,0x8615,0x8616,
  0x32c8,0x32e8,0x32e8,0x3b4a,0x8e14,0x9696,0x8e75,0x8e75,0x8e96,0x96b6,0x96b7,0x9696,0x8e76,0x9696,0x9696,0x9696,
  0x9676,0x8e76,0x9696,0x9696,0x9697,0x9697,0x9696,0x96b7,0x96b7,0x8e96,0x96d7,0x8e76,0x6531,0x75b3,0x96b7,0x9696,
  0x96b7,0x96b7,0x96d8,0x9f18,0x96f8,0x96d8,0x96d7,0x96d8,0x96f8,0x96f7,0x96d7,0x9718,0x96f8,0x96f7,0x96f8,0x96f8,
  0x96f8,0x9718,0x96f8,0x9f19,0x96b8,0x8635,0x8636,0x8656,0x8e77,0x9697,0x96b7,0x8e56,0x8615,0xa719,0xa73a,0xa71a,
  0x9ed9,0xa71a,0x9ef9,0x9ed9,0x96b8,0x9ed9,0x9ed8,0x9ed8,0x96b8,0x9698,0x96b8,0x9697,0x8e36,0x8e56,0x8636,0x8616,
  0x8e36,0x8e36,0x8e57,0x9677,0x8e36,0x8e57,0x85f5,0x7d93,0x7db3,0x7572,0x85d4,0x7db4,0x7552,0x6d31,0x6d31,0x7d73,
  0x7d73,0x7d73,0x7d73,0x7552,0x6d11,0x6d11,0x6cf1,0x6cf1,0x6cf1,0x6cd0,0x64b0,0x64b0,0x6490,0x646f,0x646f,0x6490,
  0x646f,0x646f,0x646f,0x5c4f,0x5c4f,0x5c4f,0x5c4e,0x5c2e,0x5c4f,0x644f,0x5c2e,0x5c2e,0x5c2e,0x644f,0x644f,0x644e,
  0x644f,0x642e,0x5c0e,0x5c2e,0x5c0e,0x5c0e,0x5c0d,0x5bcd,0x5bed,0x5bed,0x5bed,0x63ee,0x63ee,0x4b0a,0x3267,0x3a68,
  0x3a67,0x4268,0x4268,0x4288,0x4ac9,0x4aa8,0x4288,0x4288,0x4288,0x4288,0x4aa8,0x4aa9,0x4267,0x4267,0x4a88,0x4267,
  0x4267,0x4267,0x4288,0x4288,0x4267,0x4aa8,0x4ac9,0x4288,0x4aa8,0x4ae9,0x4ac8,0x4ac9,0x4ae9,0x4ac9,0x52ea,0x530a,
  0x530a,0x532a,0x532a,0x532a,0x534a,0x536b,0x5b6b,0x5bac,0x5b8b,0x5b8c,0x5bac,0x5bcd,0x5bac,0x63cd,0x640e,0x744f,
  0x742f,0x744f,0x63ed,0x538c,0x6c2e,0x6c4f,0x6c4f,0x6c4e,0x7490,0x748f,0x7490,0x748f,0x6c8f,0x6c8f,0x6c8f,0x748f,
  0x748f,0x748f,0x748f,0x748f,0x74af,0x748f,0x7caf,0x748f,0x746e,0x6c4e,0x6c4e,0x6c4e,0x6c4e,0x640d,0x5bec,0x640d,
  0x5bed,0x53ec,0x8572,0x85d4,0x85f4,0x7db4,0x7dd4,0x7df5,0x7df5,0x7df5,0x7df5,0x7df5,0x7df5,0x7dd5,0x7dd5,0x7df5,
  0x7df5,0x85f5,0x7dd5,0x85d5,0x7df5,0x7dd5,0x7df5,0x7df5,0x85f5,0x85d5,0x85f5,0x85f5,0x85f5,0x85f5,0x8615,0x8616,
  0x646e,0x436a,0x3308,0x64d0,0x9676,0x9676,0x8e55,0x8e55,0x8e96,0x8eb6,0x8e96,0x8e96,0x9696,0x8e76,0x9696,0x9696,
  0x9696,0x96b7,0x9696,0x8e76,0x9696,0x8e76,0x9696,0x96b7,0x96b7,0x96d7,0x96d8,0x96b7,0x7e14,0x7e14,0x96d7,0x8e96,
  0x8eb7,0x96d8,0x96f8,0x9718,0x9f18,0x9718,0x96f8,0x96d8,0x96d7,0x9f18,0x9718,0x9f18,0x9718,0x9718,0x9f38,0x9718,
  0x9718,0x9f39,0x9f39,0x96f8,0x7e14,0x7df4,0x8635,0x8e56,0x9677,0x96b7,0x9ed8,0x96b7,0x75b4,0x96b8,0xaf3a,0x9ef9,
  0x9ef9,0x9ef9,0x9ef9,0x96b8,0x9698,0x9698,0x9697,0x96b8,0x9eb8,0x9698,0x96b8,0x9698,0x8e36,0x8636,0x8e56,0x8615,
  0x8615,0x8e57,0x8e57,0x9698,0x8e57,0x8e57,0x8616,0x7593,0x7d93,0x7572,0x85d4,0x85b4,0x7572,0x7532,0x7532,0x7552,
  0x7d73,0x7d93,0x7d73,0x7552,0x7552,0x6d32,0x6cf1,0x6cf1,0x64d0,0x64d0,0x64d0,0x64b0,0x64b0,0x6cb0,0x6490,0x6cb0,
  0x6cb0,0x5c4f,0x646f,0x5c4f,0x646f,0x644f,0x5c4f,0x5c4e,0x5c4e,0x644f,0x5c4f,0x5c4e,0x5c4f,0x5c2e,0x5c4e,0x5c4e,
  0x646f,0x646f,0x644e,0x644e,0x5c2e,0x5c0d,0x5bed,0x5bed,0x5c0e,0x5bed,0x5bed,0x5bed,0x5bcd,0x640e,0x536b,0x3a68,
  0x3a67,0x3a68,0x4288,0x4aa9,0x4aa9,0x4288,0x4a88,0x4aa8,0x4268,0x4288,0x4287,0x4a88,0x4267,0x4a88,0x4287,0x4267,
  0x4267,0x4287,0x4287,0x4288,0x4a88,0x4aa8,0x4ac9,0x4aa8,0x4aa8,0x4ae9,0x4ac8,0x4ae9,0x52e9,0x52e9,0x530a,0x530a,
  0x530a,0x532a,0x534a,0x530a,0x534a,0x5b8b,0x5b8b,0x5bac,0x5bac,0x5b8c,0x5bac,0x63ed,0x63ed,0x6c2e,0x6c2f,0x746f,
  0x7470,0x7490,0x5bad,0x5bcd,0x746f,0x6c4f,0x6c4f,0x6c4f,0x746f,0x746f,0x6c6f,0x6c6f,0x6c6f,0x6c6f,0x6c6f,0x6c8f,
  0x6c6e,0x6c6f,0x6c6e,0x6c4e,0x748f,0x748f,0x748f,0x746e,0x6c6e,0x6c4e,0x6c4e,0x6c4e,0x6c0d,0x640d,0x63ec,0x640d,
  0x5bcd,0x53cc,0x7d32,0x85d4,0x7db4,0x7594,0x75b4,0x7dd4,0x75d4,0x7dd4,0x7db4,0x7db4,0x7dd5,0x7dd5,0x7dd5,0x7df5,
  0x7df5,0x7dd5,0x85d5,0x7dd4,0x7dd4,0x7dd4,0x7db4,0x7dd4,0x7df5,0x7dd5,0x85f5,0x85f5,0x7dd5,0x7db4,0x7dd5,0x7df5,
  0x9635,0x8dd3,0x85b3,0x9656,0x9e97,0x96b7,0x9697,0x9697,0x8e96,0x8eb6,0x8eb7,0x96b7,0x9697,0x9697,0x96d7,0x96d7,
  0x96b7,0x9696,0x96b7,0x96b7,0x9696,0x8e76,0x8e96,0x96b7,0x96d7,0x9ef8,0x96d7,0x96f8,0x9f18,0x96d7,0x9f18,0x9f18,
  0x9718,0x9f18,0x9718,0x9f18,0x9f39,0x9f39,0x9f39,0x9718,0x96f8,0x9f39,0x9f39,0x9f39,0x9f38,0x9f38,0x9f38,0x9718,
  0x9f18,0x9f39,0x9f59,0x8e97,0x6db3,0x7e15,0x8e77,0x8656,0x8e77,0x8e97,0x96b8,0x9ef9,0x7dd4,0x8636,0xa73a,0xa71a,
  0x9ed9,0x9ef9,0x9ed9,0x9698,0x96b8,0x9698,0x8e57,0x9698,0x96b8,0x9698,0x9698,0x9677,0x8e36,0x8636,0x8e56,0x8636,
  0x7df5,0x8636,0x8e57,0x9677,0x8e57,0x8636,0x8e57,0x7d94,0x7d93,0x7573,0x7db4,0x85d4,0x7d93,0x7573,0x7552,0x7552,
  0x7db4,0x7d93,0x7d93,0x7573,0x7573,0x7532,0x6d11,0x6cf1,0x64d0,0x64d0,0x6cd0,0x64d0,0x6cd0,0x6cb0,0x6cb0,0x6cb0,
  0x6cb0,0x646f,0x646f,0x646f,0x648f,0x646f,0x646f,0x5c4e,0x5c2e,0x5c4f,0x5c4f,0x646f,0x5c4f,0x5c2e,0x5c2e,0x5c4e,
  0x644f,0x644e,0x646f,0x644f,0x5c2e,0x5c2e,0x5c0d,0x5c2e,0x5c0e,0x5c0d,0x5bed,0x5bed,0x5bed,0x5bcd,0x5bcd,0x538c,
  0x42c9,0x3227,0x4288,0x42a9,0x4288,0x4288,0x4288,0x4a88,0x4288,0x4288,0x4288,0x4a88,0x4288,0x4aa8,0x4288,0x4287,
  0x4267,0x4267,0x4287,0x4aa8,0x52e9,0x4ac9,0x4ac9,0x52e9,0x4ae9,0x4ac8,0x4ae9,0x5309,0x530a,0x5b2a,0x532a,0x530a,
  0x530a,0x532a,0x5b4a,0x534a,0x534a,0x5b8b,0x536b,0x5bac,0x63cc,0x63ed,0x63cc,0x63ed,0x6c2e,0x6c4f,0x746f,0x7c90,
  0x7cb0,0x7cb0,0x538c,0x5bcd,0x7490,0x6c4e,0x6c2e,0x6c4f,0x6c4f,0x6c4f,0x6c6f,0x6c4e,0x6c6e,0x6c6f,0x6c6f,0x6c6f,
  0x6c6e,0x6c4e,0x6c4e,0x6c4e,0x6c6e,0x6c6e,0x746e,0x6c6e,0x6c6e,0x6c4e,0x642d,0x6c2e,0x6c0d,0x6c0d,0x63ed,0x640d,
  0x5bcd,0x53ac,0x74f1,0x8dd4,0x7db4,0x7db4,0x7dd4,0x75d4,0x75d4,0x75b4,0x7594,0x7594,0x7594,0x75b4,0x7dd4,0x7dd5,
  0x7dd5,0x7dd4,0x85f5,0x7dd4,0x7dd5,0x7df5,0x7db4,0x7db4,0x7dd4,0x7dd5,0x7dd4,0x7db4,0x7dd5,0x7dd5,0x7dd5,0x7db4,
  0x9655,0x9635,0x9696,0x9697,0x9676,0x9697,0x9ed7,0x96d7,0x96b7,0x96b7,0x8eb7,0x96b7,0x96b7,0x96d7,0x96d7,0x96d7,
  0x9696,0x9697,0x96d7,0x96d7,0x96d7,0x96d7,0x96d7,0x96f8,0x9718,0x96f8,0x96f8,0x9f19,0x9f19,0x9f18,0x9f18,0x9f39,
  0x9f18,0x9f18,0x9f39,0x9f39,0x9f39,0x9f59,0x9f39,0x9718,0x9f18,0x9f39,0x9f39,0x9f39,0x9f39,0x9f38,0x9718,0x9f19,
  0x9f39,0x9f39,0xa759,0x75f4,0x6d93,0x7e15,0x8e76,0x8636,0x8e77,0x8e77,0x96b8,0x9ed8,0x7e15,0x7dd5,0xa73a,0x9f1a,
  0x9ef9,0x9ef9,0x9ef9,0x9ed9,0x96b8,0x96b8,0x8e77,0x9698,0x96b8,0x9698,0x9698,0x8e57,0x8e36,0x85f6,0x8636,0x8636,
  0x7dd5,0x7df5,0x8e57,0x9677,0x9677,0x8616,0x8e57,0x7dd4,0x7573,0x7d73,0x7d93,0x85d4,0x7d93,0x7552,0x7552,0x7d73,
  0x85b4,0x85b4,0x7d93,0x85b4,0x7d93,0x7552,0x7532,0x6cf1,0x6cf1,0x6d11,0x6cf1,0x6cd1,0x6cf1,0x6cb0,0x6cb0,0x6cd0,
  0x64b0,0x6cb0,0x6490,0x646f,0x646f,0x648f,0x646f,0x644f,0x5c4f,0x5c4e,0x5c4e,0x5c2e,0x5c4f,0x5c6f,0x646f,0x5c4e,
  0x5c4e,0x5c4e,0x644e,0x644f,0x5c2e,0x5c2e,0x5c0e,0x5c0e,0x5c0d,0x5c0d,0x53ed,0x5bed,0x5bed,0x5bed,0x5bed,0x63ed,
  0x63ed,0x4b2a,0x42a8,0x3a47,0x3a68,0x4288,0x4288,0x4aa8,0x4a88,0x4aa9,0x4aa9,0x4aa9,0x4aa8,0x42a8,0x4288,0x4287,
  0x4288,0x4288,0x4a88,0x4aa8,0x52c9,0x4ac9,0x4ac9,0x52e9,0x52e9,0x52e9,0x52e9,0x5309,0x530a,0x5b4a,0x5b4b,0x532a,
  0x534a,0x5b6b,0x5b6b,0x5b6b,0x5b8b,0x5b8b,0x5b8b,0x5bac,0x5bcc,0x63ed,0x63ec,0x6c2e,0x746f,0x6c4f,0x746f,0x7cb0,
  0x7490,0x7cb0,0x538c,0x5bcd,0x748f,0x746f,0x6c2e,0x6c2e,0x6c4f,0x6c4e,0x6c4e,0x6c4e,0x6c4e,0x6c6e,0x6c6e,0x6c8f,
  0x748f,0x6c6e,0x6c4e,0x6c6e,0x6c6e,0x6c6e,0x6c6e,0x6c4e,0x6c4e,0x6c4e,0x6c4e,0x6c4e,0x6c0d,0x6c2d,0x640d,0x63cd,
  0x5bcd,0x538c,0x6c90,0x8dd4,0x7d93,0x7db4,0x7dd5,0x75d4,0x75f4,0x75d4,0x7594,0x7d94,0x7594,0x7593,0x75b4,0x75b4,
  0x7593,0x7593,0x7db4,0x7db4,0x75b4,0x75b4,0x7dd4,0x7dd4,0x7db4,0x7db4,0x7db4,0x7594,0x7db4,0x7dd4,0x7db4,0x7db4,
  0x8e34,0x8e35,0x8e35,0x9696,0x96b7,0x9697,0x96b7,0x96b7,0x96b7,0x8eb7,0x96b7,0x96b7,0x8e97,0x96b7,0x96b7,0x8e97,
  0x96b7,0x96d8,0x96f8,0x96f8,0x9f18,0x9ef8,0x9ef8,0x9f38,0x9f38,0x9718,0x9f39,0x9f59,0x9f39,0x9f59,0x9f19,0x9f39,
  0x9718,0x9f19,0x9f19,0x9f39,0x9f39,0x9f39,0x9718,0x9718,0x9f39,0x9f39,0x9f39,0x9f18,0x9f39,0x9f59,0x9718,0x9f39,
  0x9f39,0xa75a,0x96f8,0x6d73,0x75d4,0x8656,0x8616,0x8e77,0x8e57,0x8e57,0x96b8,0x96b8,0x8e57,0x7db4,0x9ed9,0x9ef9,
  0x9ed9,0x9ef9,0xa719,0x9ed9,0x96b8,0x96b8,0x9697,0x9698,0x9698,0x8e77,0x8e77,0x8e57,0x8616,0x85f5,0x8616,0x8616,
  0x7dd5,0x75b4,0x8616,0x8e57,0x8e77,0x8636,0x9677,0x8e16,0x7573,0x7573,0x7d93,0x85d4,0x7d93,0x7d73,0x7573,0x7573,
  0x85b4,0x85d4,0x85d4,0x7db4,0x7d93,0x7d93,0x7552,0x6d11,0x6cf1,0x7511,0x6cf1,0x6cf1,0x6cf1,0x6cd0,0x6cb0,0x64b0,
  0x6cb0,0x648f,0x648f,0x6490,0x6490,0x646f,0x646f,0x646f,0x644f,0x5c4f,0x5c2e,0x5c4e,0x5c4f,0x5c4e,0x646f,0x646f,
  0x646f,0x5c4e,0x644f,0x644f,0x646f,0x5c2e,0x5c2e,0x5c0e,0x5c0d,0x5c2e,0x5c2e,0x5c0d,0x5c0d,0x5c0d,0x5bed,0x5bed,
  0x63ed,0x63ed,0x536b,0x3a88,0x3247,0x3a68,0x42a8,0x4aa9,0x4ac9,0x4288,0x4aa9,0x4aa9,0x4aa8,0x4ac9,0x4ac9,0x42a8,
  0x4aa8,0x4aa8,0x4aa8,0x4aa8,0x5309,0x52e9,0x4ac9,0x5b0a,0x5b2a,0x5309,0x532a,0x5309,0x530a,0x534a,0x5b4a,0x5b4a,
  0x5b6b,0x5b8b,0x5b6b,0x5b6b,0x5b8b,0x5b8b,0x5bab,0x63cc,0x63cc,0x640d,0x6c2d,0x6c4e,0x746f,0x6c2e,0x6c4f,0x7490,
  0x7470,0x6c4f,0x5bac,0x6c2e,0x746f,0x746f,0x6c4e,0x6c2e,0x6c4e,0x6c2e,0x6c4e,0x6c4e,0x644e,0x6c4e,0x6c6e,0x6c6e,
  0x6c8e,0x6c6e,0x6c4e,0x6c6e,0x6c4e,0x6c4e,0x6c4e,0x6c2d,0x6c4e,0x6c2d,0x6c4e,0x6c4e,0x6c0d,0x6c0d,0x640d,0x63ed,
  0x5bad,0x4b6b,0x6c6f,0x8db4,0x7d94,0x7dd5,0x75b4,0x75b4,0x75b4,0x75b4,0x7593,0x7d94,0x7594,0x7573,0x7573,0x7594,
  0x7573,0x7573,0x7594,0x7db4,0x7594,0x7593,0x7594,0x75b4,0x7db4,0x7db4,0x7db4,0x7db4,0x7db4,0x7d94,0x7db4,0x7db4,
  0x8e75,0x8e55,0x8e55,0x8e76,0x96b7,0x96b7,0x8e97,0x96b7,0x96b7,0x8eb7,0x96d8,0x8e97,0x8e96,0x96d7,0x9ef8,0x96d8,
  0x9ef8,0x9f18,0x9f19,0x9ef8,0x9ef8,0x9f19,0x9f19,0x9f18,0x9f38,0x9f18,0x9f39,0x9f39,0x9f39,0x9f19,0x9f19,0x9f19,
  0x9f39,0x9f59,0x9f19,0x9f39,0x9f39,0x9f39,0x9718,0x9f19,0x9f39,0x9f39,0x9f39,0x9f18,0x9f18,0x9f39,0x96f8,0x96f8,
  0x9ef8,0x9ef8,0x8e76,0x6d52,0x7df5,0x8615,0x8615,0x8e36,0x8e77,0x8e57,0x9677,0x96b8,0x9677,0x75b4,0x8e77,0xa73a,
  0x9ed9,0x9ef9,0x9ef9,0x9ed9,0x96b8,0x9697,0x8e77,0x9698,0x8e77,0x8636,0x8e57,0x9677,0x8e36,0x85d5,0x85f5,0x8e36,
  0x8616,0x7573,0x7dd4,0x8e36,0x8e57,0x8e57,0x9677,0x8e36,0x7553,0x7573,0x7d73,0x7d93,0x7db4,0x7d73,0x7552,0x7d73,
  0x85d4,0x85d4,0x7db4,0x7db4,0x85d4,0x7d93,0x7552,0x6d11,0x6d11,0x7512,0x6cf1,0x7511,0x6cf1,0x6cf1,0x6cd0,0x6cd0,
  0x6cd0,0x64b0,0x64b0,0x6490,0x64b0,0x6490,0x6490,0x646f,0x644f,0x5c4f,0x5c4f,0x5c4f,0x5c2e,0x5c4f,0x646f,0x5c4f,
  0x646f,0x5c4e,0x644f,0x5c4e,0x5c2e,0x5c2e,0x644f,0x5c2e,0x5c0e,0x5c2e,0x5c2e,0x5c2e,0x5c0e,0x5c0e,0x5c0e,0x5c0d,
  0x5bed,0x5bed,0x640e,0x63ed,0x534b,0x42c9,0x42a8,0x42a8,0x4ac9,0x4288,0x4ac9,0x4aa9,0x4ac9,0x4ac9,0x4aa9,0x4ac9,
  0x4ae9,0x5309,0x5309,0x52e9,0x52e9,0x4ac9,0x52e9,0x530a,0x532a,0x5309,0x532a,0x532a,0x5b2a,0x5b4a,0x5b6b,0x5b6b,
  0x5b6b,0x5b6b,0x5b4a,0x5b4b,0x5b8b,0x5bab,0x63cc,0x63cc,0x63ed,0x6c0d,0x6c4e,0x6c4e,0x744e,0x6c4f,0x6c4f,0x746f,
  0x74b0,0x63ed,0x5bac,0x6c4e,0x6c4e,0x6c6f,0x6c4e,0x6c4f,0x6c4e,0x6c2e,0x6c4e,0x6c4e,0x6c4e,0x6c4e,0x642d,0x642d,
  0x6c6e,0x6c4e,0x642d,0x6c4e,0x6c4e,0x6c4e,0x642d,0x642d,0x6c6e,0x6c2d,0x6c4e,0x6c4e,0x6c2e,0x6c2e,0x63ed,0x5bcd,
  0x538c,0x4b6b,0x644e,0x8593,0x7db4,0x7db4,0x7db4,0x7594,0x75b4,0x7593,0x7593,0x7593,0x7573,0x7573,0x7573,0x7573,
  0x7573,0x7573,0x7573,0x7593,0x7573,0x7593,0x7593,0x7594,0x75b4,0x7594,0x7573,0x7db4,0x7d94,0x7d94,0x7db4,0x85d5,
  0x9696,0x8e55,0x8e76,0x9696,0x96b7,0x96b7,0x8e97,0x96d7,0x8eb7,0x8eb7,0x96b7,0x96d8,0x9ef8,0x96d8,0x9ef8,0x9f18,
  0x9ef8,0x9f18,0x9f19,0xa739,0xa739,0xa759,0xa739,0xa739,0x9f18,0x9f39,0x9f39,0x9f18,0x96f8,0x9f39,0x9f39,0x9f39,
  0xa75a,0x9f59,0x9f39,0x9f59,0x9f39,0x9f19,0x9f18,0x9718,0x9f18,0x9f39,0x9f18,0x96f8,0x96f8,0x96d8,0x8eb7,0x8e97,
  0x8eb7,0x9697,0x8636,0x75b4,0x8616,0x8615,0x85f5,0x8616,0x8e57,0x8e77,0x9677,0x9698,0x9eb8,0x75b4,0x7df5,0xa71a,
  0x9ef9,0x9ed9,0x9ef9,0x9ef9,0x9697,0x8e77,0x8e77,0x9698,0x9698,0x8e57,0x8e57,0x8e57,0x8616,0x7db5,0x85f5,0x8636,
  0x7df5,0x7594,0x7573,0x85f5,0x8e57,0x8e57,0x8e37,0x8e36,0x7573,0x7553,0x7d73,0x7d93,0x85d4,0x7d73,0x7573,0x7d93,
  0x85d4,0x85d4,0x85d4,0x7dd4,0x85d4,0x7d93,0x7552,0x7532,0x7532,0x7532,0x6d11,0x6cf1,0x7511,0x6cf1,0x6cf1,0x6cf1,
  0x6cd0,0x6cd0,0x6cb0,0x64b0,0x64b0,0x6490,0x646f,0x644f,0x5c4f,0x646f,0x646f,0x644f,0x644f,0x644f,0x5c4e,0x644f,
  0x646f,0x646f,0x646f,0x644f,0x5c2e,0x5c2e,0x5c2e,0x644e,0x5c2e,0x5c0e,0x5c2e,0x5c2e,0x642e,0x642e,0x5c0e,0x5c0e,
  0x5bed,0x5bed,0x5c0d,0x640e,0x6c2e,0x5bcc,0x4b0a,0x42a8,0x4288,0x4ac9,0x4ac9,0x4aa8,0x4ac9,0x4ac9,0x4ac9,0x52e9,
  0x5309,0x5309,0x52e9,0x52e9,0x52e9,0x52e9,0x5309,0x5309,0x532a,0x5b2a,0x5b4a,0x5b2a,0x5b4a,0x5b4a,0x5b6b,0x5b6b,
  0x5b8b,0x638b,0x5b4b,0x5b8b,0x63ac,0x63cc,0x63cc,0x63cc,0x6c0d,0x6c2e,0x6c4e,0x6c2e,0x6c0d,0x6c2e,0x6c6f,0x74b0,
  0x74b0,0x5bcc,0x5bac,0x6c4f,0x6c4f,0x6c4e,0x6c4e,0x6c4e,0x6c4e,0x6c4e,0x6c2e,0x6c2e,0x642d,0x640d,0x642d,0x6c4e,
  0x644d,0x6c4e,0x6c4e,0x6c4e,0x6c4e,0x6c4e,0x6c4e,0x6c4e,0x6c6e,0x642d,0x6c2d,0x6c4e,0x6c4e,0x6c2e,0x63ed,0x53ac,
  0x5bac,0x53ac,0x5bed,0x7d52,0x7d93,0x7593,0x7db4,0x7594,0x7594,0x7593,0x7573,0x7573,0x6d73,0x7573,0x7573,0x7573,
  0x7573,0x7553,0x7593,0x7573,0x7573,0x7594,0x7573,0x7573,0x7573,0x7593,0x7594,0x7593,0x7d94,0x7db4,0x7594,0x7d94,
  0x8e55,0x8e76,0x9696,0x9696,0x96b7,0x96b7,0x96b7,0x96f8,0x8eb7,0x8eb7,0x8eb7,0x96f8,0x9f39,0x9ef8,0x9f19,0xa739,
  0x9f39,0x9f19,0x9f19,0x9f39,0xa739,0xa75a,0xa739,0x9f39,0x9f19,0x9f39,0x9f39,0x9f18,0x9f18,0x9f19,0x9f39,0x9f39,
  0x9f39,0x9f39,0x9719,0x9f19,0x9f19,0x96f8,0x96f8,0x96f8,0x96f8,0x96d7,0x96b7,0x8eb7,0x8e97,0x8e96,0x8e96,0x8e76,
  0x8e96,0x8e97,0x8615,0x7df4,0x8615,0x7df5,0x8615,0x8615,0x8e57,0x8e57,0x9677,0x9677,0x9698,0x7db4,0x7db4,0xa6f9,
  0x9ed8,0x9ed8,0x9ef9,0xa719,0x96b8,0x9697,0x8e77,0x8657,0x8e77,0x8e57,0x8e57,0x8e57,0x8616,0x85d5,0x85f5,0x8616,
  0x8616,0x7dd5,0x7553,0x7db4,0x85f5,0x7dd4,0x8e36,0x8e57,0x7d74,0x7533,0x7d94,0x7d73,0x7db4,0x7d73,0x7532,0x7d93,
  0x85d4,0x85d4,0x85f5,0x85d4,0x85d4,0x7db3,0x7d93,0x7552,0x7552,0x7532,0x6d11,0x6d11,0x7511,0x7511,0x6cf1,0x6cf1,
  0x6cf1,0x6cd1,0x64d0,0x6cd0,0x64b0,0x64b0,0x6490,0x646f,0x5c2e,0x646f,0x644e,0x644f,0x644f,0x644f,0x5c4e,0x644f,
  0x646f,0x646f,0x646f,0x646f,0x646f,0x646f,0x53ed,0x540d,0x5c2e,0x5c2e,0x5c2e,0x644e,0x644e,0x5c2e,0x5c0e,0x5c0d,
  0x5c0d,0x5c0d,0x5c0d,0x5c0e,0x640e,0x642e,0x5bed,0x536b,0x4ae9,0x42c9,0x4ae9,0x4ae9,0x4ac9,0x4ac9,0x52e9,0x530a,
  0x5309,0x530a,0x5309,0x5309,0x5309,0x5b0a,0x5b2a,0x530a,0x530a,0x5b4a,0x5b4a,0x5b4b,0x5b2a,0x5b4a,0x5b6b,0x5b6b,
  0x5b8b,0x5b6b,0x5b4a,0x638b,0x63ac,0x63ac,0x63cc,0x63ed,0x6c2d,0x6c6e,0x6c4e,0x6c2e,0x640d,0x6c4e,0x748f,0x7490,
  0x6c6f,0x4b8b,0x5bcc,0x642e,0x6c4e,0x6c4f,0x6c4f,0x6c4e,0x6c4e,0x6c2e,0x6c4e,0x6c4e,0x6c4e,0x642d,0x644e,0x6c6e,
  0x642d,0x642d,0x6c4e,0x642d,0x6c4e,0x6c4e,0x6c4e,0x6c4e,0x642e,0x642e,0x6c2e,0x6c2e,0x640d,0x63ed,0x63ed,0x5bad,
  0x5bcd,0x53ac,0x4bab,0x7511,0x7d93,0x7573,0x7594,0x7594,0x6d73,0x6d73,0x6d53,0x6d53,0x6d53,0x7573,0x7573,0x7553,
  0x7573,0x7593,0x7594,0x75b4,0x7594,0x7594,0x7594,0x7593,0x7573,0x7573,0x7593,0x7573,0x7593,0x7594,0x7573,0x7593,
  0x8e55,0x9696,0x96d7,0x96d7,0x96f7,0x9f18,0x9ef8,0x9ef8,0x96f8,0x96f8,0x96f8,0x9f18,0x9f39,0x9f39,0xa759,0xa759,
  0xa739,0x9f39,0xa739,0xa739,0xa759,0xa759,0x9f39,0x9f19,0x9f19,0x9f18,0x9f39,0x9f19,0x9f39,0x9f19,0x9f19,0x9f39,
  0x9f39,0x96f8,0x96f8,0x96f8,0x96d7,0x96d7,0x8eb7,0x8eb7,0x96b7,0x8e97,0x8e76,0x8e97,0x8e97,0x8e96,0x8676,0x8656,
  0x8e76,0x8656,0x7df4,0x7dd4,0x8615,0x8615,0x8615,0x8615,0x8e77,0x8e57,0x8e77,0x8e57,0x8e57,0x8616,0x7594,0x96b8,
  0x9ef9,0x9ef9,0x9ed9,0xa71a,0x9ef9,0x9698,0x8e57,0x8e77,0x8e77,0x8e36,0x8e77,0x9677,0x8616,0x85d5,0x7df5,0x8616,
  0x8616,0x85f6,0x7573,0x7573,0x7db4,0x7573,0x8615,0x9677,0x7db4,0x6cf2,0x7d73,0x7d94,0x85b4,0x7d94,0x7552,0x7d73,
  0x7db4,0x85d4,0x85d5,0x85d5,0x85f4,0x85d4,0x7db4,0x7d93,0x7d73,0x7552,0x7512,0x6d11,0x7532,0x7512,0x7511,0x74f1,
  0x6cf1,0x6cd0,0x6cd0,0x6cd1,0x64b0,0x6490,0x5c6f,0x646f,0x646f,0x646f,0x646f,0x644f,0x644f,0x644f,0x646f,0x644e,
  0x646f,0x646f,0x644f,0x646f,0x646f,0x5c4f,0x5c4e,0x5c0e,0x5c2e,0x5c2e,0x5c4e,0x644e,0x644e,0x5c2e,0x5c2e,0x5c2e,
  0x5c0d,0x5c0d,0x5c0d,0x5c0e,0x640e,0x5c0d,0x5bed,0x640d,0x5bac,0x534b,0x4b0a,0x4b09,0x4b09,0x4ae9,0x4b09,0x530a,
  0x4ae9,0x5309,0x4ae9,0x4ae9,0x5309,0x5309,0x532a,0x5b4a,0x5b2a,0x5b2a,0x530a,0x5b4a,0x534a,0x5b6b,0x63ac,0x5b8b,
  0x5b8b,0x63ab,0x5b8b,0x63ac,0x63ac,0x63ac,0x63cc,0x640d,0x6c4e,0x6c6e,0x6c4d,0x6c2d,0x6c2e,0x6c6e,0x74b0,0x74b0,
  0x6c4e,0x538b,0x640e,0x6c4f,0x6c6f,0x6c4f,0x6c4f,0x6c2e,0x6c2e,0x6c2d,0x6c2e,0x6c4e,0x642d,0x642d,0x642d,0x644e,
  0x642d,0x640d,0x640d,0x642d,0x642d,0x642d,0x642d,0x6c4e,0x642e,0x6c4e,0x6c4e,0x63ed,0x63ed,0x63ed,0x63ed,0x5bcc,
  0x5bac,0x53ac,0x4b6b,0x6cd0,0x7d73,0x7552,0x6d53,0x6d53,0x6d53,0x6d73,0x6d53,0x6d53,0x6d53,0x7573,0x7593,0x7573,
  0x7573,0x7573,0x7594,0x7dd5,0x7db4,0x7594,0x7573,0x7573,0x7593,0x7593,0x7573,0x7d94,0x7db4,0x75b4,0x75b4,0x7db4,
  0x8eb6,0x8eb7,0x96d7,0x9ef8,0x9f18,0x9f38,0x9f18,0x9f39,0x9f39,0x9f19,0x9f39,0x9f39,0x9f39,0x9f39,0x9f39,0x9f39,
  0x9f39,0xa739,0x9f39,0xa759,0xa759,0xa739,0x9f19,0x9f18,0x9f18,0x9f18,0x9f18,0x9ef8,0x9ef8,0x9ef8,0x96f8,0x9719,
  0x9719,0x8eb7,0x96d8,0x8eb7,0x8eb7,0x8eb7,0x8eb7,0x8eb7,0x8e97,0x8e76,0x8e96,0x8e76,0x8e76,0x8676,0x8676,0x8635,
  0x8656,0x8656,0x7dd4,0x7df4,0x8635,0x85f5,0x8615,0x8615,0x8e56,0x8e77,0x8e57,0x8e57,0x8e57,0x8616,0x6d53,0x9697,
  0xa719,0x9ed8,0x9ef9,0x9ed9,0x9ef9,0x96b8,0x8e77,0x8e77,0x8e56,0x8e36,0x8e57,0x8e36,0x7df5,0x7dd5,0x7db4,0x7dd5,
  0x8616,0x8e37,0x85f5,0x7553,0x7593,0x7594,0x85f5,0x9677,0x85d5,0x6d12,0x7553,0x7553,0x7d94,0x7d93,0x7d73,0x7d73,
  0x85d4,0x85f5,0x85d5,0x85d5,0x85d5,0x85f5,0x7db4,0x7d93,0x7d73,0x7552,0x7532,0x7512,0x7532,0x7511,0x74f1,0x6cf1,
  0x6cd0,0x6cd1,0x6cd1,0x6cd0,0x6cd0,0x6cd0,0x64b0,0x646f,0x646f,0x5c4e,0x646f,0x646f,0x5c2e,0x644f,0x646f,0x646f,
  0x646f,0x644f,0x644f,0x646f,0x5c4e,0x5c2e,0x646f,0x5c2e,0x5c2e,0x5c2e,0x5c4e,0x5c4e,0x644e,0x5c4e,0x5c2e,0x5c2e,
  0x5c0d,0x642e,0x5c0e,0x5c0d,0x5c0d,0x5c0d,0x642e,0x5bed,0x63ed,0x640d,0x5bac,0x534b,0x4b2a,0x4b09,0x530a,0x532a,
  0x5309,0x5309,0x4b09,0x4ae9,0x532a,0x530a,0x532a,0x5b6b,0x5b6b,0x5b4b,0x5b4a,0x5b4b,0x534a,0x534a,0x5b8b,0x5b8b,
  0x5b8b,0x5bab,0x63ac,0x63cc,0x63ac,0x63cc,0x640d,0x640d,0x6c2e,0x6c4e,0x6c4e,0x6c2d,0x6c2e,0x6c4e,0x748f,0x74b0,
  0x6c4f,0x4b4a,0x640d,0x6c4f,0x6c4f,0x748f,0x6c4f,0x6c4e,0x6c4e,0x6c2d,0x6c2e,0x6c4e,0x6c4e,0x6c4e,0x644d,0x644e,
  0x644e,0x642d,0x642d,0x640d,0x642d,0x642d,0x642d,0x642d,0x642d,0x6c4e,0x6c2e,0x63ed,0x63ed,0x63ed,0x63cd,0x63cd,
  0x5bac,0x5bac,0x4b6b,0x6cd0,0x7532,0x7553,0x6d53,0x6d32,0x6d53,0x6d73,0x7573,0x7573,0x7573,0x7593,0x7593,0x7593,
  0x6d73,0x7594,0x75b4,0x7db4,0x7db4,0x7593,0x7573,0x7593,0x7593,0x7d93,0x7d93,0x7db3,0x7dd4,0x7db4,0x75b3,0x75b3,
  0x8e96,0x8e96,0x8ed7,0x9f18,0x9f38,0x9f38,0x9f39,0x9f59,0x9f38,0x9f39,0x9f59,0x9f59,0x9f39,0x9f59,0x9f59,0x9f39,
  0x9f39,0x9f39,0x9f39,0x9f39,0x9f39,0x9f39,0x9ef8,0x96f8,0x9ef8,0x9ef8,0x9ef8,0x96d7,0x96b7,0x96d7,0x96d8,0x8ed8,
  0x96d8,0x8eb7,0x8eb7,0x8eb7,0x96d8,0x96d8,0x96d7,0x8eb7,0x8e96,0x8676,0x8656,0x8655,0x8e56,0x8e56,0x8655,0x8635,
  0x8656,0x7e15,0x7dd4,0x7dd4,0x8635,0x85f5,0x8615,0x85f5,0x8636,0x8e57,0x8e57,0x9677,0x9677,0x8e36,0x6d53,0x8636,
  0xa71a,0x9ef9,0x9ed9,0x96b8,0x9ef9,0x9ed8,0x8e98,0x8e77,0x8636,0x8636,0x8e77,0x9677,0x8e36,0x7dd5,0x7db4,0x7db5,
  0x8616,0x8616,0x8636,0x7db4,0x6d53,0x7573,0x85f5,0x9677,0x85d5,0x7532,0x7533,0x7532,0x7d73,0x7d73,0x7d93,0x7db4,
  0x85d4,0x85d5,0x85d5,0x85d5,0x85d4,0x85f5,0x7db4,0x7db3,0x7d93,0x7d73,0x7552,0x7552,0x7532,0x7511,0x6cf1,0x6cf1,
  0x6cd1,0x6cd1,0x6cd1,0x6cd0,0x6cd0,0x64d0,0x6cb0,0x648f,0x6490,0x646f,0x646f,0x646f,0x646f,0x646f,0x644f,0x5c4e,
  0x644e,0x644f,0x5c4e,0x5c4f,0x644f,0x5c4f,0x646f,0x5c4e,0x5c4e,0x644e,0x5c2e,0x5c0d,0x5c4e,0x644e,0x5c4e,0x5c2e,
  0x5c2e,0x5c0d,0x5c0e,0x5c2e,0x5c2e,0x5c0d,0x5c2d,0x5c2e,0x5c0d,0x5bed,0x63ed,0x63ed,0x5bac,0x4b2a,0x4b0a,0x530a,
  0x530a,0x532a,0x532a,0x532a,0x5b6b,0x5b4a,0x532a,0x5b4a,0x5b4a,0x5b4b,0x5b6b,0x5b6b,0x5b8b,0x5b8b,0x5b8b,0x5b6b,
  0x5b8b,0x5bac,0x63cc,0x63ec,0x63ec,0x640d,0x640d,0x6c4e,0x6c4e,0x6c4e,0x640d,0x6c2d,0x6c6e,0x746f,0x748f,0x746f,
  0x6c2e,0x4b4b,0x63ed,0x6c4f,0x6c6f,0x6c4f,0x6c4f,0x6c4e,0x6c4e,0x6c4e,0x6c4e,0x6c2e,0x642e,0x642d,0x642d,0x644e,
  0x6c6e,0x6c4e,0x642d,0x640d,0x642d,0x642d,0x640d,0x640d,0x644e,0x642e,0x6c2e,0x640d,0x640d,0x63ed,0x63cc,0x63cc,
  0x5bac,0x538b,0x4b6b,0x6c8f,0x7d52,0x7553,0x7573,0x6d32,0x6d32,0x7573,0x7593,0x7593,0x7593,0x7593,0x7593,0x7593,
  0x7593,0x7db4,0x75b4,0x7db4,0x7db4,0x7594,0x7593,0x7593,0x7573,0x7db3,0x7dd4,0x7593,0x7db4,0x7db4,0x7593,0x7593,
  0x96f8,0x96d7,0x96f8,0x9f39,0x9f39,0xa759,0xa77a,0xa759,0xa779,0xa759,0xa75a,0x9f39,0x9f39,0x9f39,0x9f39,0x9f39,
  0x9f19,0x9f19,0x9f19,0x9f19,0x9f18,0x9718,0x96d8,0x96d7,0x96d7,0x96d7,0x96d8,0x96b7,0x8e97,0x8e97,0x8eb7,0x8eb7,
  0x8eb7,0x8e97,0x8e97,0x8e76,0x8eb7,0x96b7,0x8e97,0x8e97,0x8e76,0x8676,0x8656,0x8636,0x8e56,0x8e56,0x8656,0x8636,
  0x8656,0x7e15,0x75b4,0x7df5,0x85f5,0x7df5,0x8615,0x85d5,0x8e36,0x8e57,0x8e57,0x8e57,0x8e57,0x9657,0x75b4,0x7df5,
  0x9ef9,0x9ef9,0x9ed9,0x96b8,0x9ed9,0x9ef9,0x96b8,0x8e77,0x8636,0x8636,0x8e57,0x9677,0x8e57,0x7dd5,0x7594,0x7db4,
  0x85f6,0x8616,0x8616,0x7db4,0x7573,0x7594,0x85d5,0x9657,0x8e36,0x6d12,0x6cf2,0x7553,0x7d73,0x7d73,0x7d73,0x7d93,
  0x85b4,0x85d4,0x7db4,0x85d4,0x85d4,0x85f4,0x7dd4,0x7db4,0x7db3,0x7d93,0x7573,0x7552,0x7d73,0x7532,0x6d11,0x6cf1,
  0x6cf1,0x6cd1,0x6cd1,0x6cd0,0x6cd0,0x6cd1,0x6cd0,0x64b0,0x6cb0,0x648f,0x646f,0x646f,0x646f,0x646f,0x5c6f,0x5c4e,
  0x646f,0x646f,0x646f,0x644f,0x5c4f,0x644f,0x644f,0x646f,0x644f,0x5c4e,0x5c4e,0x5c2e,0x5c2e,0x5c2e,0x5c4e,0x5c4e,
  0x644f,0x644e,0x5c2e,0x5c2e,0x5c2e,0x5c4e,0x5c2e,0x5c2e,0x5c2e,0x5c0d,0x640d,0x640e,0x640d,0x63ed,0x5b8b,0x532a,
  0x532a,0x534b,0x532a,0x534a,0x5b6b,0x5b4b,0x532a,0x534a,0x534a,0x5b6b,0x5b6b,0x534a,0x538b,0x5b8b,0x5b8b,0x5b8b,
  0x5b8b,0x63ec,0x63ed,0x640d,0x640d,0x6c2d,0x642e,0x6c4e,0x6c4e,0x6c4e,0x642e,0x6c2e,0x6c4e,0x6c4e,0x748f,0x746f,
  0x5bcc,0x536b,0x6c2e,0x6c6f,0x746f,0x6c4e,0x642e,0x6c4e,0x6c4e,0x644e,0x644e,0x642e,0x642d,0x642d,0x6c4e,0x644e,
  0x6c6e,0x6c4e,0x642d,0x640d,0x642d,0x6c4e,0x6c4e,0x642d,0x642d,0x6c2e,0x6c2e,0x640d,0x642e,0x640d,0x63ed,0x63cc,
  0x5b8c,0x538b,0x4b6b,0x644f,0x7d73,0x7552,0x7573,0x6d52,0x6d52,0x7593,0x7573,0x7573,0x7593,0x7593,0x7593,0x7593,
  0x75b3,0x7593,0x7593,0x7593,0x7593,0x7593,0x7593,0x7573,0x7572,0x7593,0x7d93,0x7593,0x7d93,0x7db4,0x7593,0x7593,
  0x9f39,0x9f39,0x9f59,0xa75a,0xa77a,0xa77a,0xa77a,0xa77a,0xa779,0xa779,0xa779,0x9f39,0x9f19,0x9f19,0x9f19,0x96f9,
  0x9f19,0x96f9,0x96f9,0x9718,0x96f8,0x96f8,0x96d7,0x96b7,0x96b7,0x96d7,0x96b7,0x8e97,0x8e97,0x96b7,0x8e97,0x8eb7,
  0x8e77,0x8e77,0x8e97,0x8e77,0x8e77,0x8e77,0x8e76,0x8e77,0x8e77,0x8676,0x8656,0x8636,0x8e36,0x8636,0x8656,0x8656,
  0x8656,0x7df5,0x75b3,0x7df5,0x8615,0x7df5,0x7dd5,0x7dd5,0x8e16,0x9677,0x8e36,0x8e37,0x8e57,0x8e57,0x7dd5,0x75b4,
  0x9ed8,0x9ed8,0x9ed9,0x9ed8,0x9ed9,0x96d8,0x96d9,0x8e98,0x8e57,0x8e57,0x8e36,0x8e36,0x8e37,0x8616,0x7594,0x7594,
  0x7db5,0x85f5,0x8615,0x7dd5,0x7db4,0x7db4,0x85d5,0x8e57,0x8e37,0x7553,0x6cf1,0x6d12,0x7553,0x7d73,0x7d73,0x7552,
  0x85d4,0x85d4,0x85d4,0x7dd4,0x85d4,0x7dd4,0x7dd4,0x7dd4,0x7db3,0x7d93,0x7d93,0x7552,0x7552,0x7532,0x6d11,0x6d11,
  0x6cf1,0x6d11,0x6cd1,0x6cd0,0x6cf1,0x6cd1,0x6cd0,0x6cd1,0x6490,0x6490,0x646f,0x646f,0x646f,0x646f,0x646f,0x648f,
  0x646f,0x644e,0x646f,0x646f,0x646f,0x644f,0x5c4f,0x5c4f,0x5c4f,0x5c2e,0x5c4e,0x5c2e,0x5c2e,0x5c0d,0x5c4e,0x5c4e,
  0x644f,0x5c4e,0x644e,0x644e,0x644e,0x5c4e,0x5c4e,0x5c2e,0x5c2e,0x5c0d,0x5c2e,0x642e,0x642e,0x642e,0x6c4e,0x63cd,
  0x538b,0x536b,0x4b4a,0x536b,0x534a,0x532a,0x534a,0x5b6b,0x5b8b,0x5b6b,0x5b6b,0x5b8b,0x5b8b,0x5bab,0x5bac,0x63cc,
  0x63cc,0x63ec,0x6c0d,0x6c2d,0x6c4e,0x6c2e,0x642e,0x6c4e,0x6c4e,0x6c2e,0x6c2e,0x6c2e,0x6c4f,0x744f,0x746f,0x748f,
  0x536b,0x536b,0x6c4e,0x6c6f,0x6c6e,0x6c4e,0x6c4e,0x6c4e,0x6c4e,0x644e,0x644e,0x642e,0x642e,0x642d,0x6c6e,0x6c8e,
  0x6c6e,0x6c6e,0x6c4e,0x644d,0x644e,0x6c4e,0x6c6e,0x6c4e,0x6c2e,0x6c4e,0x6c4e,0x6c2e,0x642e,0x640e,0x640d,0x5bac,
  0x538b,0x538b,0x4b6b,0x5c0d,0x8573,0x7552,0x7573,0x7573,0x7573,0x7573,0x7573,0x7552,0x7553,0x6d52,0x7573,0x7593,
  0x7593,0x7593,0x7593,0x7593,0x6d72,0x75b3,0x75b3,0x7593,0x7572,0x7593,0x7573,0x7593,0x7d93,0x7db3,0x7d93,0x7593,
  0x9f59,0xa759,0xa75a,0xa77a,0xa77a,0xa77a,0xa759,0xa759,0xa759,0xa759,0x9f39,0x9ef8,0x96d8,0x96f8,0x9ef9,0x96f8,
  0x96d8,0x96d8,0x96d8,0x96d8,0x96d8,0x96d7,0x8e97,0x8e76,0x8e97,0x8eb7,0x8e97,0x9697,0x9697,0x8e97,0x8e76,0x8e97,
  0x8e77,0x8e77,0x8e77,0x8e77,0x8e77,0x8e77,0x8636,0x8656,0x8e77,0x8e77,0x8636,0x8615,0x8616,0x8635,0x7e15,0x7e35,
  0x7e15,0x7df4,0x7dd4,0x7df5,0x8615,0x85f5,0x7dd5,0x7db5,0x85f5,0x8e57,0x9677,0x9677,0x8e36,0x8e36,0x85f5,0x7573,
  0x9697,0x9ed9,0x9ed8,0x9ed9,0x9ef9,0x9698,0x9ef9,0x9ed9,0x8e77,0x8e57,0x8e37,0x8e57,0x8e36,0x8e36,0x7dd5,0x7d94,
  0x7d94,0x85d5,0x85f5,0x85f5,0x7db4,0x7574,0x7dd5,0x8e36,0x9657,0x7d94,0x6cf2,0x7553,0x7553,0x7d93,0x7d93,0x7d73,
  0x7d93,0x85d4,0x85d4,0x85d4,0x7db4,0x7dd4,0x7d93,0x7db4,0x7db4,0x7d93,0x7d93,0x7553,0x7552,0x7552,0x7532,0x7512,
  0x7511,0x6d11,0x6cd0,0x6cd0,0x6cf1,0x6cd0,0x6cd0,0x64b0,0x64b0,0x6cb0,0x6c90,0x646f,0x646f,0x646f,0x646f,0x64b0,
  0x5c6f,0x5c4f,0x5c4f,0x646f,0x646f,0x644f,0x646f,0x5c4f,0x646f,0x5c4e,0x5c2e,0x5c2e,0x540d,0x5c4e,0x5c2e,0x5c2e,
  0x5c2e,0x644f,0x644f,0x646f,0x646f,0x644f,0x5c2e,0x644e,0x5c2e,0x5c2e,0x5c2e,0x5c0d,0x5c0d,0x5c0d,0x5c0d,0x642e,
  0x642e,0x640d,0x5bac,0x536b,0x4b2a,0x534a,0x534b,0x5b8b,0x5b8b,0x5b6b,0x5b8b,0x63cc,0x5bab,0x5bac,0x5bac,0x63ec,
  0x63ed,0x63ed,0x6c2d,0x6c4e,0x6c4e,0x6c4e,0x642e,0x6c4e,0x6c2e,0x6c2e,0x6c2e,0x6c2e,0x6c2e,0x744f,0x746f,0x746f,
  0x4b4a,0x538b,0x6c4e,0x6c2e,0x644e,0x642e,0x6c4e,0x6c6e,0x6c6e,0x6c4e,0x644e,0x6c4e,0x642d,0x644d,0x6c4e,0x6c6e,
  0x6c6e,0x6c6e,0x6c4e,0x6c4e,0x6c4e,0x6c4e,0x6c4e,0x6c4e,0x6c4e,0x6c4e,0x6c2e,0x6c2e,0x640e,0x640d,0x63ed,0x63ec,
  0x5b8c,0x538b,0x4b6b,0x5c0d,0x8573,0x7d72,0x7573,0x7573,0x7573,0x6d32,0x6d52,0x6d52,0x6d52,0x6d52,0x7552,0x7573,
  0x7573,0x7573,0x7593,0x7573,0x7573,0x7594,0x7593,0x7593,0x7593,0x7593,0x7d93,0x7d93,0x7db3,0x7593,0x7db3,0x7593,
  0xa75a,0x9f59,0x9f39,0xa759,0x9f59,0x9f39,0x9f18,0x9f18,0x9f39,0x9f39,0x9f39,0x96f8,0x96d8,0x96d8,0x96d8,0x96d8,
  0x96d8,0x96b8,0x96b8,0x8e97,0x8eb7,0x8e96,0x8e96,0x8676,0x8e97,0x8e97,0x8e97,0x96b7,0x8e96,0x8e97,0x8e56,0x8e56,
  0x8e77,0x8e77,0x8636,0x8656,0x8e56,0x8e97,0x8e77,0x8656,0x8636,0x8636,0x8615,0x8615,0x8615,0x8615,0x8635,0x8656,
  0x7e15,0x75d4,0x7dd4,0x8615,0x8615,0x85f5,0x7dd5,0x7dd5,0x7dd5,0x8e16,0x8e36,0x9677,0x8e57,0x8e36,0x85f5,0x6d52,
  0x8e36,0x9ed9,0x9ed8,0x9ef9,0x9ed9,0x96b8,0x96b8,0x9ef9,0x96b8,0x8637,0x8616,0x8e37,0x8e36,0x8e36,0x8616,0x7574,
  0x7574,0x7db4,0x85d5,0x85d5,0x7dd5,0x7573,0x7594,0x8e37,0x9677,0x7dd4,0x64f1,0x7553,0x7553,0x7d73,0x7d93,0x7d73,
  0x7d94,0x85d5,0x85b4,0x85d4,0x85d4,0x7db4,0x7db4,0x85d4,0x85b4,0x7db4,0x7d94,0x7d73,0x85b4,0x7552,0x7532,0x7552,
  0x6d11,0x7511,0x6cf1,0x6cf1,0x6cf1,0x6cf1,0x6cf1,0x64b0,0x64b0,0x6cb0,0x6cb0,0x6490,0x646f,0x6490,0x648f,0x6490,
  0x648f,0x646f,0x646f,0x646f,0x646f,0x644f,0x5c4f,0x5c4f,0x5c4f,0x5c4e,0x646f,0x5c6e,0x5c4e,0x5c2e,0x5c2e,0x5c2e,
  0x5bed,0x5c0e,0x5c2e,0x5c4e,0x644f,0x644f,0x644e,0x644e,0x642e,0x642e,0x642e,0x642e,0x5c0e,0x5c2d,0x5c2e,0x642e,
  0x642e,0x644e,0x6c4e,0x63ed,0x5bac,0x4b4b,0x534b,0x536b,0x536b,0x5b8c,0x5bac,0x5bcc,0x63cc,0x63ec,0x63cc,0x63ed,
  0x6c2d,0x640d,0x640d,0x6c2d,0x6c4e,0x6c4e,0x642e,0x642e,0x642e,0x640e,0x6c2e,0x6c2e,0x6c2e,0x6c4f,0x746f,0x6c4f,
  0x4b4a,0x5bac,0x6c2d,0x642d,0x642d,0x6c4e,0x6c4e,0x642e,0x644e,0x644e,0x644e,0x644d,0x642d,0x644e,0x6c4e,0x6c6e,
  0x6c4e,0x644e,0x6c6e,0x6c6e,0x6c4e,0x644d,0x644e,0x642d,0x642d,0x6c2d,0x6c2d,0x642e,0x640e,0x640d,0x63cc,0x5bac,
  0x5b8b,0x538b,0x538b,0x5c0d,0x7d52,0x7d52,0x7552,0x7553,0x7573,0x6d32,0x6d52,0x6d52,0x7552,0x7573,0x7573,0x7593,
  0x7573,0x7593,0x7db4,0x7593,0x7573,0x7593,0x7593,0x7593,0x7db4,0x7db3,0x7db3,0x7dd4,0x7593,0x7593,0x7593,0x7593,
  0xa75a,0xa759,0x9f59,0x9f39,0x9f19,0x9f18,0x9f39,0x9f18,0x96f8,0x9718,0x96f8,0x96d8,0x96d8,0x96d8,0x96d8,0x96b8,
  0x96b8,0x8e77,0x8e97,0x8e97,0x8e97,0x8e97,0x8676,0x8676,0x8e76,0x8e97,0x8e97,0x8e76,0x8e76,0x8e76,0x8e56,0x8636,
  0x8e56,0x8e36,0x8636,0x8636,0x8636,0x8656,0x8656,0x8636,0x8636,0x8636,0x8656,0x8615,0x8615,0x8615,0x7e15,0x8656,
  0x7e15,0x75d4,0x7df4,0x7df5,0x85f5,0x85f5,0x7dd5,0x85f5,0x7d94,0x85d5,0x8e37,0x8e36,0x8e56,0x8e36,0x85f5,0x7573,
  0x7df5,0x9eb8,0x9eb8,0x9ed9,0x9ed9,0x9ef9,0x96b8,0x9ed9,0x9ef9,0x8e77,0x8636,0x8616,0x8616,0x8636,0x8e37,0x7db5,
  0x7573,0x7594,0x7db5,0x7dd5,0x7dd5,0x7573,0x7553,0x8e16,0x8e57,0x8616,0x6d32,0x7553,0x7552,0x7553,0x7d73,0x7d73,
  0x7d93,0x85d5,0x85f5,0x7db4,0x7db4,0x7d94,0x7db4,0x7db4,0x7d93,0x7d93,0x7d93,0x7d73,0x7d93,0x7552,0x7552,0x6d11,
  0x7531,0x7d52,0x7511,0x6cf1,0x6cf1,0x6cf1,0x6cf1,0x6cd0,0x6cd0,0x6cd0,0x6cb0,0x6cb0,0x64b0,0x6cd0,0x648f,0x6490,
  0x646f,0x648f,0x6490,0x5c4f,0x646f,0x5c4f,0x5c2e,0x5c2e,0x646f,0x5c4e,0x646f,0x5c4e,0x5c4e,0x5c2e,0x5c2e,0x5c2e,
  0x5c2e,0x53ed,0x53ed,0x644e,0x5c4e,0x5c2e,0x646f,0x646f,0x644f,0x644e,0x644e,0x644e,0x5c2e,0x5c0d,0x5c2e,0x642e,
  0x642e,0x644e,0x644e,0x6c4f,0x6c4f,0x6c4e,0x640d,0x538c,0x5bac,0x5bac,0x5bac,0x5bcd,0x5bcd,0x63ed,0x640d,0x6c2e,
  0x6c2d,0x642d,0x6c4e,0x6c2d,0x6c4e,0x642d,0x644e,0x6c4e,0x6c4e,0x6c2e,0x640e,0x6c4e,0x6c4f,0x6c4f,0x746f,0x63ed,
  0x4b2a,0x5bcc,0x6c2d,0x6c2d,0x640d,0x6c2d,0x6c4e,0x642d,0x642d,0x642e,0x642d,0x644d,0x642d,0x642d,0x642d,0x644d,
  0x644d,0x6c6e,0x644e,0x6c6e,0x6c6e,0x644d,0x642d,0x642d,0x642d,0x642d,0x6c2d,0x6c2d,0x63ed,0x63ec,0x63ec,0x63cc,
  0x5bcc,0x536b,0x538b,0x53cc,0x7511,0x7d52,0x7572,0x7552,0x6d52,0x7572,0x6d52,0x7573,0x7573,0x7593,0x7593,0x7593,
  0x7d94,0x7594,0x7db4,0x7db4,0x7db4,0x7593,0x7db3,0x7db3,0x7593,0x7593,0x7593,0x7db3,0x7593,0x7593,0x75b3,0x7593,
  0x9f59,0x9f39,0x9f39,0x9f19,0x9718,0x96f8,0x96f8,0x96f8,0x96d8,0x96f8,0x9f18,0x96d8,0x8eb7,0x96d8,0x96d8,0x8e97,
  0x8e97,0x8e77,0x8e77,0x8e97,0x8e76,0x8676,0x8676,0x8656,0x8635,0x8656,0x8656,0x8e76,0x8e76,0x8656,0x8e56,0x8636,
  0x8636,0x8636,0x8616,0x8616,0x8636,0x8636,0x8636,0x8636,0x8635,0x8635,0x8615,0x8615,0x85f5,0x8615,0x7df5,0x8656,
  0x75d4,0x75b3,0x7df4,0x7df5,0x8615,0x85f5,0x85d5,0x85f6,0x7db4,0x7dd5,0x8e37,0x8e57,0x8e36,0x8e15,0x8615,0x7573,
  0x7db4,0x9698,0x9eb8,0x9ed8,0x9ef9,0x9eb8,0x96b8,0x9697,0x96d8,0x96d9,0x8e77,0x8616,0x8616,0x7df6,0x8636,0x7dd5,
  0x6d53,0x7594,0x7db5,0x7db5,0x85d5,0x7db4,0x7553,0x8616,0x8e56,0x8e16,0x7532,0x7532,0x7532,0x7553,0x7d94,0x7d73,
  0x7d73,0x85b4,0x85b4,0x85b4,0x7db4,0x7d93,0x7d93,0x7d93,0x7d94,0x7db4,0x7d94,0x7d94,0x7d93,0x7572,0x7552,0x7532,
  0x7552,0x7d72,0x6d11,0x7511,0x7511,0x6cf1,0x6cf1,0x6cd0,0x6cd0,0x6cd1,0x6cb0,0x6cd0,0x648f,0x6490,0x646f,0x648f,
  0x648f,0x648f,0x648f,0x646f,0x646f,0x646f,0x646f,0x644f,0x646f,0x5c4f,0x646f,0x646f,0x5c4e,0x644f,0x644f,0x5c4e,
  0x5c4e,0x5c2e,0x5c0e,0x5c0e,0x5c2e,0x5c0e,0x5c4e,0x644f,0x646f,0x646f,0x646f,0x644e,0x5c4e,0x5c2e,0x5c2e,0x5c0d,
  0x5c2e,0x5c2e,0x5c2d,0x644e,0x644e,0x6c6e,0x6c6f,0x644e,0x5c0d,0x5bcc,0x5bcc,0x5bed,0x640d,0x640e,0x640e,0x6c4e,
  0x642e,0x642d,0x644e,0x6c4e,0x6c4e,0x644e,0x6c4e,0x642e,0x642e,0x642e,0x640d,0x6c2e,0x6c4e,0x6c4f,0x748f,0x63ed,
  0x4b2a,0x63ed,0x640d,0x6c2d,0x642d,0x640d,0x642d,0x640d,0x640d,0x6c4e,0x644e,0x6c4e,0x642d,0x642d,0x6c4e,0x644d,
  0x644d,0x644e,0x644d,0x644e,0x644d,0x644d,0x6c4e,0x642d,0x642d,0x6c2d,0x6c4e,0x6c2d,0x63ed,0x640d,0x63ec,0x63cc,
  0x5bac,0x536b,0x538b,0x4b8b,0x6cd0,0x7552,0x7552,0x6d32,0x6d31,0x6d52,0x6d32,0x7552,0x7573,0x7573,0x7573,0x7573,
  0x7593,0x7593,0x7593,0x7593,0x7593,0x7573,0x7dd4,0x7db3,0x7593,0x7593,0x7593,0x7db3,0x7db3,0x7593,0x7db3,0x7593,
  0x9f39,0x9f39,0x9f18,0x9718,0x96f8,0x96d7,0x8ed7,0x96d7,0x8ed7,0x96f8,0x96d8,0x96d7,0x96b7,0x96b8,0x8eb7,0x8e97,
  0x8e97,0x8e76,0x8e76,0x8e76,0x8e97,0x8656,0x8e76,0x8e76,0x8e56,0x8656,0x8e76,0x8e56,0x8e56,0x8e56,0x8e76,0x8636,
  0x8e36,0x8e36,0x8616,0x8636,0x8636,0x8636,0x8636,0x8636,0x8636,0x8635,0x7df5,0x8635,0x8615,0x7df4,0x8635,0x8656,
  0x7df4,0x75b3,0x7dd4,0x8615,0x85f5,0x85f5,0x85d5,0x85d5,0x7dd5,0x85f5,0x8e16,0x9657,0x8e56,0x8e36,0x8e16,0x7d94,
  0x6d32,0x8e56,0x9eb8,0x9ed8,0x9ed8,0x9697,0x96b8,0x96b8,0x9698,0x9ef9,0x96b8,0x8636,0x8616,0x7df5,0x8616,0x8616,
  0x7574,0x7594,0x7db5,0x7d94,0x85d5,0x7db4,0x6d32,0x85f5,0x9657,0x8e36,0x7d94,0x7532,0x7532,0x6d12,0x7553,0x7d93,
  0x85b4,0x7db4,0x85b4,0x85d4,0x7db4,0x7db4,0x85b4,0x7db4,0x7db4,0x7d93,0x7d94,0x7db4,0x7d93,0x7d93,0x7572,0x7552,
  0x7552,0x7532,0x6d11,0x7511,0x7531,0x6cf1,0x6cf1,0x74f1,0x74f1,0x74f1,0x6cd1,0x64b0,0x64b0,0x64b0,0x6490,0x646f,
  0x648f,0x5c6f,0x5c6f,0x5c6f,0x5c6f,0x5c4e,0x5c4f,0x5c4f,0x648f,0x646f,0x648f,0x646f,0x648f,0x646f,0x646f,0x646f,
  0x646f,0x5c4f,0x5c2e,0x5c2e,0x5c0e,0x5c0d,0x5c0e,0x5c4e,0x644e,0x646f,0x646f,0x646f,0x646f,0x646f,0x5c4e,0x5c4e,
  0x5c4e,0x646f,0x646f,0x644e,0x644e,0x646f,0x646f,0x648f,0x6c8f,0x6c8f,0x646f,0x642e,0x5c0d,0x5c0e,0x642e,0x644e,
  0x6c4e,0x644e,0x644e,0x644e,0x642d,0x6c4e,0x642e,0x642e,0x640e,0x640e,0x640e,0x6c2e,0x6c4f,0x6c4f,0x746f,0x5bac,
  0x4b4a,0x63cc,0x63ed,0x63ed,0x640d,0x640d,0x640d,0x63ed,0x640d,0x6c2d,0x642d,0x642d,0x644d,0x642d,0x644d,0x642d,
  0x642d,0x642d,0x642d,0x640d,0x5c0c,0x642d,0x642d,0x642d,0x6c4e,0x6c4e,0x6c2d,0x6c2d,0x640d,0x640d,0x63ec,0x5bcc,
  0x5bcc,0x538b,0x538b,0x4b8b,0x6cb0,0x7532,0x7552,0x7532,0x6d31,0x6d52,0x6d52,0x7552,0x7552,0x6d52,0x6d52,0x6d52,
  0x7553,0x7573,0x7573,0x7573,0x7573,0x7573,0x7db3,0x7593,0x7592,0x7573,0x7573,0x7593,0x7db3,0x7593,0x7593,0x7593,
  0x9f19,0x9f18,0x9718,0x96f8,0x96d8,0x8ed7,0x8eb7,0x8eb7,0x8ed7,0x8eb7,0x96d7,0x8e97,0x8e97,0x8e97,0x8e97,0x8e97,
  0x8e97,0x8e76,0x8e56,0x8e76,0x8e56,0x8635,0x8635,0x8656,0x8e56,0x8656,0x8635,0x8635,0x8635,0x8e56,0x8e56,0x8e36,
  0x8e36,0x8636,0x8615,0x8615,0x8616,0x8636,0x8636,0x8615,0x8615,0x8615,0x8615,0x8615,0x85f5,0x7dd4,0x8615,0x8615,
  0x7dd4,0x7593,0x7dd4,0x8615,0x85f5,0x85f5,0x85d5,0x85f5,0x7dd5,0x85f5,0x8e36,0x8e56,0x8e36,0x8e57,0x8616,0x7db4,
  0x6d52,0x8615,0x96b7,0x96b8,0x9697,0x8636,0x8616,0x9677,0x96b8,0x96b8,0x9ed9,0x8e57,0x8616,0x7df6,0x7df5,0x8616,
  0x7db4,0x7594,0x7574,0x7594,0x7dd5,0x7dd5,0x6d32,0x7db4,0x8e56,0x8e36,0x7d94,0x7573,0x7553,0x6d12,0x7552,0x7db4,
  0x85d5,0x85d4,0x85d4,0x85d4,0x85d4,0x85d5,0x7d94,0x7db4,0x85b4,0x7db4,0x7db4,0x7d93,0x7573,0x7d93,0x7d93,0x7552,
  0x7572,0x7532,0x7531,0x7531,0x7531,0x6d11,0x6cf1,0x74f1,0x6cd0,0x74f1,0x74d1,0x6cb0,0x6cd0,0x6cb0,0x6cb0,0x6cb0,
  0x648f,0x5c6f,0x646f,0x648f,0x646f,0x648f,0x5c4f,0x5c4f,0x5c4f,0x646f,0x646f,0x646f,0x6490,0x648f,0x648f,0x646f,
  0x646f,0x646f,0x644f,0x5c2e,0x5c2e,0x5c2e,0x540d,0x5c0d,0x5c2e,0x5c4e,0x5c4e,0x644f,0x646f,0x646f,0x644e,0x644e,
  0x5c4e,0x646f,0x648f,0x648f,0x648f,0x6c8f,0x6c90,0x6cb0,0x6cb0,0x6cb0,0x74f1,0x74f1,0x6cd0,0x648f,0x644e,0x644e,
  0x642e,0x6c4e,0x642e,0x642d,0x642e,0x6c4e,0x642e,0x640e,0x640e,0x63ee,0x5bed,0x640e,0x6c2e,0x6c4f,0x744f,0x5b8c,
  0x536b,0x63cc,0x5bcc,0x63cc,0x63cc,0x63ed,0x63ed,0x640d,0x63ed,0x640d,0x640d,0x642d,0x642d,0x5c0c,0x642d,0x642d,
  0x642d,0x642d,0x642e,0x642d,0x642d,0x642d,0x644d,0x642d,0x642d,0x6c2d,0x642d,0x640d,0x640d,0x640d,0x63ec,0x5bcc,
  0x63cc,0x538b,0x538b,0x434a,0x648f,0x7532,0x6d11,0x6d31,0x6d11,0x6d31,0x6d31,0x6d32,0x6d32,0x6d52,0x6d52,0x6d52,
  0x6d53,0x7573,0x7572,0x6d52,0x7573,0x7572,0x7593,0x7d93,0x7593,0x7593,0x7593,0x7593,0x7593,0x7593,0x7593,0x7593,
  0x96f8,0x9f18,0x96f8,0x96f8,0x96d8,0x8eb7,0x8e97,0x8eb7,0x8ed7,0x8e97,0x8eb7,0x8e76,0x8e76,0x8e97,0x8e97,0x8e97,
  0x8676,0x8656,0x8636,0x8636,0x8635,0x8615,0x8615,0x8615,0x8615,0x8615,0x8635,0x8635,0x8614,0x8615,0x8e35,0x8635,
  0x8636,0x8615,0x8615,0x8616,0x8615,0x8616,0x8636,0x85f5,0x7df4,0x7dd4,0x8615,0x85f5,0x7dd4,0x7dd4,0x85f5,0x8615,
  0x75b3,0x7593,0x7dd4,0x8e36,0x85f5,0x7dd5,0x7db4,0x85d5,0x85f5,0x85f5,0x8e36,0x8e36,0x8e36,0x8e36,0x8616,0x85f5,
  0x6d52,0x7db4,0x9697,0x96b8,0x8636,0x75b4,0x7dd4,0x85f5,0x8e77,0x9697,0x9698,0x96b8,0x8e57,0x7dd5,0x7df5,0x8616,
  0x7dd5,0x7574,0x7574,0x7d94,0x7db5,0x7db4,0x6d33,0x7d94,0x9657,0x8e36,0x85d5,0x7573,0x7573,0x6d32,0x7553,0x7d93,
  0x85d4,0x85d4,0x85d4,0x85f5,0x85f5,0x85d4,0x85d4,0x85b4,0x85b4,0x7db4,0x7db4,0x7d94,0x7d93,0x7d93,0x7d73,0x7532,
  0x7552,0x6d31,0x7552,0x7552,0x7532,0x7511,0x74f1,0x6cf1,0x6cd0,0x74f1,0x6cd1,0x6cd0,0x64b0,0x6cb0,0x6490,0x6cb0,
  0x6cb0,0x6490,0x648f,0x646f,0x648f,0x5c6f,0x5c6f,0x646f,0x646f,0x646f,0x64b0,0x6490,0x6490,0x648f,0x648f,0x648f,
  0x646f,0x646f,0x646f,0x646f,0x5c4f,0x5c2e,0x5c2e,0x5c2e,0x5c4e,0x5c2e,0x5c4e,0x5c2e,0x5c2e,0x644f,0x646f,0x644e,
  0x5c4e,0x5c6e,0x5c4f,0x646f,0x646f,0x646f,0x648f,0x6cb0,0x6cd0,0x74f1,0x7511,0x7532,0x7532,0x7d52,0x7d31,0x74f1,
  0x6c8f,0x642e,0x640d,0x640d,0x642e,0x6c4e,0x6c2e,0x640e,0x640e,0x63ed,0x5bcd,0x640e,0x6c0e,0x6c2f,0x6c2f,0x4b2b,
  0x536b,0x63ed,0x63cc,0x63cc,0x5bcc,0x63cc,0x63cc,0x640d,0x63ed,0x63ec,0x5bec,0x640c,0x640c,0x5bec,0x642d,0x640d,
  0x642d,0x642d,0x642d,0x642d,0x642d,0x642d,0x642d,0x642d,0x642d,0x642d,0x640d,0x640d,0x642d,0x640d,0x640d,0x5bcc,
  0x5bab,0x538b,0x4b6a,0x434a,0x644f,0x7511,0x6d11,0x6d11,0x6d11,0x64f1,0x6d11,0x6d32,0x6d32,0x6d52,0x7552,0x6d52,
  0x7552,0x6d32,0x7573,0x7573,0x7573,0x7572,0x7573,0x7593,0x7593,0x7593,0x7573,0x7593,0x7db3,0x7db4,0x7db4,0x7593,
  0x96f8,0x96f8,0x8ed7,0x8eb7,0x96d8,0x96d8,0x8e97,0x8e97,0x8e97,0x8e97,0x96b7,0x8e97,0x8e76,0x8e77,0x8e76,0x8656,
  0x8636,0x8636,0x8635,0x8635,0x8635,0x8635,0x8e56,0x8635,0x8615,0x8635,0x8615,0x8615,0x8614,0x8614,0x8615,0x8e35,
  0x8635,0x8635,0x8e35,0x8615,0x8615,0x8615,0x8615,0x7df4,0x7df4,0x7dd4,0x7df4,0x85f5,0x85f5,0x7dd4,0x7dd4,0x8615,
  0x75b4,0x7573,0x85f5,0x8615,0x8615,0x85f5,0x7dd4,0x7db5,0x85f5,0x7dd5,0x85f5,0x8e57,0x8e56,0x8e56,0x8e16,0x85f5,
  0x7573,0x6d52,0x8e76,0x96b7,0x8615,0x7db4,0x7dd4,0x7dd4,0x8636,0x9698,0x8e77,0x96b8,0x8e77,0x8616,0x7df5,0x85f6,
  0x7dd5,0x7573,0x7d74,0x7d74,0x7d94,0x7db5,0x6d32,0x7553,0x8e16,0x8e36,0x85f6,0x7573,0x7573,0x6d12,0x7552,0x7d73,
  0x85d4,0x85d4,0x85d4,0x85d4,0x85d4,0x85d5,0x7db4,0x7db4,0x85d4,0x85b4,0x85d4,0x85d4,0x7db4,0x7d93,0x7d93,0x7572,
  0x7573,0x7573,0x7d73,0x7552,0x7532,0x7511,0x7d11,0x7d11,0x7511,0x74d1,0x74d1,0x74f1,0x6cd1,0x6cd1,0x6cb0,0x6490,
  0x648f,0x648f,0x648f,0x6490,0x646f,0x646f,0x5c4f,0x646f,0x5c4f,0x6490,0x64b0,0x648f,0x64b0,0x648f,0x648f,0x64b0,
  0x648f,0x646f,0x646f,0x646f,0x5c4f,0x5c2e,0x5c2e,0x5c2e,0x5c2e,0x5c2e,0x5c2e,0x5c0e,0x5c2e,0x644f,0x644f,0x646f,
  0x648f,0x648f,0x646f,0x646f,0x5c4f,0x648f,0x648f,0x64af,0x6cf1,0x7532,0x7552,0x7532,0x7511,0x7532,0x7d52,0x7d72,
  0x7d52,0x7d32,0x74d0,0x644e,0x644e,0x644e,0x5c0d,0x5c0d,0x642e,0x5bed,0x5bed,0x642e,0x642e,0x6c2f,0x63ee,0x536b,
  0x538c,0x5bcc,0x63cc,0x63cc,0x63cc,0x63ec,0x63cc,0x63ec,0x63ec,0x5bcc,0x5bec,0x640c,0x5bec,0x640c,0x640d,0x640c,
  0x640d,0x642d,0x5c0d,0x642d,0x642d,0x642d,0x642d,0x644e,0x642d,0x642d,0x640d,0x5c0d,0x642d,0x640d,0x5bec,0x5bcc,
  0x5bab,0x538b,0x536b,0x4b4a,0x5c0d,0x74f1,0x7511,0x6d11,0x6d11,0x6d11,0x6d11,0x6d32,0x6d11,0x6d52,0x6d52,0x6d52,
  0x6d32,0x6d32,0x6d52,0x7552,0x7593,0x7593,0x7593,0x7db3,0x7593,0x7593,0x7db3,0x7593,0x75b3,0x7db4,0x7593,0x7db4,
  0x96d8,0x96b7,0x8eb7,0x8eb7,0x8eb7,0x96d8,0x8e97,0x8e97,0x8e97,0x8e97,0x8e97,0x8e97,0x8656,0x8656,0x8636,0x8656,
  0x8635,0x8635,0x8635,0x8615,0x8635,0x8635,0x8635,0x8635,0x8635,0x8635,0x8e35,0x8615,0x8614,0x8615,0x8615,0x8e15,
  0x8e35,0x8e35,0x8615,0x8e35,0x8615,0x8615,0x8615,0x7df4,0x7df4,0x7dd4,0x7dd4,0x7dd4,0x7dd4,0x7dd4,0x85f4,0x7df4,
  0x7593,0x7593,0x8615,0x85f5,0x8616,0x85f5,0x7df5,0x7db4,0x7dd5,0x7dd5,0x7db4,0x8616,0x8e57,0x9657,0x8e36,0x85f5,
  0x7d93,0x6d11,0x8615,0x9697,0x8e36,0x7db4,0x7dd5,0x8615,0x8616,0x8e77,0x8e57,0x8e77,0x9698,0x8636,0x7dd5,0x8616,
  0x8616,0x7d94,0x6d32,0x7553,0x7d94,0x7dd5,0x7553,0x6d53,0x8615,0x8e16,0x85f5,0x7d74,0x7d94,0x7552,0x6d32,0x7d73,
  0x85b4,0x85d5,0x85d4,0x85d4,0x7db4,0x85d5,0x85d5,0x85d4,0x85d4,0x85d4,0x85b4,0x85b4,0x7db4,0x7d93,0x7d73,0x7d93,
  0x7d93,0x7573,0x7552,0x7d72,0x7d52,0x74d0,0x748f,0x6c2e,0x6c0d,0x6c0d,0x6c0e,0x744e,0x7490,0x74b0,0x74d0,0x6cb0,
  0x648f,0x648f,0x648f,0x6490,0x646f,0x648f,0x646f,0x648f,0x646f,0x648f,0x648f,0x648f,0x6cb0,0x6cb0,0x6490,0x64b0,
  0x6cb0,0x6490,0x648f,0x648f,0x644f,0x5c4e,0x5c4e,0x5c4f,0x5c4f,0x644f,0x5c2e,0x5c0e,0x5c0e,0x5c2e,0x5c4e,0x646f,
  0x648f,0x6cb0,0x6cb0,0x6cb0,0x6490,0x6490,0x6490,0x64b0,0x6cf0,0x6d11,0x6d11,0x6d11,0x7511,0x7552,0x7d52,0x7d52,
  0x7d52,0x8573,0x8593,0x8573,0x7d32,0x74d0,0x5c0d,0x5c0d,0x5c0d,0x53cc,0x5c0e,0x642f,0x640e,0x6c2e,0x63ed,0x4b4b,
  0x536b,0x5bac,0x5bac,0x5b8b,0x63ec,0x5bcc,0x5bab,0x5bab,0x63ec,0x53ab,0x53ab,0x5bec,0x640c,0x640c,0x640c,0x640c,
  0x640d,0x5bec,0x640d,0x5c0d,0x640d,0x642d,0x642d,0x642d,0x642d,0x642d,0x642d,0x642d,0x640d,0x640d,0x640d,0x63ec,
  0x5bcc,0x538b,0x536b,0x4b8b,0x53ed,0x7d11,0x7531,0x6d11,0x7532,0x6d32,0x7552,0x6d32,0x6d32,0x6d52,0x6d52,0x6d52,
  0x6d52,0x6d32,0x6d32,0x7552,0x7593,0x7573,0x7593,0x7d93,0x7db3,0x7d93,0x7d93,0x7593,0x7573,0x7573,0x7593,0x7db4,
  0x8eb7,0x8eb7,0x8e97,0x8e97,0x8e97,0x8e97,0x8eb7,0x8e97,0x8e97,0x8656,0x8e77,0x8e76,0x8e56,0x8656,0x8636,0x8656,
  0x8635,0x8635,0x8635,0x8635,0x8635,0x8635,0x8635,0x8635,0x8615,0x8635,0x8e35,0x8615,0x8615,0x8e35,0x8e35,0x8615,
  0x8e35,0x8e35,0x8614,0x8615,0x8615,0x85f5,0x85f5,0x7dd4,0x7dd4,0x7dd4,0x7dd4,0x85f4,0x7df4,0x85f5,0x8615,0x75b4,
  0x7573,0x7593,0x7df5,0x85f5,0x8615,0x85f5,0x85f5,0x7dd5,0x7db4,0x7dd5,0x85f5,0x8615,0x8e36,0x8e36,0x8e36,0x8e36,
  0x7d94,0x6511,0x7dd4,0x9697,0x8636,0x7db4,0x85f5,0x8615,0x7df5,0x8636,0x9677,0x8e56,0x96b8,0x8e77,0x7df5,0x7df5,
  0x85f6,0x7d94,0x6d12,0x7573,0x7573,0x7d94,0x7553,0x6d53,0x85f5,0x8615,0x85f5,0x7d94,0x7d94,0x7d93,0x7532,0x7d73,
  0x7d94,0x85d4,0x85d5,0x85d4,0x85d5,0x7db4,0x7dd4,0x7dd4,0x7dd4,0x7db4,0x85b4,0x85b4,0x7d93,0x7db3,0x7db4,0x7d94,
  0x7d73,0x7d73,0x7d52,0x74af,0x6bcc,0x5b2a,0x5ac9,0x5a88,0x5aa8,0x5ac9,0x5aa8,0x52c8,0x5b0a,0x638b,0x63cc,0x6c2e,
  0x6c6f,0x6c6f,0x6c8f,0x646f,0x644f,0x646f,0x646f,0x5c6f,0x5c6f,0x646f,0x648f,0x6c90,0x6490,0x6490,0x64b0,0x64b0,
  0x64b0,0x6490,0x6490,0x6490,0x646f,0x646f,0x646f,0x644f,0x646f,0x5c6f,0x5c4e,0x644f,0x5c4e,0x5c2e,0x5c0e,0x5c4e,
  0x644f,0x648f,0x648f,0x6cb0,0x6cd0,0x64b0,0x64b0,0x6cf1,0x6cd1,0x6cf1,0x6d11,0x7532,0x7532,0x7531,0x7552,0x7552,
  0x7552,0x7d52,0x7d52,0x8573,0x8593,0x8573,0x8573,0x7d32,0x74d0,0x5c0e,0x53ed,0x5c0d,0x5bed,0x640e,0x53ac,0x430a,
  0x4b8b,0x53ac,0x538c,0x53ab,0x5bcc,0x5bcc,0x5bab,0x538b,0x5bab,0x53ab,0x538a,0x53ab,0x5bcb,0x5bec,0x5beb,0x640c,
  0x642d,0x5bec,0x642d,0x5c0d,0x5c0d,0x642d,0x640d,0x5c0d,0x5c0d,0x642d,0x642d,0x642d,0x640d,0x5bec,0x5bcc,0x5bcc,
  0x53ab,0x538b,0x53ab,0x4b6b,0x53cc,0x7d11,0x7511,0x6d11,0x6d32,0x7532,0x7573,0x7552,0x6d52,0x6d52,0x6d52,0x7572,
  0x7572,0x6d52,0x6d52,0x7552,0x7572,0x7552,0x7573,0x7573,0x7572,0x7593,0x7db4,0x7db4,0x7d94,0x7593,0x7593,0x7d94,
  0x8e97,0x8e97,0x8eb7,0x8e96,0x8e97,0x8677,0x8e97,0x8e77,0x8e77,0x8656,0x8656,0x8656,0x8636,0x8656,0x8635,0x8635,
  0x8635,0x8614,0x8635,0x8635,0x8635,0x8635,0x8635,0x8635,0x8615,0x8635,0x8615,0x8615,0x8615,0x8e15,0x8615,0x8e35,
  0x8614,0x8614,0x85f4,0x8615,0x85f4,0x85f4,0x7df4,0x7df4,0x7df4,0x7dd4,0x7df4,0x85d4,0x7dd4,0x85f5,0x8615,0x7593,
  0x6d72,0x7593,0x85f5,0x8615,0x85f5,0x8615,0x85f5,0x85f5,0x7594,0x7db4,0x85d5,0x85f5,0x8e36,0x8e36,0x8e36,0x85f5,
  0x7db4,0x6d11,0x7573,0x9677,0x8e77,0x7dd4,0x7df5,0x8616,0x7dd5,0x7dd5,0x8e57,0x8e57,0x9698,0x9eb8,0x8e57,0x8636,
  0x85f6,0x7db4,0x6d33,0x7553,0x7553,0x7d94,0x7553,0x6d32,0x85f5,0x8e16,0x85f5,0x7db4,0x7db4,0x7d94,0x6d32,0x7552,
  0x7d93,0x85b4,0x85d5,0x85b4,0x85b4,0x7dd4,0x7db4,0x7db4,0x7d94,0x7d93,0x7db4,0x85b4,0x8594,0x8593,0x7db4,0x7db4,
  0x7d73,0x8532,0x6bed,0x5b0a,0x5ac9,0x6ae9,0x6aa8,0x62a8,0x62a8,0x62a8,0x6288,0x6288,0x5aa8,0x5aa8,0x52a8,0x52a8,
  0x5b0a,0x638c,0x63ed,0x6c0e,0x6c4f,0x646e,0x646f,0x646f,0x5c6f,0x5c6f,0x5c6f,0x6490,0x6490,0x6490,0x6490,0x6cb0,
  0x6cb0,0x6cb0,0x6490,0x6490,0x6490,0x646f,0x646f,0x648f,0x648f,0x646f,0x5c4e,0x646f,0x5c4e,0x644f,0x5c4e,0x5c0e,
  0x5c2e,0x5c4e,0x646f,0x648f,0x64b0,0x6cf1,0x7532,0x6d12,0x6d12,0x6cf1,0x6cf1,0x7553,0x7532,0x7552,0x7552,0x7532,
  0x7572,0x7d72,0x7d52,0x7552,0x7d73,0x7d52,0x8573,0x85b4,0x8db4,0x8573,0x7d32,0x6c90,0x5c0e,0x5bed,0x432a,0x3b0a,
  0x4b8c,0x53ac,0x538c,0x5bcc,0x536b,0x538b,0x53ab,0x538b,0x538a,0x536a,0x536a,0x4b4a,0x538b,0x5bcc,0x53ab,0x5bec,
  0x5bec,0x640c,0x640c,0x5c0d,0x642d,0x642d,0x640d,0x640d,0x640d,0x640d,0x63ed,0x640d,0x642d,0x5bec,0x5bcc,0x5bcc,
  0x5bcc,0x538b,0x538b,0x4b6b,0x436b,0x7d11,0x7d52,0x7512,0x7532,0x7552,0x7573,0x7572,0x6d32,0x6d52,0x6d52,0x7572,
  0x7572,0x7552,0x7552,0x7573,0x7573,0x7552,0x7d73,0x7552,0x7552,0x7552,0x7d93,0x7d93,0x7573,0x7573,0x7573,0x7593,
  0x8e76,0x8e97,0x8e97,0x8e97,0x8e97,0x8656,0x8676,0x8656,0x8636,0x7e15,0x8636,0x8656,0x8e56,0x8e56,0x8635,0x8635,
  0x8635,0x8614,0x8615,0x8635,0x8635,0x8635,0x8e35,0x8635,0x8635,0x8615,0x8615,0x8614,0x8614,0x8614,0x8e35,0x8e35,
  0x8e35,0x8615,0x8615,0x8615,0x8615,0x85f4,0x7df4,0x7df4,0x7df4,0x7df4,0x7dd4,0x85f4,0x7df4,0x85f5,0x8636,0x7dd4,
  0x7593,0x6d73,0x7dd5,0x8615,0x85f5,0x8615,0x85f5,0x8616,0x7dd5,0x7db4,0x7dd4,0x85d5,0x8e36,0x8e36,0x8e16,0x85f5,
  0x85d4,0x7572,0x6d11,0x8e56,0x9697,0x85f5,0x8615,0x85f5,0x7dd4,0x7dd5,0x8616,0x8e36,0x8e56,0x9697,0x9698,0x8e57,
  0x85f5,0x85d5,0x7553,0x7553,0x7d74,0x7553,0x7553,0x6d12,0x7db4,0x85f5,0x85f5,0x85d5,0x7db4,0x85b4,0x7553,0x7532,
  0x7573,0x85d5,0x85f5,0x85d5,0x85d5,0x85d5,0x7db4,0x7d94,0x7db4,0x7db4,0x7db4,0x7db3,0x7db3,0x7d73,0x7d73,0x8593,
  0x8512,0x63ac,0x62e9,0x6ae9,0x62c9,0x6ac9,0x62c8,0x62a8,0x5aa8,0x62a8,0x62a8,0x6288,0x6288,0x6288,0x5a68,0x5a87,
  0x5a88,0x5288,0x52a8,0x52c9,0x5b4a,0x63ac,0x6c2e,0x6c4f,0x6c6f,0x644f,0x646f,0x646f,0x646f,0x646f,0x648f,0x6490,
  0x6cb0,0x74f1,0x6cb0,0x6cb0,0x6490,0x646f,0x648f,0x6490,0x64b0,0x6490,0x648f,0x64b0,0x648f,0x648f,0x646f,0x644f,
  0x646f,0x5c4e,0x5c4e,0x646f,0x64b0,0x6cd0,0x6d11,0x6d12,0x7552,0x7553,0x7553,0x7553,0x7532,0x7532,0x7532,0x7552,
  0x7552,0x7573,0x7d53,0x7d72,0x7d72,0x7d93,0x7d93,0x7d72,0x7d73,0x7d93,0x85b3,0x8db4,0x8593,0x7d32,0x646f,0x53cc,
  0x4b8c,0x4b8b,0x4b8b,0x4b8b,0x4b8b,0x538b,0x4b8b,0x4b6a,0x536a,0x4b4a,0x4b29,0x4b29,0x536a,0x53ab,0x5bcc,0x5bcc,
  0x5bec,0x5bed,0x640d,0x640d,0x640d,0x640d,0x640d,0x640d,0x642d,0x5bed,0x5bec,0x640d,0x640d,0x5bed,0x5bcc,0x53ac,
  0x5bcc,0x53ac,0x538b,0x4b6b,0x436b,0x7511,0x85b4,0x6d12,0x7553,0x7552,0x7552,0x7552,0x7572,0x7572,0x7573,0x7573,
  0x7573,0x6d52,0x7573,0x7573,0x7552,0x7d93,0x7573,0x7552,0x6d32,0x7552,0x7572,0x7573,0x6d53,0x6d52,0x7553,0x7573,
  0x8e77,0x8e76,0x8e76,0x8676,0x8676,0x8656,0x8656,0x8656,0x7e36,0x7e35,0x8656,0x8e56,0x8e56,0x8656,0x8e56,0x8656,
  0x8635,0x8635,0x8635,0x8635,0x8e55,0x8635,0x8e35,0x8e35,0x8e35,0x8615,0x85f4,0x8615,0x8615,0x8615,0x8615,0x8615,
  0x8615,0x8e35,0x8e55,0x8635,0x8635,0x7dd4,0x7dd4,0x85f4,0x7df4,0x85f4,0x85f4,0x85f4,0x85f4,0x8615,0x8635,0x7dd4,
  0x6d73,0x7573,0x7dd5,0x7df5,0x8615,0x8616,0x8615,0x8615,0x7df5,0x7dd4,0x7db4,0x7dd4,0x85f5,0x8e36,0x8e16,0x8615,
  0x85d4,0x7572,0x64f1,0x85f4,0x9eb8,0x8615,0x85f5,0x85f5,0x85d5,0x7d94,0x85d5,0x8e36,0x8e77,0x8e56,0x96b8,0x9677,
  0x8e36,0x85f6,0x7573,0x7553,0x7d53,0x7553,0x7533,0x6d12,0x7d73,0x85f5,0x8615,0x85d5,0x7db4,0x85b4,0x7553,0x7532,
  0x7552,0x85b4,0x85d5,0x85d5,0x85f5,0x85d5,0x85b4,0x85b5,0x85d5,0x85d4,0x7db4,0x7db4,0x7dd4,0x7593,0x8594,0x8512,
  0x638c,0x62e9,0x6ae9,0x72e9,0x6ac8,0x6ac9,0x6ac8,0x62a8,0x6288,0x6288,0x62a8,0x62a8,0x6288,0x5a67,0x5a67,0x6288,
  0x5a87,0x5a87,0x5a88,0x5a67,0x5a68,0x5267,0x52c9,0x5b2a,0x638c,0x63cd,0x642e,0x644e,0x644f,0x644f,0x646f,0x646f,
  0x648f,0x6cb0,0x6cb0,0x6cb0,0x6cb0,0x6cb0,0x6490,0x6cb0,0x6cb0,0x6490,0x64b0,0x64b0,0x64b0,0x6cb0,0x6c8f,0x648f,
  0x648f,0x5c6f,0x648f,0x648f,0x648f,0x64b0,0x6cf1,0x7512,0x7532,0x7553,0x7573,0x7d73,0x7d73,0x7552,0x7552,0x7573,
  0x7573,0x7573,0x7573,0x7d73,0x7572,0x7d93,0x7d93,0x7d93,0x7d93,0x7d93,0x7d93,0x7d72,0x7d52,0x8573,0x8594,0x8594,
  0x8553,0x74f1,0x644f,0x5bcc,0x4b6b,0x434a,0x4309,0x430a,0x4309,0x42e9,0x42e9,0x3ac8,0x4b4a,0x536b,0x5bac,0x5bcc,
  0x5bcc,0x5bed,0x642d,0x642d,0x640d,0x642d,0x642d,0x640d,0x640d,0x640d,0x640d,0x5bec,0x5bec,0x5bed,0x5bcc,0x5bcc,
  0x5bcc,0x5bcc,0x53ab,0x4b6b,0x434a,0x74f1,0x8df5,0x6d11,0x6d12,0x6d32,0x7552,0x6d72,0x7572,0x7572,0x6d52,0x7572,
  0x6d52,0x6d52,0x7572,0x7552,0x6d52,0x7552,0x7552,0x7552,0x7552,0x7552,0x6d32,0x6d52,0x7553,0x7553,0x6d53,0x7553,
  0x8e77,0x8e97,0x8e97,0x8e76,0x8656,0x8656,0x8656,0x8656,0x8636,0x8656,0x8e77,0x8e56,0x8636,0x8636,0x8635,0x8615,
  0x8635,0x8614,0x8635,0x8635,0x8635,0x8615,0x8615,0x8615,0x8615,0x8615,0x8614,0x8615,0x8615,0x8e35,0x8615,0x8615,
  0x8614,0x8615,0x8615,0x8615,0x8615,0x7df4,0x7df4,0x85f5,0x8615,0x7dd4,0x7df4,0x7dd4,0x7dd4,0x8636,0x8635,0x75b4,
  0x6d73,0x7593,0x7dd5,0x7df5,0x8616,0x8616,0x8615,0x8615,0x8615,0x7df5,0x7db4,0x7594,0x7dd4,0x85f5,0x8e36,0x8e16,
  0x85f5,0x7d93,0x6d11,0x7d93,0x9697,0x8e36,0x85f5,0x8615,0x7db4,0x7573,0x7593,0x85d4,0x9657,0x8e57,0x9698,0x9eb8,
  0x9677,0x85f5,0x7553,0x7533,0x7d53,0x7d94,0x7d94,0x6d12,0x7553,0x85f5,0x8e36,0x85d5,0x7db4,0x85d5,0x7553,0x7532,
  0x6d12,0x7d73,0x85d5,0x85d5,0x85d5,0x85b4,0x85d5,0x85b4,0x85d5,0x85d5,0x85f5,0x85d5,0x7dd4,0x7db3,0x8d73,0x6bed,
  0x62e9,0x6ae9,0x6ac8,0x72e9,0x6ac8,0x6ac9,0x6aa8,0x6aa8,0x6aa8,0x62a8,0x62a8,0x6288,0x62a7,0x5a67,0x5a87,0x5a87,
  0x5a87,0x5a87,0x5a88,0x5a87,0x5267,0x5267,0x5267,0x4a67,0x4a67,0x52a8,0x52e9,0x5b4b,0x63ac,0x640e,0x6c4f,0x644f,
  0x6c8f,0x6c90,0x6cd0,0x6cb0,0x6cb0,0x6cd1,0x6cb0,0x6490,0x6490,0x64b0,0x64d0,0x64d0,0x64b0,0x6cb0,0x6cd1,0x6cd0,
  0x6490,0x64b0,0x64b0,0x6cb0,0x6cd1,0x6cd1,0x6cd1,0x64d1,0x6cf1,0x6d32,0x7d73,0x7d94,0x7db4,0x7d93,0x7d94,0x7d73,
  0x7573,0x7573,0x7573,0x7d93,0x7d93,0x7d73,0x7d93,0x7d93,0x7db3,0x7d93,0x7d93,0x7d93,0x7d72,0x7d73,0x7d52,0x7d52,
  0x8573,0x8593,0x8db4,0x8db4,0x7d12,0x74d0,0x5c2e,0x4b6b,0x430a,0x3287,0x2a47,0x2a26,0x42e9,0x4b4a,0x538c,0x5bed,
  0x5bed,0x5bed,0x640d,0x642d,0x640d,0x642e,0x642e,0x640d,0x642d,0x640d,0x640d,0x5c0d,0x640d,0x5bed,0x5bcd,0x5bed,
  0x5bcc,0x53ac,0x538b,0x434a,0x4b8b,0x8db4,0x8573,0x6cf1,0x6d11,0x6d32,0x6d52,0x7552,0x6d52,0x7573,0x6d52,0x7572,
  0x6d52,0x7552,0x7572,0x7573,0x7552,0x6d32,0x7552,0x7552,0x7552,0x7572,0x6d32,0x6d32,0x6d52,0x7553,0x7533,0x7532,
  0x8656,0x8e77,0x8e77,0x8e77,0x8656,0x8656,0x8636,0x8636,0x8656,0x8656,0x8636,0x8636,0x8636,0x8e36,0x8636,0x8635,
  0x8615,0x8615,0x8614,0x8614,0x8614,0x8635,0x8635,0x8615,0x85f4,0x85f4,0x8615,0x8615,0x8615,0x8615,0x8615,0x85f4,
  0x8614,0x8614,0x8615,0x8615,0x7dd4,0x7df5,0x7df5,0x85f4,0x7df4,0x7dd4,0x7dd4,0x7dd4,0x7db4,0x8e36,0x8e76,0x7db4,
  0x7594,0x7db4,0x7dd4,0x7df5,0x7df5,0x8616,0x8e36,0x8615,0x8615,0x7df5,0x7db4,0x7db4,0x85d5,0x85f5,0x8616,0x8616,
  0x85f4,0x7db4,0x6d11,0x7532,0x8e56,0x9677,0x7dd5,0x8615,0x85f5,0x7573,0x7552,0x7593,0x8615,0x9657,0x9677,0x8e77,
  0x9698,0x8e36,0x7553,0x6d12,0x7553,0x7d94,0x7d94,0x6d32,0x6d12,0x7dd5,0x85f5,0x85d5,0x85d5,0x85d5,0x7d73,0x7532,
  0x6d12,0x7d93,0x85d5,0x85d5,0x85d5,0x85d5,0x85d5,0x85b4,0x85b4,0x85b5,0x7db4,0x85b4,0x85d4,0x8db4,0x7c90,0x630a,
  0x6ae9,0x72c8,0x6ae8,0x6ac9,0x6ac9,0x6ac8,0x6aa8,0x6ac8,0x6ac8,0x6aa8,0x6aa8,0x6287,0x62a7,0x6288,0x62a8,0x5a88,
  0x62a8,0x5aa8,0x5a87,0x5a87,0x5a87,0x5287,0x5287,0x5267,0x5267,0x5267,0x4a67,0x4a68,0x4a88,0x4ac9,0x5b4a,0x63ac,
  0x6c2e,0x74b0,0x74d0,0x6cb0,0x6cb0,0x64b0,0x64b0,0x64b0,0x64b0,0x64b0,0x6cd1,0x6cf1,0x6cd1,0x6cd1,0x6cd1,0x6cd1,
  0x6cd1,0x6cd1,0x64b0,0x64b0,0x6cf1,0x6cd1,0x6cf1,0x6d12,0x64d1,0x64b0,0x6cf1,0x7532,0x7553,0x7d94,0x85d4,0x7db4,
  0x7db4,0x7d94,0x7d93,0x7573,0x7d73,0x7d94,0x7d94,0x7d93,0x7d93,0x7db3,0x7d93,0x7d93,0x7db3,0x7d93,0x7d73,0x7d73,
  0x7d73,0x7d53,0x7d53,0x7d73,0x8593,0x8593,0x8db4,0x8d93,0x8573,0x7cd1,0x5bcc,0x4b8b,0x53ac,0x4b8b,0x53cc,0x5bcc,
  0x5bcc,0x5bed,0x5c0d,0x5bed,0x5c0d,0x642e,0x642e,0x5bed,0x640d,0x5c0d,0x640d,0x5c0d,0x5c0d,0x5bed,0x640e,0x5bed,
  0x53ac,0x538b,0x53ac,0x5c0d,0x8d93,0x8db4,0x64b0,0x7d52,0x7532,0x7532,0x6d32,0x6d12,0x6d52,0x6d52,0x6d52,0x7572,
  0x6d52,0x7552,0x7572,0x6d52,0x6d52,0x6d52,0x6d32,0x7552,0x7572,0x7572,0x7552,0x7552,0x7553,0x6d32,0x7553,0x7533,
  0x8e56,0x8e77,0x8e56,0x8656,0x8656,0x8636,0x8636,0x8656,0x8636,0x8656,0x8636,0x8636,0x8e56,0x8e36,0x8636,0x8635,
  0x8615,0x8615,0x8615,0x8615,0x8615,0x8e35,0x8e35,0x8615,0x85f4,0x8614,0x8615,0x85f4,0x8614,0x8614,0x85f4,0x85f4,
  0x85f4,0x7df4,0x8614,0x85f5,0x8615,0x7df4,0x7df4,0x85f4,0x7dd4,0x7dd4,0x7db4,0x7dd4,0x7dd4,0x7dd4,0x8e36,0x8e56,
  0x75b3,0x7db4,0x7db4,0x7dd4,0x8615,0x85f5,0x8e36,0x8616,0x8636,0x85f5,0x7db4,0x7573,0x7db4,0x85d5,0x8e16,0x8616,
  0x8e15,0x85d4,0x7552,0x6d11,0x85d4,0x9697,0x8615,0x7dd4,0x8615,0x7573,0x7552,0x7d94,0x85d4,0x8615,0x8e36,0x8e57,
  0x8e36,0x85f5,0x7573,0x7532,0x7d73,0x7d94,0x7d94,0x6d12,0x6d12,0x7db4,0x85f5,0x85d5,0x85f5,0x85d5,0x7d73,0x7532,
  0x7552,0x7553,0x85b4,0x85b5,0x85d5,0x85d5,0x85d5,0x85d5,0x85b5,0x85d5,0x7dd4,0x85d5,0x85d4,0x8d73,0x6b6c,0x6aea,
  0x72e9,0x72c8,0x6ac8,0x6ac9,0x6ac9,0x6ac9,0x6ac9,0x6aa8,0x6aa8,0x6ae9,0x6ac8,0x62a8,0x6287,0x62a8,0x62a8,0x6288,
  0x6288,0x62a8,0x5a67,0x5a67,0x5a88,0x5a88,0x5267,0x5267,0x5247,0x5247,0x5267,0x4a47,0x5247,0x5267,0x5288,0x52c8,
  0x52e9,0x5b4b,0x6bcd,0x744f,0x74b0,0x6cb0,0x6490,0x64b0,0x64b0,0x6cb0,0x6cd1,0x6cf1,0x6cf1,0x74f2,0x7511,0x6d11,
  0x7512,0x6cf1,0x6cd1,0x6cd1,0x64b0,0x6cd1,0x6cf1,0x6cf1,0x7532,0x7553,0x6d32,0x64d1,0x6cf1,0x7532,0x7d93,0x7db4,
  0x7db4,0x85b4,0x85b4,0x7d93,0x7d93,0x7573,0x7573,0x7d94,0x7db4,0x7d93,0x7d93,0x7db3,0x7d93,0x7d93,0x7d73,0x7d73,
  0x7d93,0x7d93,0x7d73,0x7d73,0x7d72,0x7d72,0x7d52,0x8573,0x8593,0x8dd4,0x95d4,0x95d4,0x95d4,0x8db4,0x8552,0x7d31,
  0x7d11,0x74f1,0x6caf,0x646f,0x6c8f,0x6c6f,0x646e,0x5c2d,0x5c0d,0x642e,0x5c2d,0x5c2e,0x5c2e,0x644e,0x6c6f,0x6c8f,
  0x74d1,0x7cf1,0x8d73,0x95d4,0x7d32,0x648f,0x64b0,0x7532,0x7532,0x7532,0x6d32,0x6512,0x6d32,0x6d52,0x7573,0x7552,
  0x6d52,0x7552,0x6d52,0x6d32,0x6d32,0x6d32,0x6d32,0x7553,0x7552,0x6d52,0x7572,0x7552,0x7553,0x7553,0x7553,0x7552,
  0x8e77,0x8e56,0x8636,0x8656,0x8e56,0x8656,0x8636,0x8656,0x8656,0x8e57,0x8636,0x8636,0x8636,0x8616,0x8635,0x8615,
  0x8615,0x8635,0x8615,0x8e35,0x8e35,0x8615,0x8615,0x8614,0x85f4,0x8615,0x8615,0x85f4,0x85f4,0x85f4,0x85f4,0x85f4,
  0x8614,0x85f4,0x7df4,0x85f4,0x7df4,0x7df4,0x85f4,0x7df4,0x7dd4,0x7dd4,0x7dd4,0x7dd4,0x7dd4,0x7552,0x6d52,0x7df5,
  0x85f5,0x7db4,0x7d93,0x85f5,0x8636,0x8616,0x8616,0x8615,0x8616,0x7dd5,0x7dd4,0x7594,0x7573,0x7db4,0x8615,0x8e16,
  0x8615,0x85f5,0x7572,0x64d0,0x7d93,0x9677,0x8e36,0x7db4,0x85f5,0x7593,0x7552,0x7573,0x7573,0x7db4,0x8e36,0x8616,
  0x7db4,0x7594,0x7573,0x7553,0x7533,0x7d74,0x7d94,0x6d32,0x6cf2,0x7db4,0x8616,0x85d5,0x85d5,0x85f5,0x85b4,0x7553,
  0x6d12,0x7532,0x7d94,0x85b5,0x85d5,0x85d5,0x85d5,0x85d5,0x85b4,0x7db4,0x7db4,0x7db4,0x8dd5,0x7c90,0x62ea,0x6ae9,
  0x72e9,0x6ac8,0x6ae9,0x6ac8,0x6ac9,0x72e9,0x6ae9,0x6ae9,0x6ac9,0x6aa8,0x6aa8,0x6aa8,0x6aa8,0x62a8,0x62a8,0x6288,
  0x6288,0x6288,0x6287,0x5a67,0x5a67,0x5a88,0x5a67,0x5267,0x5247,0x5247,0x5247,0x5247,0x5267,0x5267,0x5287,0x5a88,
  0x5287,0x52a8,0x5aa8,0x5ae9,0x636b,0x6c2e,0x748f,0x74d1,0x6cd0,0x6cb0,0x6cf1,0x6cf1,0x6cf1,0x7512,0x7512,0x7532,
  0x7532,0x7532,0x7512,0x6cf1,0x6cd1,0x64b0,0x6cd1,0x6cf1,0x7532,0x7553,0x7d94,0x7d94,0x7d73,0x6d32,0x6d12,0x6d32,
  0x7573,0x7db4,0x85b4,0x7db4,0x7dd5,0x7db4,0x7d94,0x7d73,0x7d73,0x7d73,0x7db3,0x7db4,0x7d93,0x7d93,0x7d93,0x7d93,
  0x7d93,0x7d93,0x7d73,0x7d73,0x7d93,0x7573,0x7552,0x7552,0x7552,0x7532,0x7531,0x7d32,0x7d52,0x7d72,0x8593,0x85b3,
  0x8db3,0x8dd4,0x8dd4,0x8dd4,0x8dd4,0x8db3,0x8db4,0x8dd4,0x8db4,0x8d93,0x8593,0x8d93,0x8db4,0x8dd4,0x8db4,0x8d94,
  0x8d93,0x8552,0x74d0,0x644f,0x5c4f,0x5c4f,0x6490,0x6cf1,0x6cf2,0x6d12,0x6d12,0x6d32,0x6d12,0x6d32,0x6d52,0x6d32,
  0x6d32,0x7552,0x6d32,0x6d32,0x6d32,0x6d32,0x6d32,0x7552,0x7552,0x6d32,0x6d32,0x6d32,0x7553,0x7553,0x6d32,0x6d32,
  0x8e36,0x8636,0x8e36,0x8636,0x8636,0x8e56,0x8636,0x8636,0x8636,0x8636,0x8636,0x8636,0x8636,0x8615,0x8636,0x8635,
  0x8615,0x8615,0x8615,0x8615,0x8615,0x8615,0x8614,0x8614,0x8615,0x8e15,0x8615,0x85f4,0x85f4,0x85f4,0x7dd4,0x85f4,
  0x85f4,0x7df4,0x85f4,0x7df4,0x8615,0x85f5,0x85f4,0x7dd4,0x7dd4,0x7df4,0x7dd4,0x7db4,0x7dd4,0x85f5,0x7dd4,0x7573,
  0x7573,0x7dd4,0x7593,0x7df4,0x8e36,0x8616,0x8616,0x8615,0x8616,0x8615,0x85f5,0x7594,0x7553,0x7d94,0x7dd5,0x8e36,
  0x8e36,0x85f5,0x7db3,0x64d0,0x6d11,0x8e36,0x9677,0x85d5,0x85f5,0x7db4,0x7593,0x7572,0x7552,0x7573,0x8615,0x85f5,
  0x7dd5,0x7594,0x7553,0x6d32,0x7553,0x7553,0x7d94,0x7533,0x6cf2,0x7d94,0x85f6,0x85f5,0x85f5,0x8df5,0x85d5,0x7d73,
  0x6d32,0x6d12,0x7d73,0x85d4,0x85f5,0x85f5,0x85d5,0x85d5,0x7db4,0x7db4,0x7dd4,0x85b4,0x8db4,0x63ac,0x62e9,0x72e9,
  0x6ae8,0x6ae9,0x6ac9,0x6ac9,0x6ac9,0x6ac9,0x6ac9,0x6ac9,0x72e9,0x6ac9,0x6ac8,0x6ac8,0x6ac8,0x6aa8,0x6288,0x6288,
  0x62a8,0x6288,0x6288,0x6287,0x6288,0x5a67,0x5a67,0x5267,0x5247,0x5267,0x5267,0x5267,0x5267,0x5287,0x5246,0x5267,
  0x5a88,0x5a67,0x62a8,0x62a8,0x5aa8,0x5ae9,0x5b4a,0x6bed,0x7490,0x74b0,0x6cd0,0x6cf1,0x7532,0x7532,0x7512,0x7532,
  0x7532,0x7532,0x7532,0x7512,0x6cf1,0x6cf1,0x6cf1,0x6d12,0x6d12,0x6d12,0x7532,0x7d73,0x85d5,0x8df5,0x85d4,0x7d93,
  0x7552,0x7552,0x7573,0x7573,0x7db4,0x7db4,0x7db4,0x85b4,0x7db4,0x7db4,0x7db4,0x7d93,0x7d93,0x7d93,0x7d93,0x7d93,
  0x7d93,0x7d73,0x7d93,0x7d93,0x7d93,0x7d93,0x7d93,0x7552,0x7572,0x7d72,0x7d52,0x7532,0x7552,0x7532,0x7552,0x7531,
  0x7511,0x7511,0x6d11,0x7511,0x7511,0x7511,0x7511,0x7531,0x7d32,0x7511,0x7511,0x74f1,0x74f1,0x6cd1,0x6cb0,0x646f,
  0x646f,0x5c2e,0x5c4e,0x646f,0x5c6f,0x5c4f,0x64b0,0x6d11,0x6d12,0x6d32,0x6d12,0x6d32,0x6d12,0x64f1,0x6d11,0x6d11,
  0x6d32,0x6d31,0x6d11,0x64f1,0x6d11,0x6d12,0x6d12,0x6d32,0x6d11,0x6d32,0x6d31,0x6d52,0x7552,0x7553,0x7553,0x7532,
  0x8636,0x8636,0x8e56,0x8636,0x8636,0x8636,0x8636,0x8636,0x8615,0x8615,0x8636,0x8616,0x8636,0x8636,0x8636,0x8615,
  0x8615,0x8616,0x8616,0x85f5,0x8615,0x8615,0x8635,0x8614,0x8615,0x8615,0x8614,0x85f4,0x85f4,0x8615,0x85f4,0x85f4,
  0x85f4,0x85f4,0x85f4,0x85f4,0x8615,0x7dd4,0x85d4,0x85f5,0x7db4,0x7db4,0x7dd4,0x7db4,0x7dd4,0x8e56,0x8e36,0x7dd4,
  0x6d31,0x7db3,0x7db3,0x7dd4,0x8635,0x8616,0x85f5,0x8616,0x8616,0x8e36,0x85f5,0x7594,0x7593,0x7d94,0x7dd4,0x8616,
  0x8e36,0x8e15,0x85d4,0x6d11,0x64b0,0x7db4,0x9677,0x8e36,0x7db4,0x7dd4,0x7d93,0x7552,0x7552,0x7d93,0x85d5,0x8e16,
  0x85f5,0x7db4,0x7d94,0x7553,0x6d53,0x7553,0x7d74,0x7553,0x6cf2,0x7553,0x85d5,0x85f5,0x85d5,0x8e16,0x85d5,0x7d94,
  0x6d11,0x6d32,0x7552,0x85b4,0x7db4,0x85d5,0x85d5,0x85b4,0x85d5,0x85d5,0x85d4,0x85d4,0x8553,0x634b,0x6ae9,0x6ac8,
  0x62c8,0x6ac9,0x72e9,0x6ae9,0x6ae9,0x6ae9,0x72e9,0x6ac9,0x72c9,0x6ac9,0x6aa8,0x6ac9,0x62a8,0x6aa8,0x62a8,0x62a8,
  0x6aa8,0x62a8,0x62a8,0x6288,0x6288,0x6288,0x5a87,0x5a87,0x5a87,0x5267,0x5267,0x5267,0x5267,0x5267,0x5267,0x5287,
  0x5a67,0x5a88,0x5aa8,0x62c9,0x62c8,0x62c8,0x5ac9,0x5ac9,0x5b4b,0x6c2e,0x7cd0,0x7d11,0x7532,0x7532,0x7553,0x7553,
  0x7553,0x7532,0x7532,0x7532,0x7532,0x7532,0x6d12,0x6cf1,0x6cf1,0x6cf1,0x6d32,0x7d73,0x7d94,0x7db4,0x85f5,0x8e36,
  0x8e36,0x85f5,0x7593,0x7573,0x7573,0x7553,0x7573,0x7d94,0x7db4,0x85b4,0x85b4,0x85b4,0x85d4,0x7db4,0x7d94,0x7d73,
  0x7573,0x7d73,0x7d73,0x7d93,0x7d73,0x7d94,0x7d94,0x7d93,0x7d73,0x7d72,0x7572,0x7552,0x7553,0x7552,0x7552,0x7552,
  0x7532,0x7532,0x6d11,0x7531,0x6d11,0x6cd0,0x6cf1,0x6cf0,0x6cb0,0x6cd0,0x64b0,0x64b0,0x6490,0x6490,0x6490,0x648f,
  0x648f,0x648f,0x646f,0x648f,0x646f,0x5c4f,0x64b0,0x7532,0x6d11,0x6d32,0x6d12,0x6d12,0x6d12,0x6d11,0x6d32,0x6d12,
  0x6d12,0x6d11,0x6d11,0x6d32,0x6d12,0x6d12,0x6d32,0x6d31,0x6d31,0x6d52,0x6d52,0x7552,0x6d52,0x6d32,0x6d32,0x7552,
  0x8636,0x8e36,0x8e77,0x8e36,0x8636,0x8e36,0x8e56,0x8e56,0x8636,0x8636,0x8e36,0x8636,0x8616,0x8615,0x8615,0x8615,
  0x8615,0x8616,0x8616,0x8615,0x8e15,0x8e35,0x8e35,0x8615,0x8615,0x8615,0x8614,0x8614,0x8615,0x8e35,0x8615,0x8614,
  0x85f4,0x85f4,0x8614,0x85f4,0x8614,0x7dd4,0x7dd4,0x7dd4,0x7dd4,0x7db4,0x75b3,0x7db3,0x7593,0x8615,0x8e56,0x8e35,
  0x7593,0x7593,0x7db3,0x7593,0x85f5,0x8e36,0x8616,0x8616,0x85f5,0x85f5,0x85f5,0x7dd4,0x7573,0x7573,0x7db4,0x85f5,
  0x8615,0x8615,0x85d4,0x7532,0x64b0,0x7552,0x9656,0x9657,0x7dd4,0x7db3,0x7d93,0x7532,0x7572,0x7573,0x7db4,0x85f5,
  0x85f5,0x85d5,0x7db4,0x7553,0x6d33,0x7d94,0x7d74,0x7573,0x64f1,0x7533,0x85f5,0x85f5,0x85f5,0x85f5,0x85d5,0x7db4,
  0x6d32,0x6d11,0x7552,0x7d93,0x7db4,0x85f5,0x7dd5,0x85f5,0x85d5,0x7db4,0x7db4,0x8dd4,0x84d1,0x6309,0x6ae9,0x6ac8,
  0x6ae9,0x72e9,0x72c9,0x72e9,0x730a,0x72e9,0x6ae9,0x6ae9,0x72c9,0x6ac9,0x6ac8,0x6aa9,0x6ac8,0x6ac8,0x6ac8,0x6aa8,
  0x62a8,0x6288,0x6288,0x6288,0x62a8,0x5a88,0x62a8,0x5a87,0x5a88,0x5a87,0x5247,0x5267,0x5267,0x5267,0x5a67,0x5a67,
  0x5267,0x5aa8,0x62a8,0x62c9,0x62c9,0x5aa8,0x62c8,0x62c8,0x5ac8,0x5b09,0x63ac,0x7cb0,0x8532,0x7d53,0x7553,0x7553,
  0x7553,0x7553,0x7532,0x7512,0x7532,0x7553,0x7573,0x7532,0x6cf1,0x64f1,0x6cf1,0x6cf1,0x7532,0x7d73,0x7d73,0x85b4,
  0x8615,0x8e36,0x8e36,0x85f5,0x7dd4,0x7573,0x6d53,0x7553,0x7552,0x7d94,0x7d94,0x85b4,0x85d5,0x85d5,0x85f5,0x85b4,
  0x7d94,0x7d94,0x7d94,0x85b4,0x7d94,0x7d93,0x7d93,0x7db4,0x7d73,0x7d73,0x7572,0x7552,0x7d73,0x7573,0x7d73,0x7552,
  0x7552,0x7532,0x7552,0x7532,0x7531,0x7532,0x7511,0x6cf1,0x7511,0x6cf1,0x7511,0x6cf1,0x6cd1,0x6cd1,0x6cd1,0x6cd0,
  0x6cd0,0x6490,0x648f,0x648f,0x646f,0x5c6f,0x6d11,0x7532,0x6cf1,0x6d11,0x6cf1,0x64f1,0x6d12,0x6d32,0x6d32,0x6d32,
  0x6d32,0x6d32,0x6d32,0x6d52,0x6d32,0x6d32,0x6d32,0x6d32,0x6d32,0x7552,0x7552,0x6d52,0x6d32,0x7552,0x7552,0x7532,
  0x8e36,0x8e36,0x8e56,0x8e36,0x8e36,0x8e36,0x8e36,0x8e36,0x8e36,0x8e36,0x8e36,0x8636,0x8615,0x85f5,0x8616,0x8616,
  0x8616,0x8615,0x8615,0x8e15,0x8615,0x8e15,0x8615,0x8e35,0x8615,0x8e15,0x8e15,0x8615,0x8e15,0x8615,0x8614,0x85f4,
  0x85f4,0x85f4,0x7dd4,0x7dd3,0x85f4,0x7dd3,0x7db3,0x7db3,0x7db3,0x7db3,0x7dd4,0x7db4,0x7593,0x8615,0x8e56,0x8e35,
  0x7593,0x7593,0x7db3,0x7593,0x7dd5,0x8e36,0x8636,0x8e36,0x8616,0x7dd5,0x85d5,0x85f5,0x7d94,0x7573,0x7db4,0x7dd5,
  0x85f5,0x8615,0x85f5,0x7573,0x64d0,0x6d11,0x8e15,0x9677,0x85f5,0x7dd4,0x7dd4,0x7552,0x7572,0x7552,0x7d73,0x85f5,
  0x8e16,0x85f5,0x7db4,0x7573,0x7553,0x7d94,0x7d74,0x7553,0x64d1,0x6d32,0x85d5,0x85f5,0x85f5,0x7db5,0x7dd5,0x7db4,
  0x7552,0x6d11,0x6d32,0x7573,0x7d94,0x85d5,0x85f5,0x85f5,0x85d5,0x85d5,0x7db4,0x8573,0x7c4f,0x6b09,0x7309,0x72e8,
  0x72e8,0x72e9,0x7309,0x7309,0x7309,0x7309,0x7309,0x7309,0x72c8,0x72c8,0x72e9,0x72c9,0x6ac9,0x6aa8,0x6aa8,0x6aa8,
  0x62a8,0x6288,0x6288,0x5ac9,0x632a,0x5ac9,0x5aa8,0x5a88,0x5a67,0x5a87,0x5267,0x5247,0x5267,0x5267,0x5a87,0x5a87,
  0x5a87,0x5a88,0x62a8,0x5aa8,0x62c9,0x62c9,0x5ac8,0x62e9,0x62c9,0x62c9,0x5ac9,0x632a,0x6bcc,0x7cb0,0x8532,0x8573,
  0x7d73,0x7573,0x7553,0x7553,0x7d53,0x7553,0x7573,0x7d73,0x7553,0x7532,0x6cf1,0x6cd1,0x64d1,0x6cf1,0x7532,0x7533,
  0x7553,0x7db4,0x85f5,0x8e16,0x8e56,0x8e36,0x85f5,0x7594,0x7553,0x6d12,0x6d32,0x7552,0x7d73,0x85b4,0x7db4,0x85d5,
  0x85d5,0x85d5,0x85d5,0x85d5,0x85d4,0x7db4,0x7db4,0x7db4,0x7db4,0x7d93,0x7d93,0x7593,0x7593,0x7593,0x7573,0x7573,
  0x7573,0x7552,0x7532,0x7532,0x7532,0x7532,0x7532,0x6d11,0x7511,0x7512,0x6d11,0x7511,0x6cf1,0x6cf1,0x6cd1,0x6cd1,
  0x6cd0,0x648f,0x648f,0x648f,0x6490,0x7511,0x8593,0x7512,0x64d1,0x6d11,0x64f1,0x6d11,0x6d11,0x6d11,0x6d11,0x6d32,
  0x6d32,0x6d32,0x6d52,0x6d32,0x6d32,0x6d52,0x6d32,0x6d31,0x6d32,0x6d32,0x7552,0x7552,0x6d32,0x6d32,0x7552,0x6d32,
  0x8e36,0x8e36,0x8e56,0x8636,0x8616,0x8e36,0x8e36,0x8616,0x8615,0x85f5,0x8e36,0x8636,0x8615,0x8615,0x8e36,0x8e36,
  0x8615,0x85f5,0x85f5,0x85f5,0x8615,0x8615,0x8635,0x8635,0x8635,0x8635,0x8615,0x8635,0x8635,0x8615,0x8615,0x8614,
  0x85f5,0x8615,0x85f4,0x7dd4,0x7dd4,0x7db4,0x7db4,0x7dd3,0x7db4,0x75b3,0x7dd4,0x7dd4,0x7dd4,0x8e35,0x8e36,0x85d4,
  0x7572,0x7593,0x7dd3,0x7593,0x7db4,0x8e56,0x8e57,0x8e36,0x8636,0x85f5,0x7dd5,0x85f5,0x7dd4,0x7593,0x7594,0x7db4,
  0x85f5,0x8e16,0x8e15,0x7db4,0x6d11,0x64f0,0x7db3,0x9656,0x8e56,0x85d4,0x85f4,0x7d93,0x6d11,0x7532,0x7573,0x85b4,
  0x85f5,0x85f5,0x7db5,0x7db4,0x7553,0x7d94,0x7d73,0x7573,0x6cf1,0x6d32,0x85d5,0x85f5,0x85d5,0x85f5,0x85d5,0x85d5,
  0x7573,0x6cf1,0x6d11,0x7553,0x7db4,0x85f5,0x85f5,0x7dd5,0x7dd4,0x7db5,0x7d94,0x8573,0x73ed,0x6b2a,0x7309,0x72e9,
  0x6ae8,0x72e9,0x7309,0x72e9,0x72e9,0x7309,0x7309,0x72e9,0x72e9,0x72e9,0x6ac8,0x6aa9,0x6ac9,0x6ac8,0x6aa8,0x6aa9,
  0x6ac9,0x62c8,0x5ac9,0x6bed,0x746f,0x6c2e,0x638b,0x5aa8,0x5a87,0x5a87,0x5a87,0x5267,0x5267,0x5a68,0x5a67,0x5a87,
  0x5aa8,0x5a87,0x5aa8,0x5a88,0x62c9,0x6b09,0x6309,0x6b09,0x6ae9,0x6ae9,0x6ae9,0x62e9,0x5ae9,0x5b0a,0x6bcc,0x7c6f,
  0x8d32,0x8593,0x7d94,0x7d94,0x7574,0x7d54,0x7d74,0x7d74,0x7d74,0x7d94,0x7553,0x6d12,0x64d1,0x6cf1,0x6d32,0x7532,
  0x7532,0x7553,0x7d73,0x85b4,0x8615,0x8616,0x8615,0x8e36,0x8e16,0x85d5,0x7573,0x6d52,0x6d11,0x6d12,0x7533,0x7553,
  0x7d94,0x85b4,0x85d5,0x85d5,0x8df5,0x8e15,0x85f5,0x85d5,0x85d5,0x7db5,0x7db4,0x7db4,0x7db4,0x7d94,0x7593,0x7d93,
  0x7573,0x7573,0x7553,0x7552,0x7552,0x7552,0x6d12,0x7532,0x6d11,0x6d11,0x6cf1,0x6cf1,0x6cf1,0x6cd1,0x6cd0,0x6cd0,
  0x6cf1,0x64b0,0x6cd1,0x6cf1,0x7532,0x8593,0x7d52,0x6cd1,0x6cf1,0x6cf1,0x6d11,0x6d11,0x6d11,0x6cf1,0x64f1,0x6d32,
  0x6d32,0x6d31,0x6d31,0x6d32,0x6d31,0x6d32,0x6d32,0x6d32,0x6d52,0x7552,0x7552,0x7552,0x6d32,0x6d52,0x7552,0x7552,
  0x8e57,0x8e36,0x8e36,0x8e56,0x8636,0x8e36,0x8636,0x8616,0x85f5,0x8615,0x8616,0x8615,0x8615,0x8616,0x8e36,0x8615,
  0x8616,0x8e36,0x8e16,0x8615,0x8615,0x8615,0x8e35,0x8635,0x8e56,0x8e35,0x8635,0x8635,0x8635,0x8635,0x8615,0x8615,
  0x85f5,0x85f4,0x85f4,0x7db4,0x7db3,0x7dd4,0x7dd4,0x7db4,0x7dd4,0x7db4,0x7db3,0x7db4,0x85f5,0x8e36,0x8e36,0x85d4,
  0x7552,0x7572,0x7dd4,0x7db4,0x75b4,0x8636,0x8e57,0x8636,0x8636,0x8e36,0x8616,0x85f5,0x7dd5,0x7db4,0x7573,0x7594,
  0x7dd5,0x8615,0x85f5,0x85f5,0x7d73,0x64d0,0x6d32,0x8e36,0x9677,0x8e16,0x85d4,0x7db4,0x6d31,0x6cf1,0x7532,0x7d73,
  0x7db4,0x85f5,0x85f5,0x7dd5,0x7573,0x7d94,0x7573,0x7573,0x6d32,0x6d12,0x7db4,0x85f5,0x85f5,0x85f5,0x85f5,0x85d5,
  0x7db4,0x6d32,0x6cf1,0x7553,0x7d94,0x85f5,0x7dd4,0x7dd5,0x85f5,0x85b5,0x85b4,0x8532,0x6b8b,0x7309,0x72e9,0x72e9,
  0x72e9,0x6ae9,0x72e9,0x72e9,0x7309,0x7309,0x72e9,0x6ae9,0x7309,0x7309,0x6ae9,0x72e9,0x6ac9,0x72c9,0x6ac8,0x72c9,
  0x6ac9,0x62e9,0x740e,0x6c90,0x6490,0x6c90,0x746f,0x5b4a,0x5a88,0x5a67,0x5a67,0x5a88,0x5a88,0x5a88,0x5267,0x5a87,
  0x5a87,0x5aa8,0x62c8,0x62c9,0x62e9,0x62c8,0x6b09,0x6b09,0x62e9,0x6ae9,0x6ae9,0x6ae8,0x6b09,0x6b09,0x62e9,0x62e9,
  0x6b8c,0x7c6f,0x8532,0x8573,0x8574,0x7d74,0x7d94,0x7db4,0x7d74,0x7d74,0x85b4,0x7d73,0x7552,0x6cd1,0x64b0,0x64d0,
  0x64d1,0x6d12,0x7532,0x7d73,0x7d94,0x85d5,0x7dd5,0x8615,0x8e36,0x8e36,0x8e36,0x8e16,0x85d5,0x7573,0x7532,0x6d11,
  0x6cf2,0x6cf2,0x7532,0x7553,0x7d94,0x7d94,0x7db4,0x85d5,0x85f5,0x85f5,0x85f5,0x85f5,0x85f5,0x85f5,0x85f5,0x85d5,
  0x85d5,0x85d5,0x7db4,0x7db4,0x7d94,0x7d94,0x7d73,0x7573,0x7552,0x7532,0x7532,0x6cf1,0x6d11,0x7512,0x7511,0x7532,
  0x7532,0x7d73,0x7d53,0x8593,0x8593,0x7511,0x544e,0x6cd1,0x6d11,0x6d11,0x6d11,0x64f1,0x6cf1,0x64f1,0x64f1,0x6d32,
  0x6d32,0x6d32,0x6d31,0x6d11,0x6d11,0x6d11,0x6d11,0x6d32,0x6d52,0x7552,0x7572,0x7552,0x7552,0x7552,0x6d32,0x6d52,
  0x8e56,0x8e36,0x8e56,0x8e56,0x8e36,0x8636,0x8616,0x8636,0x8636,0x8616,0x8615,0x8615,0x8616,0x8e36,0x8615,0x8616,
  0x8615,0x8e16,0x8e16,0x8e36,0x8636,0x8615,0x8635,0x8635,0x8635,0x8635,0x8e56,0x8635,0x8635,0x8615,0x8635,0x8615,
  0x85f4,0x85f4,0x7dd4,0x7dd4,0x7db4,0x7dd4,0x7dd4,0x7dd4,0x7db4,0x7593,0x7573,0x7593,0x85f5,0x8e56,0x9656,0x85d4,
  0x7552,0x7531,0x85d4,0x7db4,0x7db4,0x85f5,0x8e57,0x8e77,0x8636,0x8e77,0x8e56,0x85f5,0x7dd5,0x7574,0x7573,0x7db4,
  0x7db4,0x85f5,0x8615,0x85f5,0x7572,0x64d0,0x6d11,0x85f5,0x9677,0x8e57,0x85d5,0x7db4,0x6d31,0x6cf1,0x7532,0x7552,
  0x7db4,0x8616,0x85f5,0x85d5,0x7d94,0x7d94,0x7573,0x7553,0x7553,0x6d12,0x7d94,0x7dd5,0x85f5,0x85f5,0x8615,0x85d5,
  0x7d73,0x7532,0x6d12,0x6d12,0x7573,0x85d4,0x85d5,0x7dd4,0x85f5,0x85d5,0x8dd5,0x84f1,0x6b4a,0x72e9,0x7309,0x72e9,
  0x7309,0x6ae8,0x72e8,0x72e9,0x72e9,0x72e9,0x72e9,0x72e9,0x7309,0x72e9,0x7309,0x72e9,0x6ac9,0x6ac9,0x72c9,0x6ac9,
  0x6aa8,0x630a,0x7c90,0x6cb1,0x64b1,0x6490,0x6c90,0x63cc,0x5288,0x5a67,0x5a87,0x5a88,0x5a68,0x5287,0x5267,0x5a87,
  0x5a88,0x62a8,0x62c9,0x62a8,0x62c9,0x6ae9,0x6ac9,0x6ac8,0x62a8,0x62c8,0x62e9,0x62e9,0x62e9,0x6ae9,0x6ac9,0x62c9,
  0x62e9,0x5ae9,0x634a,0x73ed,0x7cd1,0x8573,0x8594,0x85b4,0x7d94,0x7d74,0x7d94,0x7d94,0x7d93,0x7553,0x6d12,0x64d1,
  0x64d1,0x64d1,0x64f1,0x6cf1,0x64f1,0x7573,0x7593,0x7dd4,0x8615,0x85f5,0x8615,0x8615,0x8e36,0x8e36,0x8615,0x85d5,
  0x7db4,0x7533,0x6cf1,0x5cb0,0x64d1,0x64d1,0x6d11,0x6d11,0x7552,0x7d93,0x7d93,0x7db4,0x85d4,0x85d4,0x85f4,0x85f4,
  0x85f5,0x8df5,0x8e16,0x8e16,0x85f5,0x85d5,0x85d5,0x85d4,0x85f5,0x85b4,0x85b4,0x85b4,0x7db4,0x7d93,0x7db4,0x7db4,
  0x7d73,0x7d73,0x7d73,0x7d32,0x6490,0x540d,0x540d,0x6d11,0x7512,0x6cf1,0x64f1,0x64f1,0x6d11,0x6cf1,0x6d12,0x6d32,
  0x6d12,0x6d32,0x6d31,0x6d11,0x6511,0x6d11,0x6511,0x6d52,0x6d32,0x7552,0x7d73,0x7552,0x6d52,0x6d32,0x6d31,0x6d52,
  0x8e36,0x8e36,0x8e57,0x8e36,0x8e36,0x8e36,0x8e36,0x8e36,0x8e36,0x8e36,0x8616,0x8616,0x8636,0x8616,0x8616,0x8616,
  0x8615,0x8e36,0x8e16,0x8616,0x8636,0x8635,0x8635,0x8635,0x8e56,0x8e56,0x8635,0x8e56,0x8635,0x8615,0x8615,0x7df4,
  0x7df4,0x85f5,0x7dd4,0x7db4,0x7dd4,0x75b3,0x7dd4,0x7dd4,0x7db4,0x75b3,0x7573,0x7573,0x8e36,0x8e36,0x8e15,0x7db4,
  0x7552,0x6d11,0x7d93,0x7dd4,0x7db4,0x7dd5,0x8636,0x8e77,0x8e56,0x8e56,0x8e56,0x8636,0x8616,0x7db4,0x7573,0x7d94,
  0x7d94,0x85f5,0x8616,0x85f5,0x7db4,0x6d11,0x5caf,0x7573,0x8e36,0x9657,0x85d5,0x7db4,0x7572,0x6cf1,0x6d11,0x6d11,
  0x6d32,0x7db4,0x85d5,0x8616,0x7db4,0x7d94,0x7d94,0x7573,0x6d32,0x6d12,0x7db4,0x7dd5,0x85f5,0x85f5,0x8615,0x85d5,
  0x7d94,0x7573,0x7532,0x6d32,0x7573,0x7d94,0x85f5,0x8615,0x85f5,0x85d5,0x8dd5,0x7c8f,0x6ae9,0x72e9,0x72e9,0x7309,
  0x7309,0x72e9,0x72e9,0x72e9,0x72e9,0x72e9,0x72e9,0x7309,0x72e9,0x72e9,0x7309,0x6ae9,0x6ac9,0x6ae9,0x72c9,0x72c9,
  0x6ac9,0x632a,0x7c90,0x6cb1,0x6cd1,0x6cb0,0x6c90,0x63ed,0x5aa8,0x6288,0x5a87,0x5a88,0x6288,0x5aa8,0x5a87,0x5267,
  0x5a87,0x5aa8,0x5aa8,0x5ac8,0x5aa8,0x62e9,0x62a8,0x62c8,0x6ae9,0x6ae9,0x6b0a,0x6ae9,0x62c9,0x62c9,0x6ae9,0x6ac9,
  0x6ae9,0x6ae9,0x62e9,0x62c9,0x634a,0x6c0d,0x7cd0,0x8d73,0x8594,0x7d73,0x7db4,0x85b4,0x8594,0x7d73,0x7d73,0x7532,
  0x6cf1,0x64d1,0x64b0,0x64b0,0x64d0,0x6d32,0x7573,0x7573,0x7db4,0x85f5,0x85f6,0x85f5,0x85f5,0x8616,0x85f5,0x8e36,
  0x8e16,0x8e16,0x85f6,0x85d5,0x7573,0x6d12,0x64f1,0x5cb0,0x64d0,0x64b0,0x5c8f,0x64d0,0x6d11,0x7532,0x7532,0x7532,
  0x7552,0x7d73,0x7d93,0x7db4,0x85b4,0x8594,0x85b4,0x85b4,0x85d4,0x85d4,0x85b4,0x85b4,0x7d93,0x7d73,0x7532,0x7532,
  0x6cf1,0x64b0,0x646f,0x53ed,0x4bac,0x4bcd,0x542e,0x6cf1,0x6d11,0x6cf1,0x6d12,0x6d11,0x6d12,0x6d11,0x6d12,0x6d32,
  0x6d12,0x6d32,0x6d11,0x6d31,0x6d32,0x6d11,0x6d11,0x6d31,0x6d31,0x6d32,0x6d52,0x6d52,0x6d32,0x6d32,0x6d32,0x6d32,
  0x8e36,0x8e36,0x8636,0x8e36,0x8e36,0x8e36,0x8636,0x8e36,0x8e36,0x8616,0x8616,0x8616,0x8616,0x8615,0x8616,0x85f5,
  0x8e36,0x8e56,0x8e36,0x8616,0x8636,0x8635,0x8635,0x8635,0x8e56,0x8e56,0x8635,0x8635,0x8615,0x7df4,0x7df4,0x8615,
  0x7df4,0x7df4,0x7dd4,0x7db3,0x7db4,0x7593,0x75b4,0x7dd4,0x75b4,0x75b4,0x7594,0x7db4,0x8e36,0x8e36,0x85f5,0x7d93,
  0x7552,0x7552,0x7532,0x7d94,0x7db4,0x7dd5,0x8616,0x8e56,0x9677,0x8e77,0x8e56,0x8636,0x8616,0x7dd5,0x7593,0x7553,
  0x7d94,0x7dd5,0x85f5,0x85f5,0x85f5,0x7573,0x5c8f,0x6d11,0x85f5,0x9657,0x8e16,0x7d93,0x7593,0x6cf1,0x64f1,0x64f1,
  0x6d11,0x7d73,0x85d5,0x85f5,0x85d5,0x7d94,0x7d74,0x7d74,0x6d32,0x64f1,0x7d94,0x8615,0x85f5,0x85f5,0x8616,0x85f5,
  0x7db4,0x7d94,0x7532,0x7532,0x7553,0x7d73,0x85b4,0x85f5,0x85f5,0x8df5,0x8dd4,0x744e,0x6ac9,0x7ae9,0x72e9,0x72e9,
  0x7309,0x7309,0x7b09,0x6aa8,0x6ac9,0x72e9,0x6ac9,0x6ac9,0x72e9,0x72e9,0x6ae9,0x6ac9,0x6ae9,0x6ac9,0x72e9,0x72c9,
  0x6ac9,0x632a,0x7c90,0x74d1,0x6cd1,0x6cd0,0x6490,0x6c4f,0x5ac9,0x5a67,0x5a87,0x5a88,0x5a67,0x5a87,0x5a67,0x5267,
  0x5287,0x52e9,0x638b,0x636b,0x5ac9,0x6309,0x62e9,0x6b09,0x732a,0x6b0a,0x6b0a,0x6ac9,0x6ac9,0x6ac9,0x72e9,0x6ae9,
  0x6ac9,0x6ac9,0x62c8,0x6ae9,0x6b0a,0x6b0a,0x630a,0x6bcd,0x84f1,0x85b4,0x85b4,0x7d94,0x7d94,0x7d94,0x7d94,0x7d94,
  0x7553,0x6cf1,0x6cf1,0x64d1,0x64d1,0x6d11,0x6d12,0x6cf1,0x6d32,0x7573,0x7dd5,0x85f5,0x8e16,0x8616,0x85f5,0x7dd5,
  0x7dd5,0x85f5,0x7dd5,0x85f6,0x85f5,0x85d5,0x85f5,0x85d5,0x7573,0x7532,0x6cf1,0x64b0,0x5cb0,0x5c6f,0x5c4f,0x5c6f,
  0x5c6f,0x5c6f,0x5c6f,0x5c8f,0x64b0,0x64d0,0x6cd0,0x6cd0,0x64b0,0x64b0,0x64b0,0x64b0,0x6490,0x5c6f,0x5c4f,0x540e,
  0x53ed,0x4bcd,0x4bcd,0x4bcd,0x5c2e,0x5c2e,0x5c2e,0x6cd0,0x6d11,0x6cf1,0x6cf1,0x64f1,0x6d11,0x6d11,0x64f1,0x6511,
  0x6512,0x6d12,0x6d12,0x6d11,0x6d32,0x6d32,0x6d32,0x6d32,0x6d32,0x6d32,0x6d52,0x6d32,0x6d32,0x6d32,0x6d12,0x6d32,
  0x8e36,0x8e36,0x8616,0x8616,0x8e56,0x8636,0x8e36,0x8e36,0x8e36,0x8636,0x8616,0x8636,0x8616,0x8616,0x8616,0x85f5,
  0x8636,0x8e36,0x8615,0x8615,0x8636,0x8635,0x8615,0x8615,0x8615,0x8615,0x7df4,0x8615,0x8615,0x7df4,0x7df4,0x85f4,
  0x7df4,0x7df4,0x7db4,0x75b3,0x75b3,0x75b3,0x75b4,0x7db4,0x7593,0x7593,0x7db4,0x7df4,0x8615,0x8e36,0x7dd4,0x7593,
  0x7552,0x7552,0x6d32,0x7d73,0x85d4,0x8e15,0x8e36,0x8e56,0x8e57,0x8e57,0x8e57,0x8e57,0x8636,0x8615,0x7dd4,0x7573,
  0x7573,0x7594,0x85f5,0x8615,0x85f5,0x7593,0x64d0,0x5c8f,0x85b4,0x9656,0x9657,0x7db4,0x7572,0x6cf1,0x64b0,0x64d0,
  0x6cf1,0x7552,0x7d93,0x7db4,0x7db5,0x7dd5,0x7db4,0x7d94,0x6d32,0x64d0,0x7573,0x85f5,0x85f5,0x8615,0x8e36,0x85f5,
  0x7db4,0x7d94,0x7553,0x7532,0x7532,0x7d93,0x85b4,0x85d5,0x85f5,0x85d5,0x8d94,0x73ad,0x730a,0x72e9,0x72e9,0x730a,
  0x730a,0x72e9,0x6ae8,0x6ac8,0x72c9,0x72e9,0x72c8,0x72c8,0x72e8,0x72e9,0x72e9,0x72ea,0x72e9,0x6ac8,0x6ac8,0x72c9,
  0x6ae9,0x62e9,0x742e,0x74d1,0x6cf2,0x6cd1,0x6c90,0x6c70,0x5b2a,0x5a87,0x6288,0x5a67,0x5a68,0x5267,0x5246,0x5267,
  0x52c8,0x63cd,0x640e,0x6c4f,0x5b6b,0x5ac8,0x62c9,0x62e9,0x6309,0x6b0a,0x6b0a,0x6ae9,0x6ae9,0x6ae9,0x6ac9,0x6ae9,
  0x6ac9,0x6ae9,0x6ae9,0x6ae9,0x6ae9,0x730a,0x72e9,0x6ae9,0x634a,0x7c6f,0x8d73,0x8594,0x7d94,0x7d94,0x85b4,0x8594,
  0x7d73,0x7553,0x6d12,0x64d1,0x64b1,0x64b0,0x64b0,0x6cf1,0x6d12,0x7532,0x7594,0x7db4,0x85f5,0x85f6,0x8e16,0x85d5,
  0x7dd5,0x7dd5,0x7db4,0x7db4,0x7594,0x7dd5,0x7dd5,0x85d5,0x7db4,0x7db5,0x85d5,0x7db4,0x7d93,0x7553,0x7532,0x6d12,
  0x6cf1,0x6cd1,0x64b0,0x6490,0x5c8f,0x5c4f,0x540d,0x540e,0x540d,0x4bed,0x53ee,0x540e,0x540d,0x53ed,0x53ed,0x540e,
  0x540e,0x5c0e,0x540e,0x5c2f,0x5c4f,0x5c4f,0x5c4f,0x64d0,0x6d11,0x6cf1,0x6cf1,0x6d11,0x64f1,0x6d11,0x6d11,0x6511,
  0x6d12,0x6d12,0x6d12,0x6d12,0x6d32,0x6d32,0x6d32,0x6d12,0x6d32,0x6d52,0x6d52,0x6d53,0x6d52,0x6d52,0x6d32,0x6d52,
  0x8e36,0x8e36,0x8616,0x8616,0x8e36,0x8e36,0x8616,0x8616,0x8636,0x8636,0x8616,0x8616,0x8615,0x8616,0x8616,0x8615,
  0x8616,0x8615,0x8616,0x8616,0x8636,0x8615,0x8635,0x8615,0x85f4,0x7df4,0x7df4,0x7df4,0x8615,0x8615,0x7dd4,0x7dd4,
  0x7dd4,0x7dd4,0x7db4,0x7dd4,0x7593,0x7db3,0x7db4,0x7db4,0x75b3,0x7593,0x7db3,0x85f4,0x8635,0x8e36,0x7dd4,0x7552,
  0x6d32,0x7552,0x6d32,0x6d32,0x7d73,0x7db4,0x8e36,0x8e57,0x9698,0x8e57,0x8e77,0x8e57,0x8e77,0x8616,0x7df5,0x7594,
  0x6d73,0x7573,0x7db4,0x85f5,0x8e15,0x7db4,0x6d11,0x544e,0x7553,0x85f5,0x8e36,0x85f5,0x7553,0x7532,0x64d0,0x5cb0,
  0x64d1,0x6d11,0x7553,0x7db4,0x85f5,0x85d5,0x7db4,0x7d94,0x7573,0x5cb0,0x7573,0x85f5,0x8615,0x8e16,0x8615,0x85f5,
  0x7db4,0x7573,0x7553,0x7552,0x7532,0x7d93,0x7db4,0x85b4,0x85f5,0x85f5,0x8d93,0x6b4b,0x6ae9,0x7b29,0x7309,0x72c9,
  0x7309,0x7309,0x72e8,0x72e9,0x7309,0x72e9,0x72e9,0x72e9,0x6aa8,0x6ac9,0x6ac9,0x6ac9,0x6ac9,0x6ac8,0x6ac9,0x72c9,
  0x6ac9,0x62c9,0x6bac,0x7cf2,0x6cd1,0x6cd1,0x6cb1,0x7490,0x636b,0x5a88,0x62a8,0x6288,0x5a88,0x5a87,0x5a67,0x5247,
  0x5b6b,0x640e,0x53ee,0x642f,0x63ac,0x52a8,0x62c8,0x62e9,0x62e9,0x6b2a,0x6ae9,0x6ac9,0x730a,0x6ae9,0x6ac9,0x7309,
  0x730a,0x6ac9,0x6ac9,0x6ae9,0x6ae9,0x6ac9,0x6ae9,0x6ae9,0x6b0a,0x630a,0x740e,0x8d93,0x85b4,0x85d5,0x85b5,0x85b5,
  0x7db4,0x7d94,0x7d73,0x6d12,0x64d1,0x64d0,0x64b0,0x64d1,0x64d1,0x6cf1,0x7553,0x7d94,0x85d5,0x85f5,0x85f5,0x85f5,
  0x85f5,0x85d5,0x85d5,0x85d5,0x7db4,0x7db4,0x7594,0x7573,0x7573,0x7573,0x7d74,0x7d94,0x7d94,0x7d73,0x7d73,0x7d94,
  0x7553,0x7553,0x7532,0x7532,0x6d12,0x6d11,0x6d11,0x6cf1,0x6cf1,0x6cf2,0x6cf1,0x64b0,0x6cd1,0x6490,0x5c4f,0x5c6f,
  0x6470,0x6c90,0x6470,0x6490,0x646f,0x646f,0x5c6f,0x64d1,0x6d11,0x6d11,0x6d11,0x6d11,0x6cf1,0x6d11,0x6d12,0x6511,
  0x6511,0x6d32,0x6d32,0x6d32,0x6d32,0x6d32,0x6d32,0x6d32,0x6d32,0x6d53,0x7573,0x7573,0x6d53,0x6d32,0x6d52,0x6d73,
  0x8636,0x8616,0x8636,0x8e36,0x8616,0x8e36,0x8e36,0x8e36,0x8616,0x8616,0x8616,0x8615,0x8616,0x8e36,0x8616,0x7df5,
  0x8e36,0x8e36,0x8615,0x8636,0x8635,0x8615,0x8614,0x8614,0x85f4,0x7dd4,0x7df4,0x8614,0x85f4,0x7db4,0x7dd4,0x7dd4,
  0x7dd4,0x8635,0x85f4,0x7db4,0x7dd4,0x7593,0x7db4,0x7d93,0x7db3,0x7db3,0x7db3,0x7dd4,0x8e36,0x8e36,0x7dd4,0x7573,
  0x7532,0x7532,0x7532,0x6d11,0x6d11,0x7572,0x85d4,0x8e36,0x9677,0x9698,0x8e98,0x8e77,0x8e57,0x8636,0x7df5,0x7dd4,
  0x7594,0x75b4,0x7594,0x85f5,0x85f5,0x85d5,0x7552,0x5c8f,0x6cf1,0x85d5,0x8e36,0x85f5,0x7d73,0x7552,0x6d11,0x5cb0,
  0x64b0,0x64d0,0x7532,0x7d93,0x85d5,0x85f5,0x85f5,0x7d94,0x7d93,0x6d11,0x6d11,0x85f5,0x8615,0x85f5,0x8615,0x85d5,
  0x7db4,0x7d73,0x7552,0x7552,0x7552,0x7d73,0x7db4,0x85d5,0x85f5,0x85f5,0x8d32,0x6b4b,0x732a,0x7309,0x7309,0x72e9,
  0x72e9,0x72e9,0x6ae8,0x72e8,0x72e9,0x72e9,0x7309,0x7309,0x630a,0x7c0d,0x7c4e,0x636b,0x62c9,0x72c9,0x72c9,0x72e9,
  0x72c9,0x6ac9,0x634b,0x7cd1,0x6cd1,0x6cd1,0x6cb1,0x6cb0,0x6bac,0x5a88,0x6267,0x5a88,0x5aa8,0x6288,0x5a67,0x5288,
  0x5b8c,0x5bed,0x5bee,0x642f,0x638c,0x5aa8,0x62c8,0x62c8,0x6ae9,0x6b09,0x6b0a,0x6b0a,0x6ae9,0x730a,0x6ae9,0x730a,
  0x6ae9,0x6ae9,0x6ae9,0x6ac9,0x6ac9,0x72e9,0x6ae9,0x6ae9,0x6ae9,0x6ae9,0x630a,0x740e,0x8d74,0x85b4,0x85b4,0x85d5,
  0x7dd5,0x7d94,0x7d74,0x7d74,0x7533,0x6cf1,0x64d1,0x64b1,0x6cd1,0x6cf2,0x7533,0x7553,0x7d74,0x7db4,0x7db5,0x7dd5,
  0x7db5,0x7dd5,0x85d5,0x7dd5,0x7dd5,0x7db4,0x7db4,0x7d94,0x7d94,0x7d94,0x7573,0x7574,0x7573,0x7d94,0x7573,0x7573,
  0x7553,0x6d32,0x7532,0x7553,0x7d73,0x7d73,0x7d53,0x7553,0x7d53,0x7533,0x6cd1,0x6cd1,0x6cd1,0x64b0,0x64b0,0x6cd1,
  0x6cd1,0x6cd1,0x6cb1,0x6490,0x5c4f,0x6490,0x6490,0x6cf1,0x7532,0x6d11,0x6d32,0x64f1,0x6cf1,0x6d12,0x64f1,0x6d32,
  0x6512,0x6d32,0x6d32,0x6d32,0x6d52,0x6d32,0x6d32,0x6d32,0x6d12,0x6d32,0x6d53,0x7573,0x6d52,0x6d52,0x6d52,0x6d73,
  0x8e36,0x8616,0x8636,0x8636,0x8e36,0x8e36,0x8616,0x8e36,0x8636,0x8e36,0x8636,0x8615,0x8616,0x8e36,0x8615,0x85f5,
  0x8616,0x8e36,0x8615,0x8615,0x8615,0x8635,0x8615,0x8615,0x8614,0x85f4,0x85f4,0x7df4,0x7dd4,0x7dd4,0x7dd4,0x7dd4,
  0x7dd4,0x85f4,0x7dd4,0x7dd4,0x7db4,0x7db3,0x7d93,0x7db3,0x7db3,0x7db3,0x7593,0x85f4,0x8e35,0x8e15,0x7db4,0x7db3,
  0x6d32,0x6d11,0x7532,0x7531,0x6d11,0x6d31,0x85d4,0x8615,0x8e57,0x96b8,0x9698,0x8e77,0x8e57,0x8e57,0x8e56,0x7df5,
  0x7594,0x7594,0x7574,0x7db4,0x85d5,0x85d5,0x7d93,0x5caf,0x5c8f,0x85b4,0x8e16,0x8615,0x85f5,0x7552,0x7532,0x64d0,
  0x5c6f,0x5c6f,0x6d11,0x7d73,0x85d4,0x8df5,0x85d5,0x7d93,0x7d93,0x6d11,0x6d11,0x85f5,0x8e15,0x8e16,0x8615,0x85d5,
  0x7db4,0x7d93,0x7552,0x7532,0x7532,0x7d73,0x7db4,0x85b4,0x8df5,0x9636,0x84d1,0x62e9,0x72e9,0x6ae8,0x6ae8,0x6ac8,
  0x72e9,0x7309,0x72e9,0x72e8,0x72e9,0x6ae8,0x72e9,0x6b2a,0x8490,0x8552,0x8552,0x8532,0x740e,0x62c9,0x72e9,0x72c9,
  0x72e9,0x6ac8,0x62e9,0x7c70,0x7d12,0x6cf2,0x6cf2,0x6cd1,0x742e,0x5ac8,0x6288,0x5a88,0x5aa8,0x6288,0x5a67,0x52c9,
  0x63ed,0x5bee,0x5bee,0x640e,0x52ea,0x5287,0x5a87,0x62a8,0x62c8,0x62c8,0x6ae9,0x732a,0x730a,0x6ae9,0x6ac9,0x6ac9,
  0x6ae9,0x6ac9,0x6ac9,0x6ac9,0x6ac9,0x6ac9,0x6ac9,0x6ae9,0x6ae9,0x6ae9,0x6b09,0x6309,0x7c2f,0x8d94,0x8594,0x7dd5,
  0x7d94,0x7db4,0x7d94,0x7d94,0x7573,0x7553,0x7532,0x6cd1,0x64b1,0x64b1,0x64d1,0x6d12,0x7553,0x7574,0x7db4,0x7db4,
  0x7db4,0x7dd5,0x7db5,0x7dd5,0x7dd5,0x7dd5,0x85d5,0x7dd5,0x7dd5,0x7db4,0x7d94,0x7574,0x7553,0x7573,0x7573,0x7533,
  0x6d32,0x6d32,0x7573,0x7d94,0x7d94,0x7573,0x7553,0x7553,0x7512,0x6d12,0x6cf2,0x6cf1,0x6cd1,0x6cd1,0x6cd1,0x6cd1,
  0x6cf1,0x6cd1,0x6cb1,0x646f,0x644f,0x6cb0,0x5c6f,0x64d1,0x6d11,0x6d11,0x6d12,0x64f1,0x6cf1,0x6d12,0x64f1,0x6d32,
  0x6d52,0x6512,0x6d32,0x6d32,0x6d12,0x6d32,0x6d32,0x6d12,0x6d32,0x6d53,0x7553,0x7573,0x6d53,0x6d52,0x6d52,0x6d72,
  0x8636,0x8616,0x8616,0x8616,0x8e36,0x8e36,0x8e36,0x8e37,0x8e36,0x8e36,0x8636,0x8616,0x8616,0x8616,0x8615,0x8616,
  0x8636,0x8636,0x8e36,0x8636,0x8615,0x8615,0x8615,0x8615,0x85f4,0x85f4,0x85f4,0x7dd4,0x7db3,0x7dd4,0x7dd4,0x7dd4,
  0x7dd4,0x7dd4,0x7dd4,0x7dd4,0x7d93,0x7593,0x7d93,0x7d93,0x7d93,0x7db3,0x7593,0x85f5,0x8615,0x85f5,0x7db4,0x7db4,
  0x7552,0x7552,0x7532,0x7532,0x6d32,0x64d0,0x7532,0x85d4,0x85f5,0x9697,0x96b8,0x9698,0x9697,0x8e57,0x8e77,0x8636,
  0x7df5,0x7594,0x7593,0x7d94,0x85d5,0x7dd5,0x7db4,0x64f1,0x544e,0x7552,0x8e36,0x8e36,0x8df5,0x7552,0x7d73,0x6cf1,
  0x5c6f,0x544e,0x64b0,0x7552,0x85b4,0x85f5,0x85d4,0x7db4,0x7db3,0x7532,0x6d31,0x85d4,0x85f5,0x85f5,0x85f5,0x7db4,
  0x7d93,0x7d93,0x7d73,0x7532,0x6d11,0x7552,0x7db3,0x7d94,0x85d5,0x9615,0x7c4f,0x6ae9,0x72e9,0x7309,0x6ac8,0x6ac8,
  0x72e9,0x7309,0x7309,0x72e9,0x72e9,0x6ae9,0x6ae9,0x632a,0x8511,0x7552,0x7553,0x7553,0x8532,0x73ed,0x6309,0x6ac8,
  0x6ac9,0x72c9,0x62a8,0x6bcd,0x7d12,0x7512,0x6cf2,0x6cb1,0x6c6f,0x5ae9,0x6288,0x6288,0x62a8,0x5a88,0x5288,0x532a,
  0x640e,0x5c0e,0x5bee,0x638c,0x5288,0x5267,0x5aa8,0x62a8,0x62c9,0x6ac9,0x6ae9,0x732a,0x6ae9,0x6ae9,0x6ae9,0x6ac9,
  0x6ac8,0x6ac9,0x6ac9,0x6ac9,0x6ac9,0x6ac9,0x6ac9,0x6ae9,0x6ac9,0x6ae9,0x6b09,0x6b09,0x6b2a,0x7c90,0x8db4,0x7db4,
  0x7db5,0x7db4,0x7d94,0x7594,0x7573,0x7573,0x7553,0x7532,0x64d1,0x5c90,0x64d1,0x6cf1,0x6d32,0x7553,0x7d94,0x7db4,
  0x7dd5,0x85d5,0x7dd5,0x7dd5,0x85d5,0x7db5,0x7dd5,0x7dd5,0x7db5,0x7db4,0x7d94,0x7574,0x7573,0x7573,0x7553,0x7533,
  0x7533,0x7553,0x7573,0x7574,0x7d74,0x7573,0x7532,0x7512,0x6cf2,0x6cf2,0x6cf2,0x64d1,0x64b0,0x64b0,0x6cf1,0x7511,
  0x6cf1,0x6cb0,0x6cb1,0x6490,0x6470,0x6470,0x5c70,0x6cf1,0x6d11,0x6d11,0x6d11,0x6cf1,0x64f1,0x6d12,0x64d1,0x6d32,
  0x6d32,0x6d32,0x6511,0x6d12,0x6511,0x6d11,0x6d12,0x6d32,0x6d32,0x6d52,0x6d52,0x6d52,0x6d52,0x6d52,0x6d32,0x6d52,
  0x8e36,0x8e36,0x8616,0x8e36,0x8e36,0x8616,0x8e57,0x8616,0x8e36,0x8e57,0x8616,0x85f5,0x85f5,0x85f5,0x8616,0x8616,
  0x8615,0x8e16,0x8e36,0x8636,0x8615,0x85f5,0x85f4,0x8615,0x8614,0x85f4,0x85f4,0x7dd4,0x7dd3,0x85f4,0x7df4,0x7dd4,
  0x7dd4,0x7dd4,0x7dd4,0x85d4,0x7593,0x7593,0x7593,0x7593,0x7593,0x7593,0x7db4,0x7df5,0x8635,0x8615,0x85f5,0x7db4,
  0x7572,0x7552,0x7532,0x7532,0x7532,0x6d11,0x64d0,0x7552,0x7d93,0x8616,0x8e77,0x9698,0x9697,0x8e77,0x8e77,0x8e77,
  0x8615,0x7dd4,0x7594,0x7594,0x7594,0x7db4,0x7dd4,0x7552,0x5c6f,0x64d0,0x85f5,0x8e36,0x8e36,0x7db3,0x7573,0x7552,
  0x64d0,0x544e,0x5c6f,0x6cf1,0x7552,0x7db4,0x85f5,0x7dd4,0x7d93,0x7552,0x6d11,0x7d93,0x85d4,0x85f5,0x85f5,0x7db4,
  0x7d73,0x7d73,0x7d73,0x7532,0x7532,0x7552,0x7d93,0x7552,0x85d4,0x95d5,0x73cd,0x6ac9,0x72e9,0x7309,0x72e9,0x72e9,
  0x6ae8,0x7309,0x7309,0x6ae9,0x7309,0x7309,0x72e9,0x6b4b,0x8512,0x7573,0x7553,0x7533,0x7552,0x8532,0x638b,0x62a8,
  0x6ac9,0x6ac8,0x62a8,0x5b2a,0x7cd0,0x74f1,0x64b1,0x6490,0x7490,0x5b4a,0x5a67,0x6288,0x6288,0x5a88,0x5288,0x63ad,
  0x644f,0x5c0e,0x63ce,0x5b0a,0x5267,0x5a67,0x6288,0x62a8,0x62a8,0x6ac9,0x6ae9,0x6b09,0x6ae9,0x6ae9,0x730a,0x6ae9,
  0x6ae9,0x6ae9,0x72e9,0x6ac9,0x6ae9,0x6ac9,0x6ac9,0x6ac9,0x6ac9,0x6ac9,0x72e9,0x7309,0x62e9,0x638c,0x8d93,0x7db4,
  0x7d94,0x7d94,0x7d94,0x7d94,0x7d94,0x7d94,0x7553,0x6d12,0x6d12,0x64b0,0x6490,0x64d1,0x64f1,0x6d12,0x7573,0x7d94,
  0x7db4,0x7db5,0x7dd5,0x7dd5,0x85d5,0x85d5,0x7dd5,0x7dd5,0x7db5,0x7dd5,0x7db4,0x7db4,0x7d94,0x7d74,0x7553,0x7d74,
  0x7d74,0x7d94,0x7574,0x7553,0x7553,0x7553,0x6d12,0x6cf1,0x64b1,0x6490,0x64b1,0x6cd1,0x6cd1,0x6cf1,0x6d11,0x6cf1,
  0x6cb0,0x6cb1,0x6490,0x6470,0x6490,0x6490,0x6490,0x6cf1,0x6cf1,0x6d11,0x64f1,0x64f1,0x64f1,0x6512,0x64f1,0x64f2,
  0x64f1,0x6512,0x6511,0x64f1,0x6511,0x6d11,0x6d32,0x6d12,0x6d12,0x6d32,0x6d32,0x6d32,0x6d32,0x6d52,0x6531,0x6d52,
  0x8e36,0x8e36,0x8e36,0x8e36,0x8e56,0x8e36,0x8e36,0x8e36,0x8e36,0x8e57,0x8e36,0x8636,0x85f5,0x8615,0x8616,0x8616,
  0x85f5,0x8615,0x8e36,0x85f5,0x85f5,0x7df4,0x7df4,0x85f4,0x85f4,0x85f4,0x85f4,0x7dd4,0x7df4,0x8614,0x7df4,0x7dd4,
  0x7dd4,0x75b3,0x7db4,0x7dd4,0x7db3,0x7d93,0x7573,0x7593,0x7593,0x7593,0x85f5,0x8e56,0x8615,0x8615,0x7df4,0x7dd4,
  0x7593,0x7552,0x7532,0x7532,0x6d11,0x7552,0x6d11,0x5caf,0x6d11,0x7d93,0x8e56,0x8e77,0x9698,0x9698,0x8e77,0x8e77,
  0x8e57,0x7df5,0x75b4,0x7593,0x7593,0x7db4,0x7db4,0x7d94,0x64b0,0x5c8f,0x7573,0x8615,0x8e35,0x85f5,0x7573,0x7553,
  0x6cd1,0x5c4f,0x542e,0x648f,0x7511,0x7d93,0x85f5,0x7db4,0x7db4,0x7573,0x64f1,0x7593,0x7dd4,0x85d5,0x85d5,0x7d94,
  0x7d73,0x7d93,0x7573,0x7532,0x6d31,0x7552,0x7552,0x7552,0x85b4,0x8d93,0x6b4b,0x730a,0x72e9,0x72e9,0x7309,0x72c8,
  0x72e8,0x72e9,0x6ae8,0x72e8,0x72e9,0x72e9,0x72c9,0x6b0a,0x84b0,0x7d53,0x7d32,0x7d53,0x7553,0x7d93,0x84d1,0x6b4b,
  0x6ae9,0x72a8,0x6ac8,0x5b09,0x7c6f,0x74f2,0x6cd1,0x6cb1,0x6c90,0x63cd,0x62c9,0x6aa8,0x6287,0x5a88,0x5ac9,0x6c0e,
  0x5c2f,0x5bee,0x63ad,0x52a9,0x5267,0x5a67,0x62a7,0x5aa8,0x5aa8,0x62a8,0x6aea,0x6b6b,0x634b,0x6b0a,0x732a,0x6ae9,
  0x6ae9,0x6ae9,0x6ac9,0x6ac9,0x6ae9,0x6ac9,0x62a8,0x6ac9,0x6ac9,0x6ac9,0x72e9,0x730a,0x6b0a,0x630a,0x7c90,0x85b4,
  0x7d94,0x7d94,0x7d94,0x7594,0x7594,0x7573,0x7573,0x7533,0x6d32,0x64b1,0x5c90,0x64b0,0x6490,0x64f1,0x6d12,0x7553,
  0x7594,0x7db4,0x7dd5,0x7dd5,0x7dd5,0x7dd5,0x7db5,0x7db5,0x7dd5,0x7db5,0x7dd5,0x7db4,0x7db4,0x7d94,0x7d94,0x7db4,
  0x7d94,0x7574,0x7573,0x7533,0x7533,0x6d12,0x6d11,0x64d1,0x5c6f,0x64b0,0x6d12,0x7512,0x7512,0x7512,0x6cf1,0x6cd1,
  0x74f1,0x6cd1,0x6470,0x6490,0x64b1,0x64b0,0x64b0,0x6cf1,0x6d11,0x6d11,0x64d0,0x64d1,0x6d12,0x64f1,0x64f2,0x64f1,
  0x64f1,0x5cd1,0x64f1,0x6d12,0x6511,0x6d11,0x6d32,0x6d32,0x6d32,0x6d11,0x6d32,0x6d32,0x7552,0x6d73,0x6d52,0x6d52,
  0x8e56,0x8616,0x8e36,0x8e56,0x8e36,0x8e56,0x8e36,0x8e57,0x8e57,0x8e36,0x8616,0x8616,0x8616,0x8616,0x8615,0x8615,
  0x85f5,0x8615,0x8e36,0x85f5,0x7dd4,0x7df4,0x85f4,0x85f4,0x85f4,0x85f4,0x85f4,0x85f4,0x7dd4,0x85f4,0x7dd3,0x7dd4,
  0x7dd4,0x7db3,0x7593,0x7593,0x7593,0x7db3,0x7d93,0x7db3,0x7593,0x7db4,0x85f5,0x9676,0x8615,0x8636,0x7df5,0x7dd4,
  0x7593,0x7552,0x7532,0x6d11,0x6d11,0x7532,0x7532,0x64f0,0x5c6f,0x64f1,0x85d5,0x8616,0x9678,0x9698,0x9698,0x9697,
  0x8e57,0x8636,0x7df5,0x7db4,0x7db4,0x7594,0x7db4,0x7db4,0x64f1,0x544e,0x6d11,0x7db4,0x85f5,0x8e16,0x7573,0x7552,
  0x6cf1,0x646f,0x5c2e,0x542e,0x6490,0x7552,0x85f4,0x8e15,0x85f5,0x7573,0x64f1,0x7573,0x7db4,0x7db4,0x7db4,0x7db4,
  0x7d73,0x7572,0x7552,0x6d32,0x6cf1,0x6d32,0x7532,0x7532,0x8573,0x84d0,0x6309,0x7309,0x72e9,0x7309,0x72e9,0x6ac8,
  0x72e9,0x72e8,0x6ae8,0x72e8,0x6ac8,0x6aa8,0x72a9,0x730a,0x6b6c,0x84f1,0x8553,0x7d33,0x7573,0x7d53,0x8552,0x7c90,
  0x630a,0x6ac9,0x6aa8,0x5ac8,0x6bed,0x7cf2,0x6cb1,0x6cb0,0x6cb1,0x6c0e,0x5ac9,0x62a8,0x6287,0x5a67,0x632a,0x6c2f,
  0x5c2e,0x5c0e,0x5b4c,0x5288,0x5a88,0x5a87,0x5a87,0x5aa7,0x5a88,0x5ae9,0x6bed,0x7cd0,0x7cf1,0x7c6f,0x6b6b,0x62e9,
  0x6ac9,0x6ac9,0x6ac9,0x6ac9,0x6ac9,0x6ac9,0x6ac9,0x6ac9,0x6ac9,0x6ae9,0x6b0a,0x6ae9,0x6ae9,0x6309,0x6bac,0x8d93,
  0x7db4,0x7594,0x7d94,0x7573,0x7573,0x7573,0x7573,0x7553,0x7553,0x6cf2,0x64b1,0x64b1,0x6490,0x64d1,0x6d12,0x7553,
  0x7d94,0x7db5,0x7db5,0x7dd5,0x7dd5,0x7dd5,0x7db4,0x7dd5,0x85d5,0x7db5,0x7db4,0x7db5,0x7db5,0x7db4,0x7594,0x7d94,
  0x7573,0x7573,0x7553,0x6d12,0x6cf2,0x64d1,0x64d1,0x64b0,0x64b0,0x64d1,0x6d12,0x6cf1,0x6cf1,0x6cf1,0x6cf1,0x6cf1,
  0x6cd1,0x6cb1,0x64b1,0x6cd1,0x6cd1,0x6490,0x6cd1,0x6cd0,0x6cf1,0x6cf1,0x64d0,0x6cf1,0x6cf1,0x6511,0x6d12,0x6511,
  0x64f1,0x64f1,0x64f1,0x6d12,0x6d11,0x6511,0x6d12,0x6d32,0x6d31,0x6d32,0x6511,0x6511,0x6d52,0x6d72,0x6d52,0x6d32,
  0x8e56,0x8636,0x8636,0x8636,0x8e36,0x8e36,0x8e57,0x8e36,0x8e56,0x8e36,0x8616,0x8615,0x85f5,0x85f5,0x85f5,0x8615,
  0x85f5,0x85f5,0x8e16,0x8615,0x85f5,0x85f4,0x8614,0x85f4,0x85f4,0x7dd4,0x85f4,0x85f4,0x85f4,0x7dd4,0x7dd3,0x7db3,
  0x7dd4,0x7593,0x7593,0x7593,0x7593,0x7593,0x7593,0x7d93,0x7593,0x7593,0x7dd5,0x8e36,0x8616,0x8615,0x8615,0x7df4,
  0x7d93,0x7552,0x7512,0x7532,0x6d32,0x6d11,0x7573,0x7d73,0x64d0,0x5c8f,0x64f1,0x7d94,0x85f6,0x9677,0x9677,0x9677,
  0x9677,0x8e57,0x8636,0x7df5,0x7db4,0x7594,0x7594,0x7db4,0x7552,0x5c8f,0x5cb0,0x7db3,0x8e15,0x8e15,0x85b4,0x7553,
  0x7532,0x64b0,0x5c4e,0x540e,0x5c2e,0x6cd1,0x7d73,0x8e15,0x85b4,0x7573,0x6d11,0x7552,0x7db4,0x7d94,0x7d94,0x7db4,
  0x7573,0x7532,0x6d32,0x6d31,0x6d11,0x6d11,0x6d11,0x6cf1,0x7511,0x744e,0x6309,0x7309,0x72e9,0x6ac9,0x72e9,0x72e9,
  0x6ac8,0x6ae9,0x72e9,0x7309,0x6b09,0x6ae9,0x72c8,0x72e9,0x6ae9,0x6b8c,0x8511,0x7d53,0x7533,0x7d53,0x7532,0x7d32,
  0x6c2e,0x5ac9,0x6ac8,0x62c8,0x6b6b,0x74d1,0x6cd1,0x6cb1,0x6cb0,0x744f,0x5ae9,0x62a8,0x62a8,0x5288,0x638c,0x644f,
  0x5c2e,0x640e,0x5b0b,0x5288,0x5287,0x5a67,0x5a87,0x52a8,0x5b0a,0x6c0e,0x7d12,0x7d32,0x7533,0x8573,0x740d,0x62c9,
  0x6ac9,0x6ac9,0x6ac9,0x6ac9,0x72e9,0x6ac9,0x6ac9,0x6ac9,0x6ac9,0x72e9,0x72e9,0x6ae9,0x6ae9,0x6b0a,0x632a,0x7d12,
  0x7db4,0x7d94,0x7db4,0x7d94,0x7db4,0x7d94,0x7d94,0x7573,0x7553,0x6d12,0x64d1,0x64d1,0x64b0,0x64b0,0x6cf1,0x6d12,
  0x7533,0x7553,0x7574,0x7dd5,0x7dd5,0x7dd5,0x85f5,0x85d5,0x85d5,0x7dd5,0x7db4,0x7db4,0x7d94,0x7d94,0x7db4,0x7d94,
  0x7594,0x7573,0x7573,0x7533,0x64d1,0x64f1,0x6cf2,0x6d11,0x6d32,0x6d12,0x6d12,0x6cf1,0x6cd1,0x6cd1,0x7511,0x74f1,
  0x6cb1,0x6cb1,0x6cd1,0x64d1,0x64b0,0x64b0,0x6cf1,0x64b0,0x6cd1,0x7512,0x64d1,0x6cf1,0x64d1,0x64d1,0x6511,0x64f1,
  0x64d1,0x64f1,0x6511,0x6511,0x6d11,0x64f1,0x64f1,0x6d11,0x6d32,0x6d32,0x6d31,0x6d32,0x6d52,0x6d52,0x6d52,0x6d32,
  0x8636,0x8e36,0x8636,0x8616,0x8e36,0x8e36,0x8636,0x8636,0x8616,0x8e36,0x8616,0x85f5,0x8615,0x8615,0x85f5,0x85f5,
  0x85f5,0x85f5,0x85f5,0x85f5,0x85f5,0x8615,0x8614,0x85f4,0x7dd4,0x7dd4,0x7dd4,0x85f4,0x85f4,0x7dd4,0x7df4,0x7df4,
  0x75b3,0x7db3,0x7db4,0x7db3,0x7db3,0x7d93,0x7db3,0x7db3,0x7db4,0x7593,0x85f5,0x8616,0x8616,0x85f5,0x7df5,0x7dd4,
  0x7573,0x7573,0x7512,0x7532,0x7532,0x6d11,0x7d93,0x85b4,0x7d73,0x64d0,0x544f,0x64d0,0x7d73,0x8e16,0x9657,0x9698,
  0x9697,0x9697,0x8e56,0x8616,0x7dd4,0x7594,0x7594,0x7d94,0x7d93,0x64d0,0x544e,0x7552,0x85b4,0x8e15,0x85f5,0x6d32,
  0x7552,0x6cf1,0x5c4f,0x540e,0x53ed,0x646f,0x7532,0x7d93,0x85d4,0x85b4,0x6d11,0x6d32,0x7d93,0x7db4,0x7db4,0x7db4,
  0x7d93,0x7572,0x6d31,0x6d11,0x6d11,0x7532,0x6cf1,0x6cd1,0x74f1,0x6bcd,0x62e9,0x72e9,0x6ac9,0x6ac8,0x6ac8,0x6ae9,
  0x6ac8,0x6ae8,0x72e9,0x72e9,0x7309,0x6ae8,0x72e9,0x72c9,0x72e9,0x62c9,0x6bac,0x8512,0x7533,0x7533,0x6cf2,0x6d31,
  0x7d11,0x6bcd,0x5ac8,0x6ae9,0x630a,0x7490,0x6cd1,0x6cb1,0x6cb1,0x7490,0x5b4a,0x5aa8,0x62a8,0x5ac9,0x6c0e,0x644f,
  0x5c4f,0x63ee,0x52a9,0x5287,0x5a87,0x5267,0x5288,0x5b2a,0x6c0e,0x6c90,0x6cd1,0x7513,0x7533,0x7533,0x84b0,0x6ae9,
  0x6ac9,0x6ac9,0x6ac9,0x72e9,0x6ac9,0x6ac9,0x6ae9,0x6ac9,0x72e9,0x730a,0x6ae9,0x6ae9,0x6ae9,0x6b09,0x62e9,0x746f,
  0x7d94,0x7d94,0x7db4,0x7db4,0x7db4,0x7573,0x7573,0x7d74,0x7553,0x7533,0x6d12,0x64d1,0x64d0,0x64b0,0x64b0,0x6cd1,
  0x6cf2,0x7533,0x7d74,0x7db4,0x7db4,0x7db4,0x7dd5,0x7db5,0x7db5,0x7db5,0x7db4,0x7dd5,0x7db4,0x7594,0x7d94,0x7594,
  0x7573,0x7573,0x7553,0x7532,0x6cf1,0x6cf1,0x7532,0x7573,0x7532,0x6d12,0x6d12,0x6cf1,0x64d1,0x6cf1,0x7512,0x6cd1,
  0x6cb1,0x6cd1,0x64b0,0x64b0,0x64b0,0x6cf1,0x6cf1,0x648f,0x6cf1,0x7d53,0x6cf1,0x64d1,0x64f1,0x64f1,0x64f1,0x64d1,
  0x64f1,0x6511,0x64f1,0x6d12,0x6d12,0x64f1,0x64f1,0x64f1,0x6d11,0x6d32,0x6d32,0x6d32,0x6d32,0x6d52,0x6d52,0x6d52,
  0x8636,0x8636,0x8615,0x8616,0x8e56,0x8e36,0x8615,0x8615,0x8615,0x8616,0x8615,0x85f5,0x85f5,0x8616,0x8616,0x8615,
  0x85f5,0x85f5,0x85f5,0x85f5,0x85f5,0x8615,0x8615,0x8614,0x7dd4,0x7dd4,0x85f4,0x8614,0x8614,0x7df4,0x7dd4,0x7dd4,
  0x75b3,0x7dd4,0x7dd4,0x7db4,0x7db3,0x7d93,0x7db4,0x7db3,0x7db3,0x7593,0x85f5,0x8e36,0x8616,0x85f5,0x85f5,0x7dd4,
  0x7573,0x7552,0x6d12,0x7532,0x6d32,0x6d11,0x7552,0x85b4,0x85b4,0x7d73,0x64d1,0x544e,0x5c8f,0x7553,0x85f5,0x9677,
  0x8e77,0x8e77,0x8e77,0x8e36,0x8615,0x7db4,0x7593,0x7594,0x7573,0x6cf1,0x4c0d,0x6cd0,0x8594,0x8df5,0x8e15,0x7573,
  0x6d32,0x7532,0x648f,0x540e,0x4bcd,0x4bcd,0x64b0,0x7d53,0x85b4,0x7d73,0x6cf1,0x6d12,0x7d73,0x7d93,0x7d93,0x7573,
  0x7573,0x7573,0x7552,0x6d11,0x6cf1,0x6cf1,0x6cf1,0x6cd0,0x74d0,0x636b,0x62a8,0x6ac8,0x6ac8,0x62a8,0x6aa8,0x6ac8,
  0x6ac8,0x6ac8,0x72e9,0x72e9,0x72e9,0x6ac8,0x6ac8,0x6ac8,0x6ac9,0x6ac8,0x62c9,0x6bed,0x7d32,0x7d32,0x7512,0x7512,
  0x6d12,0x74b0,0x638b,0x5ac9,0x62e9,0x6c0e,0x6cb0,0x6490,0x6490,0x6c90,0x63ac,0x5aa8,0x5a88,0x5b2a,0x6c4f,0x5c4f,
  0x644f,0x5b4b,0x4a87,0x5aa8,0x5267,0x5288,0x5b4b,0x63ee,0x5c2e,0x646f,0x6c90,0x6cd2,0x7533,0x7d53,0x84d1,0x6b2a,
  0x732a,0x6ae9,0x6ac9,0x6ae9,0x6ac9,0x6ac9,0x62a8,0x6ac9,0x6ae9,0x6ae9,0x6ae9,0x730a,0x732a,0x6b09,0x62e9,0x6bed,
  0x7d73,0x7574,0x7573,0x7574,0x7594,0x7573,0x7553,0x7553,0x6d12,0x6d12,0x6d12,0x64f1,0x64b0,0x64b0,0x64b0,0x64b0,
  0x64d1,0x6d12,0x7533,0x7594,0x7d94,0x7db4,0x7dd5,0x7dd5,0x7db5,0x7db4,0x7db5,0x7db4,0x7db5,0x7db4,0x7d94,0x7d94,
  0x7594,0x7d94,0x7553,0x6d32,0x6d32,0x7532,0x7532,0x7553,0x6d12,0x6d12,0x6d12,0x6cf1,0x6cf1,0x6cf1,0x6cd1,0x64b0,
  0x6cd1,0x6cd1,0x64b0,0x64b0,0x6cd0,0x6cf1,0x6cf1,0x64b0,0x6d11,0x7552,0x64d0,0x64d1,0x6cf1,0x64f1,0x6511,0x64f1,
  0x64f1,0x64f1,0x64f1,0x6d11,0x64f1,0x6d11,0x6d12,0x6d11,0x6d32,0x6d32,0x6d32,0x6d32,0x6d52,0x6d52,0x6d52,0x6d32,
  0x8636,0x8636,0x8616,0x8616,0x8636,0x8e36,0x8615,0x85f5,0x85f5,0x85f5,0x8616,0x85f6,0x85d5,0x85f5,0x85f5,0x85f5,
  0x85f5,0x85f5,0x85f5,0x7dd5,0x85f5,0x85f5,0x8615,0x8615,0x85f5,0x7dd4,0x7dd4,0x85f4,0x7df4,0x7dd4,0x7dd4,0x7dd4,
  0x7db4,0x7dd4,0x7dd4,0x7db4,0x7db3,0x7d93,0x7db3,0x7db3,0x75b3,0x7593,0x7df4,0x8e36,0x8616,0x85f5,0x8615,0x85f5,
  0x7d93,0x7552,0x7532,0x7552,0x7532,0x6d12,0x6d32,0x7d73,0x7db4,0x85d5,0x7d73,0x64b0,0x542e,0x544e,0x7552,0x85f5,
  0x8e56,0x9697,0x8e77,0x8e57,0x8616,0x85f5,0x7db4,0x7573,0x7553,0x7532,0x544e,0x5c6f,0x7d73,0x85d5,0x9656,0x7dd4,
  0x6d32,0x7532,0x6cf1,0x542e,0x53ed,0x4bac,0x53ed,0x74f1,0x7d53,0x7d93,0x6d11,0x6cf1,0x7573,0x7d93,0x7d73,0x7d93,
  0x7573,0x7552,0x6d32,0x6d11,0x6cf1,0x6d11,0x6cf1,0x6cd0,0x6c90,0x5309,0x62c8,0x7309,0x6ac8,0x6ac8,0x6ae9,0x6ac8,
  0x6ac8,0x6ac8,0x6ae9,0x6aa8,0x6aa8,0x6ac8,0x6ac9,0x6ac9,0x6ac8,0x6ae9,0x6ac9,0x62e9,0x6c0d,0x7d12,0x7512,0x6cd2,
  0x6cf2,0x7512,0x7cd0,0x636b,0x5aa9,0x6b8c,0x74b0,0x6c91,0x6491,0x6c90,0x63ed,0x52c8,0x5aa8,0x6bcd,0x646f,0x5c6f,
  0x642f,0x52c9,0x52a7,0x5287,0x4aa8,0x638c,0x63ee,0x5c0e,0x5c2e,0x5c4f,0x6490,0x6cd1,0x7512,0x8553,0x6bcd,0x6ae9,
  0x730a,0x6ae9,0x6ae9,0x6ae9,0x6ac9,0x6ac9,0x6ac9,0x6ae9,0x6ae9,0x6ae9,0x6ac9,0x6ae9,0x6ae9,0x6ae9,0x6ae9,0x63ac,
  0x8594,0x7d74,0x7553,0x7553,0x7574,0x7573,0x7573,0x7573,0x7553,0x7573,0x7533,0x6cf2,0x6cd1,0x6490,0x64b0,0x64b0,
  0x64b1,0x64d1,0x6d12,0x7553,0x7d94,0x7d94,0x7db4,0x7dd5,0x85d5,0x7dd5,0x7dd5,0x7dd5,0x7db4,0x7594,0x7d94,0x7594,
  0x7573,0x7573,0x7553,0x7553,0x7573,0x7574,0x7553,0x7553,0x6d32,0x6d12,0x6d12,0x6d12,0x7532,0x7532,0x7512,0x6cf1,
  0x6cd1,0x6cd1,0x64b1,0x64b0,0x6d11,0x7511,0x7511,0x6cd0,0x6cf1,0x7532,0x6d11,0x64d0,0x64d1,0x64d0,0x64d0,0x64d0,
  0x64d1,0x6d11,0x64f1,0x64f1,0x64f1,0x6d12,0x64f1,0x64f1,0x6d12,0x6d12,0x6d32,0x6d52,0x7553,0x7573,0x7553,0x7553,
  0x8616,0x85f5,0x8615,0x8615,0x8615,0x8615,0x8616,0x8616,0x85f5,0x85f5,0x85f5,0x85f5,0x85f5,0x8615,0x85f5,0x7dd5,
  0x85d5,0x85f5,0x85f5,0x85d5,0x85f5,0x8615,0x85f4,0x7df4,0x85f4,0x7dd4,0x7dd4,0x7dd4,0x7dd4,0x7dd4,0x7dd4,0x7dd4,
  0x7db3,0x7dd4,0x7dd4,0x7d93,0x7db4,0x7db4,0x7593,0x7593,0x7593,0x7db4,0x85f5,0x8615,0x8635,0x8615,0x85f5,0x85d4,
  0x85b4,0x7573,0x7573,0x7532,0x7d73,0x6d32,0x6cf1,0x7532,0x7d94,0x8e15,0x85f5,0x7d94,0x64f1,0x544e,0x544e,0x6d11,
  0x7dd4,0x8e56,0x9677,0x8e57,0x8e36,0x8e36,0x85f5,0x7d94,0x7552,0x7573,0x64b0,0x542e,0x7532,0x85b4,0x85d4,0x85f5,
  0x7553,0x6d11,0x7532,0x648f,0x4bed,0x4bcc,0x436b,0x5c4f,0x7511,0x7553,0x7532,0x64b0,0x7552,0x7552,0x7572,0x7572,
  0x7552,0x7552,0x7532,0x6d11,0x6cf1,0x6d11,0x6cd0,0x6cd0,0x6c4f,0x52e9,0x62c8,0x6ac8,0x6ac8,0x62a8,0x6ac8,0x6ae8,
  0x6ac8,0x6ac8,0x6ac9,0x6ac8,0x62a8,0x6ac8,0x62a8,0x6ac9,0x6ae9,0x6ac8,0x6ae9,0x6ae9,0x6309,0x6c0e,0x7d12,0x74f2,
  0x7512,0x6cf2,0x7511,0x7cb0,0x5b0a,0x5b2a,0x7cd1,0x6c90,0x6491,0x6cb1,0x6c2e,0x5ae9,0x5288,0x6c2e,0x646f,0x646f,
  0x63cd,0x52a8,0x52a7,0x4ae9,0x63cd,0x640e,0x53cd,0x53ee,0x5c2e,0x5c4f,0x5c4f,0x6c90,0x7cd1,0x7c4f,0x6b2a,0x730a,
  0x6ae9,0x6ae9,0x6b0a,0x6ae9,0x62a8,0x62a8,0x6ac9,0x6ae9,0x6ae9,0x6ae9,0x6ac9,0x6ae9,0x6ae9,0x6ae9,0x62e9,0x638c,
  0x7d73,0x7553,0x7d74,0x7553,0x7573,0x7573,0x7573,0x7574,0x7d74,0x7574,0x7553,0x7533,0x6cf2,0x64d1,0x64b0,0x64b0,
  0x64d1,0x64d1,0x6d32,0x6d32,0x7553,0x7594,0x7d94,0x7dd5,0x7db4,0x7db4,0x7dd5,0x7dd5,0x7d94,0x7573,0x7db4,0x7574,
  0x7553,0x7573,0x7553,0x7594,0x7574,0x7573,0x7573,0x7533,0x7533,0x7553,0x7533,0x7533,0x7532,0x7512,0x6cf1,0x64b1,
  0x64b1,0x6cb1,0x64b0,0x6cd1,0x7512,0x7511,0x6cf1,0x648f,0x6cd1,0x7532,0x6d11,0x64b0,0x64d1,0x5cd0,0x64d0,0x64d0,
  0x64f1,0x64f1,0x64f1,0x64f1,0x64f1,0x6511,0x6d11,0x64f1,0x64f1,0x6d32,0x6d32,0x6d53,0x6d53,0x7553,0x7553,0x7553,
  0x8616,0x8615,0x8616,0x8e36,0x8616,0x8615,0x8616,0x8615,0x85f5,0x8615,0x85f5,0x85d4,0x85f5,0x8615,0x85f5,0x7db4,
  0x85d5,0x85f5,0x85f5,0x85d5,0x8615,0x85d4,0x85f4,0x7df4,0x7dd4,0x7dd4,0x7dd4,0x75b3,0x7dd4,0x7df4,0x7db4,0x7db4,
  0x7db4,0x7db3,0x7db3,0x7593,0x7d93,0x7db3,0x7593,0x75b3,0x7593,0x7db3,0x8615,0x8615,0x8e35,0x8615,0x85f5,0x85f5,
  0x7dd4,0x7573,0x7552,0x6d32,0x7552,0x7532,0x6cf1,0x6d31,0x7d73,0x85f5,0x8e36,0x8e36,0x85f5,0x6d12,0x542e,0x542e,
  0x64b0,0x7d73,0x8e36,0x9656,0x8e56,0x8e36,0x85f5,0x7dd4,0x7db4,0x6d52,0x6d11,0x4c0d,0x648f,0x85d4,0x85f5,0x8615,
  0x7d94,0x6d32,0x7552,0x6cd1,0x540d,0x4bac,0x436b,0x438b,0x6cd1,0x7532,0x7532,0x5c8f,0x7532,0x7552,0x7552,0x7573,
  0x7553,0x7553,0x7532,0x6d11,0x6cf1,0x6cf1,0x6cf1,0x6cd0,0x6c2e,0x52c9,0x5aa8,0x5a87,0x5a67,0x5a67,0x6287,0x6aa8,
  0x6ac8,0x6ac8,0x6ac9,0x6ac8,0x62c8,0x6ac8,0x6ac8,0x6ac8,0x6ac9,0x62a8,0x6ae9,0x6ae9,0x6ae9,0x62c9,0x740e,0x7cf1,
  0x74f2,0x6d12,0x7512,0x7cf1,0x6c4f,0x4b2a,0x6c4f,0x6c90,0x6cb0,0x6c90,0x746f,0x5b2a,0x52c9,0x6c2e,0x644f,0x644f,
  0x532a,0x4a88,0x5b2a,0x640e,0x642e,0x5c0e,0x5bee,0x53ee,0x5c0e,0x646f,0x646f,0x746f,0x6bad,0x630a,0x62e9,0x7309,
  0x6b09,0x6b0a,0x6b0a,0x6ae9,0x6ae9,0x6ac9,0x62a8,0x6ac9,0x6ae9,0x730a,0x62a8,0x6ac9,0x6ae9,0x6b09,0x62e9,0x63ed,
  0x8594,0x7d74,0x85b4,0x7db4,0x7574,0x7594,0x7594,0x7574,0x7573,0x7573,0x7553,0x7533,0x6cf2,0x64d1,0x64d1,0x5c90,
  0x5cb0,0x64b1,0x64d1,0x6cf2,0x7533,0x7d93,0x7db4,0x7db4,0x85d5,0x85d5,0x7db4,0x7db5,0x7db4,0x7db4,0x7573,0x7573,
  0x7553,0x7553,0x7573,0x7594,0x7594,0x7573,0x7553,0x7533,0x7573,0x7533,0x7512,0x7553,0x7532,0x6d12,0x6cf1,0x6cf1,
  0x6cf2,0x6cd1,0x6cd1,0x6cf2,0x7512,0x7532,0x6d11,0x5c6f,0x64d0,0x7552,0x6d12,0x64d1,0x64d1,0x64d1,0x64d1,0x64f1,
  0x6511,0x64f1,0x64f1,0x64f1,0x6511,0x64f1,0x64f1,0x6d11,0x6d11,0x6d12,0x6d12,0x7553,0x7573,0x6d33,0x6d32,0x6d32,
  0x8636,0x8616,0x8615,0x8e16,0x8615,0x85f5,0x85f5,0x85f5,0x85f5,0x85f5,0x85f5,0x85d4,0x85f5,0x8615,0x85f5,0x7dd4,
  0x85f5,0x85f5,0x7df5,0x85d5,0x85f5,0x7db4,0x7dd4,0x85f4,0x7df4,0x7dd4,0x7dd4,0x7dd4,0x7df4,0x7df4,0x7dd4,0x7593,
  0x7db3,0x7593,0x7593,0x7db4,0x7db3,0x7593,0x7593,0x7573,0x7593,0x75b3,0x8615,0x8e36,0x8635,0x85f5,0x8615,0x8615,
  0x7db4,0x7573,0x7553,0x6d32,0x7552,0x7552,0x6d11,0x6d11,0x6d11,0x7d94,0x85f5,0x8616,0x8e36,0x85f5,0x6d32,0x5c6f,
  0x4bed,0x6490,0x7d73,0x85f5,0x9657,0x8e36,0x8e36,0x85f5,0x7dd5,0x7593,0x6d12,0x5c4f,0x542e,0x7d93,0x85f5,0x8615,
  0x7db4,0x7552,0x7552,0x6d12,0x6490,0x4bac,0x438c,0x3b4a,0x53cd,0x6cb0,0x6cd0,0x5c6f,0x6cf1,0x7572,0x7d93,0x7573,
  0x7573,0x7553,0x7552,0x6d32,0x64f1,0x6d11,0x6cf1,0x74f1,0x6c2e,0x52c8,0x5a87,0x6287,0x6287,0x6288,0x6287,0x6aa8,
  0x6ac8,0x6ac8,0x6ac8,0x6ac8,0x62c8,0x6ae8,0x6ae9,0x62c8,0x62c8,0x6ac9,0x6ac8,0x62a8,0x6ac8,0x62a9,0x52a9,0x6bed,
  0x7cf2,0x7512,0x6d12,0x6cd1,0x74d1,0x5bed,0x5c0e,0x6cd1,0x6cb0,0x6490,0x7490,0x5b6b,0x534b,0x646f,0x644f,0x63ee,
  0x4aa8,0x532a,0x6c2e,0x642e,0x644f,0x5c2f,0x5c0e,0x5c0f,0x5c0e,0x5c0e,0x6c2e,0x5b4b,0x5ac9,0x62e9,0x6b09,0x730a,
  0x6ae9,0x6ae9,0x730a,0x6ae9,0x6ae9,0x6ae9,0x6ac9,0x6ae9,0x6ac9,0x6ac9,0x6ae9,0x6ae9,0x6ae9,0x6ae9,0x62e9,0x746e,
  0x85b4,0x7574,0x7d74,0x7d94,0x7573,0x7594,0x7594,0x7574,0x7573,0x7573,0x7573,0x7553,0x7533,0x6d12,0x64d1,0x64b0,
  0x5c90,0x64b0,0x6490,0x64b1,0x6d12,0x7553,0x7d94,0x7d94,0x7dd5,0x7dd5,0x7dd5,0x7db4,0x7db4,0x7db4,0x7574,0x6d53,
  0x6d33,0x7573,0x7574,0x7574,0x7594,0x7573,0x7573,0x7573,0x7573,0x6d12,0x7553,0x7532,0x6d12,0x6cf1,0x6d12,0x6d11,
  0x6cd1,0x6cd1,0x6cd1,0x6cf2,0x7512,0x7532,0x6cf1,0x5c6f,0x64b0,0x7d73,0x7532,0x64b0,0x6cf1,0x64f1,0x64f1,0x64f1,
  0x64f1,0x6d11,0x6d11,0x64f1,0x6d11,0x6d11,0x64f1,0x6cf1,0x6d32,0x6d32,0x7532,0x6d32,0x6d32,0x6d32,0x6d32,0x6d32,
  0x8636,0x8615,0x8616,0x8615,0x8615,0x85f5,0x8615,0x7df4,0x85f5,0x85f4,0x85f4,0x85f4,0x85f4,0x8615,0x85f5,0x85f5,
  0x7df5,0x85f5,0x7dd5,0x7dd4,0x7dd4,0x7db4,0x7dd4,0x85f5,0x7df4,0x7dd4,0x7dd4,0x7df4,0x7dd4,0x7dd4,0x7dd4,0x75b3,
  0x7dd4,0x7593,0x7593,0x7d93,0x7593,0x7593,0x7593,0x7593,0x7593,0x7dd4,0x8615,0x8615,0x8615,0x8615,0x85f5,0x85f5,
  0x85d4,0x7db4,0x7573,0x6d32,0x7552,0x7572,0x7532,0x64d0,0x64f1,0x7532,0x85b4,0x8e16,0x8e16,0x8e36,0x85d4,0x7553,
  0x64b0,0x4c0d,0x5c6f,0x6d11,0x7d94,0x8e16,0x8e16,0x8e16,0x8615,0x7dd4,0x7553,0x64b0,0x542e,0x6d12,0x85d4,0x85f5,
  0x85f5,0x7573,0x6d11,0x7532,0x6cd1,0x540e,0x4b8c,0x4b8b,0x434b,0x5c2e,0x6490,0x5c6f,0x64d0,0x7532,0x7552,0x7572,
  0x7532,0x7552,0x7552,0x6d32,0x6cf1,0x6cf1,0x6cf1,0x74f1,0x640d,0x52c9,0x62a8,0x62a8,0x6ac8,0x62a8,0x62a8,0x6ac8,
  0x6ac8,0x62c8,0x62e9,0x62c8,0x62c8,0x62c8,0x6ae9,0x6ae9,0x72e9,0x72e9,0x6ac9,0x62a8,0x6ae9,0x62c9,0x5aa8,0x5ae9,
  0x746f,0x7d12,0x6cd2,0x6cd1,0x6cf1,0x6cb0,0x6cb0,0x6cb1,0x6490,0x6490,0x6cb1,0x536b,0x538c,0x648f,0x6470,0x538c,
  0x532b,0x6c2e,0x5c4e,0x5c2f,0x5c2f,0x5c0f,0x53ee,0x5bee,0x5bee,0x63ee,0x530a,0x52a8,0x62a8,0x62a8,0x6ac9,0x6ac9,
  0x6ae9,0x730a,0x730a,0x6b0a,0x6ae9,0x6b0a,0x6b09,0x6ae9,0x6b0a,0x6ac9,0x6ae9,0x6ae9,0x6ac9,0x6ae9,0x62e9,0x7cd0,
  0x7db4,0x7594,0x7573,0x7d94,0x7d94,0x7d94,0x7574,0x7594,0x7573,0x7594,0x7d74,0x7573,0x7553,0x6d12,0x6cf1,0x64d1,
  0x64d0,0x64b0,0x64b0,0x64d1,0x6d12,0x6d12,0x7553,0x7594,0x7d94,0x7dd5,0x7df5,0x7dd5,0x7db5,0x7594,0x7573,0x6d33,
  0x7553,0x7d94,0x7d94,0x7573,0x7573,0x7574,0x7553,0x7553,0x6d12,0x7532,0x7552,0x6d12,0x6d12,0x6cd1,0x6cf1,0x6cf1,
  0x6cf2,0x6cf1,0x6cf1,0x7532,0x7532,0x7d52,0x64d0,0x648f,0x6d11,0x7552,0x7552,0x64f1,0x64f1,0x64f1,0x6511,0x6512,
  0x6511,0x64f1,0x64f1,0x64f1,0x6d12,0x6d32,0x6d32,0x6d11,0x6d32,0x7532,0x6d32,0x6d32,0x6d52,0x6d32,0x6512,0x6512,
  0x8636,0x8636,0x8636,0x8636,0x8615,0x8616,0x85f5,0x85f5,0x8615,0x85f5,0x85f4,0x85f4,0x7dd4,0x8615,0x8615,0x7dd5,
  0x7dd5,0x85f5,0x7dd5,0x7dd5,0x85d5,0x7db4,0x7dd4,0x7df4,0x7db4,0x7dd4,0x7dd4,0x7dd4,0x7dd4,0x7dd4,0x75b3,0x7db3,
  0x7d93,0x7db4,0x7db3,0x7db4,0x7db4,0x7593,0x7593,0x7593,0x7db3,0x7dd4,0x85f5,0x8615,0x8e36,0x8636,0x8e36,0x85f5,
  0x85d4,0x7db4,0x7573,0x7552,0x6d32,0x7552,0x7552,0x6d11,0x6cd1,0x6cf1,0x7552,0x85b4,0x85f5,0x8e36,0x8e36,0x9656,
  0x85b4,0x64d1,0x4c0d,0x4c0d,0x64d0,0x7d94,0x85f5,0x8615,0x85f5,0x85f5,0x7d94,0x6d12,0x544e,0x5c6f,0x7d94,0x85d4,
  0x85f5,0x7573,0x6cf1,0x7552,0x7532,0x6490,0x4bac,0x4b8b,0x434b,0x4b8c,0x644f,0x5c4f,0x64b0,0x6d11,0x7532,0x7552,
  0x7552,0x7552,0x7532,0x6d32,0x6d11,0x6cf1,0x6cf1,0x6cd0,0x63cc,0x52a8,0x62c8,0x62a8,0x62a8,0x62a8,0x6ac8,0x6ac8,
  0x62c8,0x738b,0x7c8f,0x744e,0x6bcd,0x636b,0x630a,0x62c9,0x6ac9,0x6ac9,0x6ac9,0x62c9,0x6ac9,0x62c8,0x62e9,0x62e9,
  0x5b2a,0x7c6f,0x7cf2,0x6cd1,0x6cd1,0x6cb1,0x6cb1,0x6cb1,0x6490,0x6490,0x6490,0x53cd,0x640e,0x644e,0x644f,0x5c0e,
  0x642e,0x644f,0x5c4f,0x5c0f,0x5c2f,0x5c0f,0x5c0e,0x640e,0x5b8c,0x530a,0x4a88,0x5287,0x62c8,0x62a8,0x6ae9,0x6aea,
  0x6ac9,0x730a,0x730a,0x6b0a,0x6b0a,0x6b09,0x6ae9,0x6ae9,0x6ae9,0x6ae9,0x6ae9,0x6ac9,0x6ae9,0x6ae9,0x632a,0x8532,
  0x7d94,0x7574,0x7d94,0x7d94,0x7d94,0x7594,0x7594,0x7594,0x7594,0x7594,0x7d94,0x7574,0x7553,0x7553,0x6d11,0x64d1,
  0x64b0,0x64d0,0x6cd1,0x6cd1,0x6cf1,0x6d33,0x7553,0x7d94,0x7db5,0x7db5,0x7db4,0x7dd5,0x7594,0x7594,0x7574,0x7553,
  0x7573,0x7d94,0x7d94,0x7573,0x7d94,0x7d94,0x7553,0x7553,0x7533,0x7553,0x7532,0x7532,0x7512,0x6d12,0x6d12,0x6cf1,
  0x6cf1,0x6cd1,0x7d52,0x7532,0x7532,0x7532,0x64d0,0x64b0,0x64d0,0x7532,0x7553,0x64f1,0x64d1,0x6cf1,0x6d12,0x6512,
  0x6d12,0x6511,0x6d11,0x6d32,0x6d11,0x6d32,0x6d11,0x6d12,0x7552,0x7532,0x6d32,0x6d32,0x6d32,0x6d32,0x6512,0x6d32,
  0x7df5,0x85f5,0x85f5,0x8615,0x8615,0x8616,0x8615,0x85f5,0x85f5,0x8615,0x85f4,0x85d4,0x85f4,0x8615,0x85f5,0x7df5,
  0x85f5,0x7df5,0x85f5,0x7dd4,0x7db4,0x85d4,0x7dd4,0x7df4,0x7dd4,0x85f4,0x7dd4,0x7dd4,0x7dd4,0x7df4,0x7db3,0x7593,
  0x7db4,0x7593,0x7d93,0x7db3,0x7593,0x7573,0x7572,0x7573,0x7db3,0x7db4,0x7dd4,0x85f5,0x8616,0x8615,0x8636,0x85d5,
  0x7db4,0x7db4,0x7593,0x7553,0x7552,0x7572,0x7572,0x7532,0x6cf1,0x6cf1,0x6cf1,0x7552,0x7db4,0x85f5,0x8615,0x8e36,
  0x8e36,0x85d5,0x64d0,0x540e,0x4bed,0x64b0,0x7d93,0x85d4,0x8e15,0x8e15,0x85f5,0x7552,0x5c6f,0x542e,0x7552,0x85d4,
  0x85d4,0x7db4,0x7552,0x7553,0x7532,0x6cf1,0x542e,0x436b,0x4b6b,0x434b,0x53cd,0x5c2e,0x646f,0x6d11,0x7552,0x7552,
  0x7532,0x7532,0x7552,0x6d11,0x6d11,0x6d11,0x6cd0,0x74d0,0x63cc,0x5ac8,0x62e9,0x62c8,0x62a8,0x62a8,0x62a8,0x62c8,
  0x62c8,0x73cd,0x84f1,0x74f1,0x7d11,0x7cf1,0x7490,0x6c0d,0x638b,0x632a,0x62ea,0x5aa9,0x62c9,0x62c8,0x6ae9,0x6ac8,
  0x62c8,0x632a,0x742f,0x74b0,0x6cd0,0x6cd1,0x6cb1,0x6cd1,0x6491,0x6470,0x6470,0x644f,0x646f,0x644f,0x644f,0x5c4f,
  0x5c4f,0x5c4f,0x5c4f,0x5c2f,0x5c2f,0x5c2f,0x6c2f,0x63ad,0x4aa8,0x4a67,0x5288,0x5aa8,0x5aa8,0x6288,0x62c9,0x6ae9,
  0x6ac9,0x62a8,0x6ae9,0x6b0a,0x6b0a,0x6b09,0x6b0a,0x6b0a,0x6ae9,0x6ae9,0x6ae9,0x6ae9,0x6ae9,0x6ae9,0x636b,0x8552,
  0x7d94,0x7d74,0x7d94,0x7d94,0x7573,0x7573,0x7594,0x7594,0x7d94,0x7573,0x7594,0x7d94,0x7573,0x7573,0x6d52,0x6511,
  0x64f1,0x64d0,0x64d0,0x6cf1,0x7532,0x7532,0x7553,0x7d74,0x7d94,0x7db4,0x7db4,0x7db4,0x7d94,0x7594,0x7594,0x7594,
  0x7d94,0x7d94,0x7d94,0x7d94,0x7574,0x7d94,0x7573,0x7553,0x7553,0x7533,0x7532,0x7513,0x6d12,0x6d12,0x6cf2,0x6cd1,
  0x64b1,0x6cd1,0x7532,0x7532,0x7532,0x7d52,0x64b0,0x64b0,0x7511,0x7532,0x7553,0x7532,0x6cf1,0x64f1,0x6cf1,0x64f1,
  0x6512,0x6511,0x6511,0x6d32,0x6d52,0x6d52,0x6d31,0x6d11,0x6d11,0x6d32,0x6d32,0x6d32,0x6d32,0x6d52,0x6d52,0x6d32,
  0x7dd5,0x7dd5,0x85f5,0x85f5,0x85f5,0x85f5,0x8615,0x85f5,0x85f5,0x85f5,0x7df4,0x85f4,0x85f5,0x85f4,0x7df4,0x7df5,
  0x7dd5,0x7dd5,0x7dd5,0x7dd5,0x7dd4,0x7dd4,0x7dd4,0x7dd4,0x7dd4,0x7dd4,0x7dd4,0x75b3,0x7dd4,0x7dd4,0x7db3,0x7db3,
  0x7dd4,0x7d93,0x7db3,0x7db3,0x7593,0x7573,0x7552,0x7572,0x7db3,0x7dd4,0x8615,0x8616,0x8616,0x8616,0x8615,0x7dd4,
  0x7dd4,0x7db4,0x7573,0x7532,0x6d32,0x7572,0x7593,0x7572,0x6d32,0x64f1,0x6cf1,0x7552,0x7573,0x7db4,0x7dd4,0x85d5,
  0x85f5,0x8e15,0x85d4,0x7552,0x5c6f,0x4bed,0x5c6f,0x7532,0x7db4,0x85d4,0x85d4,0x7d73,0x6cf1,0x5c4e,0x6d11,0x7db4,
  0x85d4,0x85b4,0x7552,0x7532,0x7532,0x7532,0x648f,0x4b8c,0x4b8c,0x434b,0x434b,0x4bcd,0x5c4f,0x6d11,0x7532,0x7532,
  0x7552,0x7552,0x7532,0x6d11,0x6d11,0x6d11,0x6cf1,0x74d0,0x5b8b,0x52c8,0x62e9,0x62a8,0x5a88,0x62a8,0x62a8,0x6aa8,
  0x6ac9,0x630a,0x7c90,0x7d32,0x74f1,0x74f1,0x7512,0x7d12,0x7cf1,0x7cb0,0x746f,0x6bcc,0x634a,0x6309,0x62e9,0x62c8,
  0x6ac8,0x62a9,0x5aea,0x746f,0x74d1,0x6c91,0x6491,0x6cb1,0x6490,0x6470,0x6c91,0x6490,0x6470,0x6490,0x6450,0x6450,
  0x6470,0x5c4f,0x5c2f,0x5c2f,0x5c0f,0x642f,0x63cd,0x52e9,0x5267,0x5267,0x5287,0x5a87,0x5a87,0x5a88,0x62a8,0x6ac9,
  0x730a,0x730a,0x730a,0x732a,0x6ae9,0x6ae9,0x6ae9,0x6ac9,0x6ae9,0x6ae9,0x6ae9,0x7309,0x6b09,0x6b09,0x6bac,0x8573,
  0x7d94,0x7d74,0x7d94,0x7d94,0x7db5,0x7d94,0x7d94,0x7594,0x7594,0x7573,0x7573,0x7574,0x7594,0x7553,0x7573,0x6d32,
  0x6d12,0x64f1,0x64d0,0x64d0,0x6d11,0x6cf1,0x6d12,0x7533,0x7574,0x7d94,0x7db5,0x7db5,0x7db5,0x7d94,0x7d94,0x7574,
  0x7d94,0x7db4,0x7594,0x7d94,0x7d94,0x7d74,0x7553,0x7533,0x7533,0x7533,0x7533,0x6d12,0x6cf2,0x6cf2,0x6cd1,0x6cf2,
  0x64b0,0x6cd1,0x7552,0x7d73,0x7d73,0x7533,0x6490,0x5c6f,0x6cf1,0x7512,0x7d73,0x7512,0x6cf1,0x64f1,0x6cf1,0x64f1,
  0x6511,0x6d11,0x6511,0x6d31,0x6d32,0x6d31,0x6d11,0x6d32,0x6d11,0x6cf1,0x64f1,0x6511,0x6511,0x6d32,0x6d32,0x6511,
  0x7df5,0x85f5,0x85f5,0x8616,0x8616,0x8616,0x8616,0x85f5,0x85f5,0x7dd5,0x7df4,0x85f5,0x7df4,0x8614,0x7df4,0x7df5,
  0x85f5,0x7dd4,0x7dd5,0x85f5,0x85f5,0x7dd4,0x7df4,0x7db3,0x7dd4,0x7df4,0x7dd4,0x7db3,0x75b3,0x7dd4,0x7db3,0x7db3,
  0x7db3,0x7db3,0x7573,0x7573,0x7db3,0x7593,0x7572,0x7573,0x7593,0x7dd4,0x8636,0x8616,0x8616,0x85f5,0x85f5,0x7db4,
  0x7db4,0x7d94,0x7d93,0x7532,0x6d11,0x7552,0x7d93,0x7552,0x7552,0x6d11,0x6d11,0x6d11,0x7552,0x7573,0x7db4,0x7db4,
  0x7dd4,0x8e16,0x8e16,0x8e16,0x7d94,0x64b0,0x4bcc,0x544e,0x7532,0x7d73,0x7d93,0x85d4,0x7532,0x5c6f,0x64d0,0x7d73,
  0x85b4,0x85d4,0x7573,0x7532,0x6d11,0x6cf1,0x6cb0,0x53ed,0x436b,0x436c,0x436b,0x436c,0x540d,0x6cf1,0x7532,0x7532,
  0x7552,0x7532,0x7532,0x6d11,0x6d12,0x6d11,0x6cf1,0x74d0,0x636b,0x5ae9,0x62e9,0x62c8,0x5aa8,0x5a88,0x62a8,0x62a8,
  0x6ac9,0x62c9,0x6b4b,0x740e,0x746f,0x7cb0,0x7d11,0x7d12,0x7512,0x7d12,0x7d12,0x7d12,0x74d1,0x748f,0x744e,0x6bac,
  0x5b09,0x5ac8,0x52a8,0x5b6b,0x7490,0x6cb1,0x64b1,0x6491,0x6470,0x6c90,0x6c90,0x6c91,0x6470,0x6470,0x6450,0x5c2f,
  0x642f,0x6470,0x6470,0x5c2f,0x642f,0x63ad,0x52a9,0x5a88,0x5a67,0x5267,0x5a67,0x5a87,0x5a87,0x5aa8,0x62c8,0x62c8,
  0x6b09,0x732a,0x6ae9,0x6b0a,0x6b2a,0x7309,0x6ae9,0x6ae9,0x6ae9,0x6ae9,0x6b09,0x6ae9,0x6ae9,0x6b09,0x6bed,0x7d73,
  0x7573,0x7d73,0x7594,0x7573,0x7594,0x7db4,0x7d94,0x7574,0x7d74,0x7d94,0x7d94,0x7573,0x7594,0x7573,0x7553,0x6d32,
  0x64f1,0x64f1,0x64b0,0x64d0,0x64f1,0x64f1,0x6d12,0x7553,0x7d74,0x7dd5,0x7db4,0x7db4,0x7db4,0x7d94,0x7d94,0x7d94,
  0x7573,0x7d94,0x7d94,0x7d94,0x7d94,0x7d94,0x7553,0x7533,0x7553,0x7533,0x7533,0x6d12,0x6d12,0x6cf2,0x6cf2,0x6cf1,
  0x64b0,0x7511,0x7d73,0x7d93,0x7d53,0x7532,0x5c6f,0x646f,0x6490,0x6d11,0x7d73,0x7512,0x64d1,0x6cf1,0x64f1,0x64f1,
  0x64f1,0x6d12,0x6d12,0x6d12,0x6d11,0x6511,0x64f1,0x6d32,0x6cf1,0x6d11,0x6d11,0x6d12,0x6d12,0x6d32,0x6d32,0x6512,
  0x85f5,0x85f5,0x7df5,0x8616,0x8616,0x8e16,0x8616,0x8616,0x85f5,0x7dd5,0x7dd4,0x7df4,0x7df4,0x85f4,0x7df4,0x85f5,
  0x85f5,0x7db4,0x85f5,0x7df5,0x7dd4,0x7dd4,0x7df4,0x7dd4,0x7df4,0x7df4,0x7dd4,0x7db4,0x7db4,0x7dd4,0x7dd4,0x7db3,
  0x7db3,0x7db3,0x7573,0x7573,0x7593,0x7573,0x7593,0x7593,0x7593,0x85f4,0x8615,0x85f5,0x7dd5,0x7df5,0x85f5,0x7dd4,
  0x7db4,0x7d93,0x7d93,0x7553,0x7532,0x7552,0x7d73,0x7552,0x7552,0x7552,0x6d31,0x6d31,0x7552,0x6d32,0x7553,0x7573,
  0x7db4,0x7dd4,0x85f5,0x85f5,0x85f5,0x7d93,0x6cf1,0x4c0d,0x540e,0x7532,0x7552,0x7d93,0x7573,0x64b0,0x5c4f,0x7d53,
  0x85b4,0x85d4,0x7db4,0x6d11,0x6cf1,0x6cd1,0x6490,0x5c2e,0x4b8c,0x4b8c,0x4b8c,0x4bac,0x4bcc,0x6cb0,0x7532,0x7532,
  0x7532,0x7532,0x7552,0x6d11,0x6d12,0x6d12,0x6cf1,0x74b0,0x5b2a,0x5ac8,0x5ac8,0x62c8,0x62a8,0x5a88,0x62a8,0x62c8,
  0x62c8,0x6ae9,0x62c8,0x5ac8,0x5b09,0x634b,0x638c,0x744f,0x7cb1,0x7cf1,0x7d12,0x7d32,0x7532,0x7511,0x7d32,0x74f1,
  0x7490,0x6bed,0x6bac,0x634b,0x5b8c,0x6c90,0x6490,0x64b1,0x6490,0x6470,0x6470,0x6c70,0x6c91,0x6450,0x5c2f,0x5c0f,
  0x5c2f,0x5c2f,0x5c0e,0x644f,0x63ed,0x52c9,0x5a88,0x62a8,0x5a87,0x5a87,0x5267,0x5a88,0x5aa8,0x5aa8,0x5aa7,0x62a8,
  0x62e9,0x6b09,0x6ac9,0x6b09,0x6b09,0x6ac9,0x7309,0x6ae9,0x6ae9,0x6ae9,0x62c9,0x6ae9,0x6ae9,0x62e9,0x746f,0x7d73,
  0x7d74,0x7d74,0x7574,0x7573,0x7594,0x7d94,0x7594,0x7574,0x7574,0x7553,0x7594,0x7d94,0x7594,0x7594,0x7573,0x7553,
  0x6d12,0x64f1,0x64d1,0x64b0,0x64d0,0x6cf1,0x7532,0x7553,0x7573,0x7d94,0x7db4,0x7db4,0x7d94,0x7d94,0x7573,0x7573,
  0x7573,0x7594,0x7d94,0x7574,0x7d74,0x7573,0x7553,0x7533,0x7553,0x7533,0x7512,0x6cf2,0x6cf2,0x6cd1,0x6cf1,0x6cd1,
  0x6cf1,0x7d53,0x7d73,0x8593,0x7d73,0x6cd1,0x5c6f,0x64b0,0x64d0,0x6d11,0x7d53,0x7512,0x5c90,0x64d1,0x5cb0,0x64d1,
  0x64d1,0x64f1,0x6d12,0x6d12,0x6d11,0x64f1,0x6511,0x6d31,0x64f1,0x64f1,0x64f1,0x6d11,0x6d32,0x6d32,0x6d32,0x6532,
  0x8615,0x85f5,0x7df5,0x85f5,0x85f5,0x8616,0x85f5,0x8616,0x85f5,0x7dd5,0x7dd4,0x7dd4,0x85f4,0x85f4,0x7df4,0x7df5,
  0x7dd4,0x7df5,0x7dd5,0x7df4,0x7dd4,0x7dd4,0x7df4,0x7db3,0x7db3,0x7dd4,0x7dd4,0x7db4,0x7db4,0x7dd4,0x7db4,0x7593,
  0x7db3,0x7dd4,0x7593,0x7593,0x7573,0x7593,0x7db3,0x7d93,0x7593,0x85f4,0x8615,0x8615,0x85f5,0x85f5,0x85f5,0x7db4,
  0x7d94,0x7d93,0x7d93,0x7552,0x6d11,0x6d32,0x7d93,0x7d73,0x7552,0x7552,0x7532,0x7552,0x7d73,0x7d93,0x7d94,0x7593,
  0x7573,0x7573,0x7db4,0x85d4,0x85d5,0x85f5,0x85d4,0x7552,0x542e,0x542e,0x6cd0,0x7552,0x7552,0x6cf1,0x5c4e,0x6cd1,
  0x7d73,0x85d4,0x85d4,0x7532,0x64d0,0x64d0,0x64b0,0x5c4e,0x4bac,0x438c,0x4b8c,0x4bac,0x53cd,0x6cb0,0x7512,0x7532,
  0x7532,0x7532,0x7532,0x6d12,0x6d11,0x6d11,0x6cf1,0x7490,0x5b09,0x5ac8,0x5aa8,0x62c8,0x62a8,0x5aa8,0x62a8,0x62c9,
  0x62c9,0x62a8,0x62a8,0x62c8,0x62c8,0x62a8,0x62c8,0x5ac8,0x6309,0x636b,0x6bed,0x746f,0x7cd0,0x7cf1,0x74f1,0x7512,
  0x74f2,0x74f1,0x74d1,0x74b0,0x6c6f,0x6c90,0x64b1,0x6cb1,0x6490,0x6490,0x6c91,0x6490,0x6c91,0x6470,0x5c2f,0x5c0f,
  0x644f,0x5c2f,0x5c2f,0x63ed,0x4ae9,0x4a88,0x5287,0x5287,0x52a8,0x5287,0x52a8,0x4a87,0x5287,0x52a8,0x5aa8,0x5aa8,
  0x62c8,0x62c9,0x730a,0x6b09,0x732a,0x6ae9,0x6ae9,0x6ae9,0x6b09,0x6ae9,0x6ae9,0x7309,0x6b09,0x6309,0x7cd0,0x7d94,
  0x7574,0x7574,0x7574,0x7db4,0x7594,0x7573,0x7553,0x7574,0x7d94,0x7d94,0x7594,0x7574,0x7d94,0x7d94,0x7573,0x7573,
  0x7553,0x6d12,0x6cf1,0x64b0,0x64b0,0x6cd1,0x6cf1,0x6d12,0x6d12,0x7553,0x7574,0x7db4,0x7d94,0x7db4,0x7d94,0x7594,
  0x7db4,0x7d94,0x7594,0x7574,0x7574,0x7553,0x7532,0x7533,0x7532,0x7532,0x6d12,0x7532,0x6d12,0x6cf1,0x6cf1,0x6cf1,
  0x7532,0x7d73,0x7d73,0x7d93,0x7d53,0x6cf1,0x544f,0x64b0,0x64d0,0x6cf1,0x7552,0x7532,0x64b0,0x64d1,0x5cb0,0x64d1,
  0x64f1,0x64d1,0x64f1,0x6d12,0x6d11,0x6511,0x6d31,0x6d11,0x64f0,0x64f0,0x64f1,0x64f1,0x6511,0x6511,0x6511,0x6532,
  0x8616,0x8615,0x85f5,0x85f5,0x8615,0x8615,0x85f5,0x85f5,0x85f5,0x7dd5,0x7dd5,0x85f5,0x85f4,0x7df4,0x85f4,0x7dd4,
  0x7dd4,0x7df5,0x7df5,0x7dd4,0x7dd4,0x7dd4,0x7dd4,0x7dd4,0x7db4,0x7dd4,0x7dd4,0x7dd4,0x7dd4,0x7db3,0x75b3,0x75b3,
  0x7db3,0x7d93,0x7d93,0x7593,0x7572,0x7573,0x7593,0x7572,0x7593,0x85f5,0x85f5,0x8615,0x85f5,0x8615,0x85d5,0x7d93,
  0x7593,0x7573,0x7d73,0x7532,0x6d11,0x6d11,0x7552,0x7d93,0x7552,0x7532,0x7532,0x6d11,0x7552,0x7d94,0x7db4,0x7db4,
  0x7d94,0x7d94,0x7573,0x7594,0x7dd5,0x85f5,0x85f5,0x85f4,0x7552,0x5c8f,0x4bed,0x646f,0x7512,0x7511,0x5c8f,0x64b0,
  0x7d73,0x85b4,0x7d93,0x7532,0x64f1,0x6490,0x648f,0x646f,0x53ed,0x438b,0x4b8c,0x4bcd,0x53cd,0x646f,0x7511,0x6d11,
  0x7512,0x6d12,0x6d32,0x6d11,0x6d11,0x6d11,0x6cf1,0x748f,0x5b2a,0x62c8,0x62e9,0x62c9,0x62a8,0x5aa8,0x62a8,0x62a8,
  0x62a8,0x6288,0x6288,0x62a8,0x62a8,0x6288,0x6aa8,0x62c8,0x62c8,0x62c8,0x62c9,0x62e9,0x632a,0x636b,0x6bcd,0x6c2e,
  0x6c6f,0x74d0,0x7511,0x7531,0x6cf1,0x6cb1,0x6470,0x64b1,0x6490,0x6cb1,0x6cb1,0x6490,0x6490,0x6470,0x6450,0x5c2f,
  0x6450,0x6450,0x6450,0x5bee,0x5bad,0x63cd,0x5b8c,0x5b6b,0x63ac,0x63cd,0x5b8c,0x5b6b,0x5b8b,0x5b4b,0x532a,0x5b0a,
  0x5b0a,0x62e9,0x6ae9,0x6ae9,0x732a,0x6ac9,0x6ae9,0x6b0a,0x6ae9,0x6ae9,0x732a,0x6ae9,0x6ae9,0x6b6b,0x8511,0x7573,
  0x7573,0x7573,0x7574,0x7574,0x7574,0x7574,0x7594,0x7573,0x7d94,0x7d94,0x7594,0x7d94,0x7d94,0x7574,0x7594,0x7574,
  0x7553,0x6d32,0x6cf1,0x64b0,0x64b0,0x64b0,0x64b0,0x6cd1,0x6d12,0x6d32,0x7573,0x7d94,0x7d94,0x7d94,0x7d94,0x7594,
  0x7d94,0x7594,0x7574,0x7573,0x7553,0x7553,0x6d33,0x7532,0x6d32,0x7532,0x7532,0x7532,0x6d11,0x7532,0x6d12,0x6d12,
  0x7d73,0x7d73,0x7d73,0x7d73,0x7553,0x64b0,0x542e,0x64b0,0x64d1,0x6d12,0x7553,0x7532,0x64d1,0x64d1,0x64f1,0x6d12,
  0x64f1,0x64d1,0x6cf1,0x6cf2,0x64f1,0x64f1,0x6511,0x6511,0x64f0,0x6511,0x6511,0x64f1,0x6511,0x6511,0x6531,0x6d32,
  0x85f5,0x8616,0x85f5,0x85f5,0x8615,0x8615,0x8616,0x8616,0x8616,0x7df5,0x7dd4,0x7dd4,0x7df4,0x7dd4,0x7dd4,0x7dd4,
  0x7dd4,0x7df5,0x7df4,0x7df4,0x7df4,0x7df4,0x7db4,0x7dd4,0x7dd4,0x7dd4,0x75b3,0x75b3,0x7dd4,0x7593,0x7593,0x7593,
  0x7593,0x7573,0x7593,0x7d93,0x7593,0x7572,0x7572,0x7552,0x7572,0x7db4,0x85f5,0x85f5,0x85d4,0x85f5,0x85d4,0x7db3,
  0x7dd4,0x7db4,0x7d93,0x7552,0x7532,0x6d11,0x7532,0x7d93,0x7573,0x7532,0x6d11,0x6cf1,0x6d11,0x7d73,0x85f5,0x85f5,
  0x7db4,0x7db4,0x7db4,0x7593,0x7db4,0x7dd5,0x85f4,0x85f5,0x85d4,0x7d73,0x5c6f,0x4bed,0x648f,0x6cf1,0x64b0,0x648f,
  0x7532,0x85b4,0x7d93,0x7573,0x6d11,0x648f,0x648f,0x648f,0x5c2e,0x4b8c,0x4b8c,0x4bcc,0x53cd,0x5c4e,0x6cf1,0x6cf1,
  0x6d11,0x6d12,0x6d12,0x6cf1,0x6d11,0x6d12,0x7511,0x6c4f,0x5ae9,0x5ac8,0x62c8,0x62c8,0x5aa8,0x5aa8,0x5aa8,0x5aa8,
  0x62a8,0x62a8,0x62a8,0x5aa8,0x62a8,0x62c8,0x62c9,0x62c9,0x62e9,0x62c9,0x62c8,0x6ac9,0x6ae8,0x62c8,0x5ac8,0x52c8,
  0x5ae9,0x5b4a,0x6bed,0x6c2e,0x6c90,0x6cd1,0x6491,0x6490,0x6c91,0x6c91,0x6490,0x6c91,0x6c91,0x6470,0x5c2f,0x6450,
  0x5c2f,0x6450,0x6450,0x5c4f,0x6450,0x644f,0x642f,0x644f,0x644f,0x6c70,0x6c6f,0x644f,0x644f,0x6c6f,0x6c4f,0x7470,
  0x7cb0,0x6bac,0x62e9,0x6ae9,0x6b09,0x6ae9,0x6ac9,0x62c9,0x6ac9,0x6ae9,0x6ae9,0x6ae9,0x6ae9,0x6bac,0x8552,0x7573,
  0x7573,0x7d94,0x7574,0x7574,0x7594,0x7594,0x7594,0x7573,0x7574,0x7d94,0x7d94,0x7db4,0x7db4,0x7d94,0x7594,0x7574,
  0x7573,0x7553,0x6d12,0x64b0,0x6490,0x64b0,0x6490,0x64b1,0x6cd1,0x6d12,0x7553,0x7594,0x7574,0x7594,0x7d94,0x7d94,
  0x7594,0x7d94,0x7d94,0x7574,0x7573,0x7553,0x7532,0x7553,0x6d32,0x7532,0x7532,0x6d11,0x6cf1,0x6d11,0x6d12,0x7533,
  0x7d73,0x7d73,0x7573,0x7552,0x6d12,0x64b0,0x546f,0x64b0,0x6cf1,0x7552,0x7553,0x6d32,0x64d1,0x64d1,0x64f1,0x64f2,
  0x64d1,0x64f1,0x6cf1,0x6cf1,0x6d11,0x6511,0x64f0,0x64d0,0x64f1,0x6511,0x6511,0x6d11,0x6511,0x6511,0x6d32,0x6d32,
  0x85f5,0x85f6,0x8616,0x85f5,0x85f5,0x8615,0x85f5,0x85f5,0x7df5,0x7dd5,0x7df5,0x7df4,0x7df4,0x7dd4,0x7db3,0x7dd4,
  0x7dd4,0x7dd4,0x7dd4,0x7df4,0x7dd4,0x7dd4,0x7dd4,0x7dd4,0x7dd4,0x75b3,0x75b3,0x75b3,0x75b3,0x7593,0x7593,0x7593,
  0x7d93,0x7573,0x7573,0x7573,0x7573,0x7572,0x7593,0x7573,0x7573,0x7db3,0x8615,0x8615,0x8615,0x85f5,0x85d4,0x7db3,
  0x7db4,0x7db3,0x7572,0x7552,0x7532,0x6cf1,0x7532,0x7552,0x7d73,0x7d73,0x7573,0x6d11,0x64f1,0x6d32,0x85d4,0x8e16,
  0x8df5,0x8e16,0x85d5,0x7db4,0x7594,0x7dd5,0x85f5,0x8615,0x85f5,0x85d4,0x7d73,0x64b0,0x4c0d,0x542e,0x6cb0,0x5c4f,
  0x6cf1,0x7d93,0x85b4,0x7d93,0x7532,0x6cd0,0x648f,0x5c4e,0x5c2e,0x4bcd,0x436b,0x4bac,0x540d,0x5c2e,0x6cd1,0x6cf1,
  0x6cf1,0x6d12,0x6d12,0x6d11,0x6d12,0x6d11,0x7511,0x6c2e,0x52e9,0x62e9,0x62c8,0x62c9,0x62c8,0x5a88,0x5aa8,0x5aa8,
  0x5aa8,0x5a87,0x62a8,0x62c8,0x62c8,0x62c8,0x62c9,0x62c8,0x62c9,0x62c8,0x62c8,0x6ae8,0x62c8,0x6ae8,0x62a8,0x62a8,
  0x62c8,0x5aa8,0x52c9,0x530a,0x6c4f,0x6cd1,0x6491,0x6470,0x6450,0x6470,0x6c91,0x6470,0x6c91,0x6470,0x5c50,0x6450,
  0x6450,0x6470,0x5c2f,0x5c4f,0x644f,0x5c4f,0x5c0e,0x5c2e,0x6c90,0x6470,0x5c2f,0x644f,0x5c2e,0x5c4f,0x644f,0x6470,
  0x6cb0,0x7cb1,0x6b4b,0x62e9,0x6b09,0x62c8,0x62a8,0x6b0a,0x6b09,0x6ae9,0x6ae9,0x730a,0x62e9,0x6c0e,0x8573,0x7593,
  0x7593,0x7573,0x7d74,0x7594,0x7d94,0x7573,0x75b4,0x75b4,0x7594,0x7d94,0x7574,0x7594,0x7d94,0x7d94,0x7d94,0x7573,
  0x7574,0x7553,0x6d12,0x6cf1,0x64b0,0x64b0,0x64b0,0x6490,0x64d1,0x6cf1,0x6d32,0x7573,0x7593,0x7594,0x7d94,0x7594,
  0x7594,0x7d94,0x7d94,0x7574,0x7553,0x7532,0x7532,0x7573,0x7532,0x6d32,0x6d12,0x6cf1,0x6d32,0x6d12,0x6d12,0x7d74,
  0x7d74,0x7d94,0x7d94,0x7553,0x6d12,0x5c6f,0x544f,0x64b0,0x64d1,0x6d32,0x7532,0x7552,0x6cf1,0x64d1,0x6d12,0x6512,
  0x64f1,0x64b1,0x64d1,0x64d1,0x64f0,0x64f0,0x64f1,0x64f1,0x6511,0x6511,0x6511,0x6511,0x6511,0x64f1,0x6512,0x6512,
  0x85f5,0x85f5,0x85f5,0x7df5,0x85f5,0x85f5,0x85f5,0x85f5,0x7df5,0x85f5,0x85f5,0x85f5,0x7df4,0x7dd4,0x7dd4,0x7dd4,
  0x7dd4,0x7df4,0x7df4,0x7dd4,0x7dd4,0x7dd4,0x7db4,0x7dd4,0x7dd4,0x7db4,0x7dd4,0x7dd4,0x75b3,0x7593,0x7593,0x7593,
  0x7593,0x7573,0x7593,0x7572,0x6d52,0x7573,0x7593,0x7572,0x7573,0x7dd4,0x85f5,0x85f5,0x8615,0x85f4,0x85d4,0x7db4,
  0x7dd4,0x7db3,0x7572,0x7552,0x6d11,0x6d11,0x7532,0x7552,0x7d93,0x7d73,0x7553,0x7553,0x7532,0x6d31,0x7552,0x7db4,
  0x85f5,0x85f5,0x85d5,0x7db4,0x7594,0x7d94,0x7db4,0x7db4,0x7db4,0x85b4,0x85d5,0x7d94,0x6cf1,0x540e,0x540d,0x646f,
  0x6cb0,0x7532,0x7d73,0x7d94,0x7552,0x6cf1,0x64d0,0x5c6f,0x5c2e,0x540d,0x436b,0x4bac,0x5c0e,0x5c2e,0x6cd0,0x6cf1,
  0x6d12,0x6d12,0x6d11,0x6d11,0x7512,0x64f1,0x74f1,0x6c0e,0x5ae9,0x62e9,0x62c8,0x62c9,0x5aa8,0x5aa8,0x62c8,0x5aa8,
  0x62a8,0x5aa8,0x62c8,0x62a8,0x6287,0x62a8,0x62a8,0x62c9,0x6ac9,0x6ac9,0x6ac8,0x62a8,0x6ac8,0x62c8,0x5aa8,0x5aa8,
  0x632a,0x6bcc,0x6c0e,0x6c6f,0x6c90,0x6cb0,0x6c91,0x6470,0x6470,0x6c70,0x6470,0x6470,0x6450,0x6450,0x6430,0x6470,
  0x644f,0x644f,0x642f,0x642f,0x642f,0x6c4f,0x6c2e,0x6c2e,0x7470,0x642f,0x6c70,0x644f,0x642e,0x644f,0x642f,0x644f,
  0x6c90,0x746f,0x632b,0x6ae9,0x62c8,0x62c8,0x62c9,0x6ae9,0x6ae9,0x6b0a,0x6ae9,0x6ac9,0x62e9,0x746f,0x8573,0x7573,
  0x7594,0x7d74,0x7d74,0x7574,0x7573,0x7594,0x7594,0x7594,0x7594,0x7594,0x7574,0x7573,0x7594,0x7574,0x7594,0x7d94,
  0x7573,0x7553,0x6d12,0x6d12,0x64d1,0x64b0,0x64b0,0x64b0,0x64d0,0x6d11,0x6d32,0x7553,0x7573,0x7594,0x7d94,0x7d94,
  0x7db4,0x7d94,0x7594,0x7573,0x7533,0x6d12,0x6d32,0x7d73,0x7573,0x6d12,0x6d12,0x6cf1,0x6cf1,0x6d11,0x7552,0x7d94,
  0x7d73,0x7d94,0x7d73,0x7553,0x6cf1,0x5c6f,0x544f,0x64b0,0x6d11,0x7532,0x7552,0x6d12,0x64d1,0x64f1,0x64d1,0x64f2,
  0x64f1,0x64d1,0x6cf2,0x64d1,0x64f1,0x64f1,0x64f0,0x64d0,0x64f1,0x64f1,0x6511,0x6d12,0x6511,0x6511,0x6512,0x64f1,
  0x7df5,0x7df5,0x85f5,0x85f5,0x7df5,0x8616,0x8636,0x8616,0x7df5,0x85f5,0x85f5,0x7df4,0x7dd4,0x7dd4,0x7dd4,0x7db3,
  0x7df4,0x7df4,0x7df4,0x7dd4,0x7dd4,0x7db4,0x7db4,0x7dd4,0x7db4,0x7593,0x7dd4,0x7dd4,0x7593,0x7593,0x7593,0x7573,
  0x7552,0x7572,0x7573,0x7572,0x7572,0x7572,0x7573,0x7572,0x7593,0x7db4,0x8615,0x8615,0x85f4,0x85d4,0x85d4,0x7d93,
  0x7db3,0x7db4,0x85d4,0x7d73,0x7532,0x6d11,0x6cf1,0x7552,0x7db4,0x7db4,0x7d73,0x7552,0x7552,0x7d73,0x7552,0x7552,
  0x7573,0x7d94,0x7dd4,0x7573,0x7573,0x7593,0x7593,0x7db4,0x85d5,0x85b4,0x85b4,0x7d93,0x7d93,0x6cf1,0x4bcc,0x4bcd,
  0x5c4f,0x7532,0x7d73,0x7d93,0x7d73,0x7532,0x64b0,0x5c6f,0x5c2e,0x5c0e,0x4bac,0x4bac,0x5c0e,0x5c2e,0x64b0,0x6cf1,
  0x6d11,0x6d12,0x6cf1,0x6d11,0x6d11,0x6d11,0x7512,0x6bee,0x62c9,0x62c8,0x62c8,0x62c9,0x5aa8,0x5aa8,0x5a88,0x62a8,
  0x5aa8,0x62a8,0x62a8,0x62a8,0x62a8,0x5a87,0x62c8,0x62c9,0x62a8,0x6ac9,0x62c9,0x62a8,0x5aa8,0x5b09,0x638b,0x740e,
  0x7c8f,0x74d0,0x6cd0,0x6490,0x6c90,0x6cb1,0x6470,0x6450,0x6450,0x6450,0x6450,0x5c0f,0x6450,0x6470,0x6450,0x6450,
  0x5c2f,0x53cd,0x4b4b,0x4b0a,0x4b0a,0x532a,0x52e9,0x52ea,0x5b0a,0x5b0a,0x5b6b,0x532a,0x5b4b,0x5b6b,0x5b6b,0x638c,
  0x63cc,0x634b,0x5ac9,0x6ac9,0x6ac9,0x6ae9,0x62e9,0x6ae9,0x6ac9,0x6b09,0x6ae9,0x6ac9,0x5b0a,0x74d0,0x7d53,0x7574,
  0x7574,0x7d73,0x7d53,0x7573,0x7573,0x7574,0x7594,0x7594,0x7574,0x7594,0x7594,0x7573,0x7594,0x7594,0x7553,0x7d94,
  0x7594,0x7573,0x6d12,0x6cd1,0x64b1,0x64b0,0x64b0,0x5c90,0x64d0,0x64d0,0x6d12,0x7532,0x7573,0x7573,0x7594,0x7d94,
  0x7594,0x7db4,0x7db4,0x7574,0x6d53,0x6d32,0x7553,0x7d73,0x7553,0x6d12,0x6d32,0x6d32,0x6d11,0x7532,0x7573,0x7573,
  0x7d93,0x7db4,0x7d73,0x7553,0x64f1,0x544f,0x5c6f,0x64b0,0x6cf1,0x7532,0x7553,0x6d32,0x64f1,0x64d1,0x64d1,0x6512,
  0x64f1,0x64d1,0x64d1,0x64f1,0x6cf1,0x6cf1,0x64f1,0x64f1,0x64f1,0x6d11,0x6d12,0x6d12,0x6d12,0x6d12,0x6d32,0x6d32,
  0x85f5,0x7df5,0x8615,0x85f5,0x7df5,0x85f5,0x85f5,0x7df5,0x7dd4,0x7dd4,0x85f5,0x7dd4,0x7dd4,0x85d4,0x85d4,0x7dd4,
  0x7dd4,0x7dd4,0x7dd4,0x7dd4,0x75b3,0x75b3,0x7593,0x75b3,0x7db3,0x7593,0x75b3,0x75b3,0x7593,0x7593,0x7593,0x7593,
  0x7552,0x7552,0x7572,0x7552,0x7572,0x6d52,0x6d52,0x6d52,0x7573,0x7dd4,0x8615,0x85d4,0x7dd4,0x7db3,0x7dd4,0x7d93,
  0x7d93,0x7573,0x7d93,0x7552,0x7552,0x6d11,0x6cf1,0x7532,0x7d93,0x85d4,0x85d4,0x7d93,0x7d73,0x7553,0x7552,0x7d73,
  0x7573,0x7573,0x7db4,0x7dd4,0x7d94,0x7593,0x7593,0x7593,0x7573,0x7532,0x7552,0x7d73,0x7552,0x7512,0x5c6f,0x4bcd,
  0x4bac,0x6cd1,0x7d53,0x85b4,0x7d93,0x7532,0x64d0,0x64b0,0x5c4e,0x5c2e,0x4bcd,0x4bac,0x5c2e,0x5c2e,0x64b0,0x6cf1,
  0x6cf1,0x6d11,0x6d11,0x6d12,0x6d12,0x6d11,0x7511,0x63cd,0x62c9,0x62e9,0x62e9,0x62e9,0x5ac8,0x5aa8,0x5a87,0x62c8,
  0x62a8,0x5aa8,0x62a8,0x62a8,0x62a8,0x62a8,0x62a8,0x62a8,0x62c8,0x5ac9,0x5ac9,0x634b,0x6bcd,0x746f,0x74b0,0x7cf2,
  0x6cd1,0x6cb0,0x6c90,0x7490,0x6c70,0x642f,0x6c90,0x6470,0x6450,0x6450,0x642f,0x5bef,0x5c0f,0x644f,0x6470,0x5c2f,
  0x5c2f,0x5c0e,0x53ac,0x532a,0x52e9,0x4288,0x4a67,0x5268,0x5267,0x5288,0x52a8,0x5aa8,0x5267,0x5287,0x5287,0x4a87,
  0x5288,0x5aa8,0x62a8,0x62a8,0x6ae9,0x6ae9,0x6ae9,0x62c8,0x6ac9,0x6b09,0x6ae9,0x62c9,0x636b,0x7cf1,0x7512,0x7553,
  0x7573,0x7d74,0x7d74,0x7574,0x7594,0x7573,0x7594,0x7594,0x7594,0x7574,0x7594,0x7594,0x7573,0x7573,0x7594,0x7573,
  0x7574,0x7574,0x7553,0x6d12,0x6cd1,0x64b0,0x6490,0x64b0,0x64d1,0x64b0,0x64d1,0x7532,0x7553,0x7553,0x7d94,0x7d94,
  0x7d94,0x7db4,0x7d94,0x7573,0x7573,0x6d53,0x6d33,0x7573,0x7553,0x6d12,0x7532,0x7532,0x7552,0x7552,0x7d93,0x7db4,
  0x85b4,0x7d93,0x7573,0x6d12,0x64b0,0x542e,0x5c90,0x64d1,0x6cf1,0x6d12,0x7552,0x6d32,0x64d0,0x5cb0,0x64f1,0x64f1,
  0x64f1,0x64f1,0x64d1,0x64d1,0x64d1,0x64d1,0x6d12,0x64f1,0x64f1,0x6511,0x6511,0x6511,0x6d12,0x64f1,0x6d11,0x7532,
  0x7df5,0x7dd5,0x7dd5,0x85f5,0x7df5,0x85f6,0x7dd5,0x7dd4,0x7dd5,0x7db4,0x7dd4,0x7dd4,0x7db4,0x85d5,0x85f5,0x85f5,
  0x7dd4,0x7dd4,0x7db4,0x7db4,0x75b3,0x7593,0x7dd4,0x7db3,0x7db3,0x7db3,0x7593,0x75b3,0x75b3,0x7593,0x7573,0x7572,
  0x7572,0x7593,0x7572,0x7572,0x6d52,0x6d32,0x6d31,0x6d52,0x7593,0x7db4,0x85f5,0x85f5,0x7dd4,0x7db4,0x7db4,0x7d93,
  0x7dd4,0x7db3,0x7573,0x7572,0x7552,0x6d11,0x6d11,0x7532,0x7552,0x85d4,0x85f4,0x7db4,0x7d93,0x7552,0x7552,0x7d73,
  0x7d93,0x7db4,0x85d4,0x7db4,0x7db4,0x7db4,0x7db4,0x7593,0x7552,0x7532,0x7552,0x7d73,0x7552,0x7532,0x6cd1,0x5c6f,
  0x4bcd,0x6490,0x7d52,0x7d73,0x7d93,0x7552,0x6cf1,0x6490,0x648f,0x5c2e,0x4bcd,0x4bac,0x5c2e,0x5c4e,0x648f,0x6cf1,
  0x6d11,0x7531,0x6d11,0x6d11,0x6d11,0x6cf1,0x74f1,0x63ac,0x62c9,0x62c8,0x62c9,0x6ae9,0x62e9,0x62a8,0x62a8,0x62a8,
  0x62a8,0x5aa8,0x62a8,0x62a8,0x62c8,0x62c8,0x62a8,0x5ac9,0x5b2a,0x6bed,0x7c6f,0x7cd0,0x74f1,0x6cf1,0x6cd1,0x6cd1,
  0x6cd1,0x74d1,0x7470,0x640e,0x4b4b,0x5bcd,0x6c70,0x5c0e,0x5c0f,0x5bee,0x5bee,0x5bef,0x5bee,0x5c0f,0x5c50,0x5c0f,
  0x640e,0x640e,0x642e,0x642e,0x642e,0x640d,0x63ac,0x5b6b,0x5b2a,0x52c9,0x52a8,0x5287,0x5267,0x5a87,0x5a67,0x5267,
  0x5a67,0x5a88,0x5a88,0x62a8,0x62c8,0x6ac9,0x6ae9,0x6ae9,0x6ae9,0x6ae9,0x62c8,0x62c9,0x6bcd,0x7d12,0x7d33,0x7553,
  0x7573,0x7573,0x7553,0x7573,0x7574,0x7574,0x7594,0x7594,0x7d94,0x7594,0x7573,0x7594,0x7573,0x7573,0x7594,0x7574,
  0x7573,0x7573,0x7553,0x6d12,0x6cf1,0x6cf1,0x64b0,0x64b0,0x64d0,0x64d1,0x64d1,0x6d12,0x6d32,0x7573,0x7574,0x7594,
  0x7d94,0x7574,0x7db4,0x7db4,0x7573,0x6d32,0x7553,0x7553,0x6d32,0x64d1,0x6d12,0x6d32,0x7552,0x7d73,0x7d93,0x7d94,
  0x85b4,0x7d93,0x7d73,0x7532,0x64b0,0x5c4f,0x64b0,0x6cf1,0x6d12,0x7532,0x7532,0x6d11,0x5cb0,0x64b0,0x64f1,0x64d0,
  0x64f1,0x64f1,0x64f1,0x64d1,0x64d1,0x64d1,0x64f1,0x5cd1,0x5cd0,0x64f1,0x6512,0x6d12,0x6d12,0x6d11,0x6cf1,0x6d11,
  0x7dd5,0x7dd4,0x7dd5,0x7dd5,0x7dd5,0x7df5,0x7dd5,0x7dd5,0x7dd4,0x7db4,0x7dd4,0x7db4,0x7db4,0x7dd5,0x85f5,0x85f5,
  0x7df5,0x7dd5,0x7df5,0x7db4,0x75b3,0x7593,0x7db3,0x7593,0x7db3,0x7dd4,0x75b3,0x7db4,0x75b3,0x7593,0x7573,0x7552,
  0x7572,0x7573,0x7552,0x7572,0x6d52,0x6d52,0x6d52,0x7572,0x7573,0x7db4,0x85f5,0x85d4,0x7db3,0x7d93,0x7db4,0x7db4,
  0x7db3,0x7db3,0x7573,0x7d93,0x7552,0x6cf1,0x6cf1,0x6d11,0x6d11,0x7573,0x7dd4,0x85f5,0x7db4,0x7db3,0x7572,0x7553,
  0x7573,0x7db4,0x85f5,0x85f5,0x85f5,0x85d5,0x85d5,0x7db4,0x7d93,0x7573,0x7553,0x7573,0x7532,0x6d12,0x6cd1,0x5c4f,
  0x53ed,0x5c2e,0x7d53,0x7d53,0x7d73,0x7d53,0x6cf1,0x64b0,0x64b0,0x5c4f,0x53ed,0x4bac,0x540d,0x5c2e,0x5c6f,0x6cf1,
  0x6cf1,0x6d11,0x6d32,0x6d11,0x6d12,0x6cf1,0x74d0,0x636b,0x62c8,0x62c8,0x62c8,0x62c8,0x62e9,0x62c8,0x62c8,0x62a8,
  0x5aa8,0x62c8,0x5a87,0x62a8,0x5aa8,0x52c8,0x634b,0x6bee,0x748f,0x7cf1,0x7cf1,0x74f1,0x6cf1,0x6cd1,0x74d2,0x74b1,
  0x746f,0x63cd,0x4b0a,0x4b09,0x640d,0x6c90,0x644f,0x642f,0x5c0f,0x5bee,0x53ce,0x53ad,0x5bce,0x6450,0x644f,0x5c2f,
  0x534c,0x42ea,0x5b8c,0x5bee,0x642f,0x644f,0x644f,0x644f,0x6c4f,0x640e,0x5b6b,0x530a,0x52a8,0x5288,0x5267,0x5267,
  0x5a87,0x5a87,0x5287,0x5aa8,0x5a88,0x62a8,0x62a8,0x62c9,0x62a8,0x62a8,0x6ac8,0x5ac9,0x744e,0x7d32,0x6cf2,0x6d33,
  0x7553,0x7553,0x7553,0x7573,0x7573,0x7573,0x7573,0x7d94,0x7d94,0x7574,0x7574,0x7d94,0x7574,0x7574,0x7574,0x7573,
  0x7574,0x7573,0x7553,0x7533,0x6d12,0x6cf1,0x64d1,0x64d0,0x64d0,0x64d1,0x6cf1,0x6d12,0x6d32,0x7553,0x7553,0x7574,
  0x7594,0x7d94,0x7d94,0x7d94,0x7594,0x6d32,0x6d12,0x6d12,0x64d1,0x64d1,0x7532,0x7552,0x7573,0x7d93,0x7d93,0x7d94,
  0x85b4,0x7d73,0x7553,0x6cf1,0x5c70,0x5c70,0x64d1,0x6d11,0x7532,0x7552,0x6d12,0x6cf1,0x64b0,0x64b0,0x64d0,0x64d0,
  0x64d1,0x64d1,0x5cb1,0x64d1,0x64d1,0x64d1,0x64d1,0x64f1,0x6d11,0x6cf1,0x6511,0x6d11,0x6cf2,0x6d11,0x6d11,0x64d0,
  0x7dd5,0x85f5,0x85f5,0x7dd5,0x85f5,0x7dd5,0x7dd5,0x7dd5,0x7dd4,0x7db4,0x7dd4,0x7db4,0x7dd4,0x7dd5,0x7dd5,0x7db4,
  0x85f5,0x7dd5,0x7dd4,0x7db4,0x7db4,0x7db3,0x7dd4,0x75b3,0x7593,0x75b3,0x75b3,0x7593,0x7593,0x7573,0x7573,0x7552,
  0x7593,0x7573,0x6d52,0x7572,0x7552,0x7572,0x7552,0x7552,0x7573,0x85d4,0x85d4,0x85f4,0x7dd4,0x7db3,0x7db3,0x7db4,
  0x7d93,0x7d93,0x7573,0x7573,0x7572,0x6cf1,0x6cf1,0x6d11,0x64f1,0x6d11,0x7db4,0x85f5,0x85f5,0x7dd4,0x7db4,0x7db4,
  0x7594,0x7db4,0x85d5,0x85f5,0x8e16,0x8e16,0x8616,0x8616,0x85d5,0x7db4,0x7d93,0x7d73,0x7573,0x7553,0x6d12,0x5c6f,
  0x4bcd,0x4bcd,0x7512,0x7532,0x7d73,0x7d53,0x7552,0x64d0,0x5c8f,0x5c6f,0x4bed,0x438b,0x540d,0x5c2e,0x5c2e,0x6cd0,
  0x6cf1,0x6d12,0x6d11,0x6cf1,0x6cf1,0x6cd1,0x6cb0,0x5b4a,0x62c8,0x62c8,0x62c8,0x62c8,0x62e8,0x62c8,0x6ae9,0x62c8,
  0x5a88,0x5aa8,0x5a88,0x5ac9,0x5b2a,0x63ed,0x74b0,0x74d1,0x74d1,0x6cd1,0x6cb0,0x6cf1,0x74d1,0x74b0,0x744f,0x638c,
  0x52e9,0x52c9,0x530a,0x6c0e,0x6c6f,0x646f,0x644f,0x53ad,0x640f,0x5c0e,0x5c0f,0x5bee,0x53ce,0x5c0f,0x5c0f,0x5c0f,
  0x5bee,0x42a9,0x4248,0x52ea,0x63ad,0x6c0e,0x640f,0x644f,0x6450,0x6470,0x644f,0x642f,0x5bcd,0x534b,0x530a,0x52a8,
  0x5287,0x5287,0x5267,0x5267,0x5a88,0x6288,0x62a8,0x62a8,0x6288,0x62a8,0x6ac8,0x630a,0x74b0,0x7532,0x7533,0x6d12,
  0x6d12,0x7533,0x7553,0x7553,0x7573,0x7553,0x7573,0x7573,0x7574,0x7d94,0x7d74,0x7574,0x7d94,0x7574,0x7573,0x7573,
  0x7574,0x7573,0x7573,0x7533,0x6d12,0x6cf1,0x64f1,0x64d1,0x64d1,0x64d1,0x64d1,0x6cf1,0x6d12,0x7533,0x7533,0x7d94,
  0x7d74,0x7d94,0x7d94,0x7d94,0x7573,0x6d32,0x6d12,0x64d1,0x64d1,0x6cf1,0x6d12,0x7553,0x7573,0x7593,0x7d94,0x7d94,
  0x7d94,0x7d73,0x7553,0x6d12,0x5c6f,0x5c70,0x64b0,0x6d11,0x6d32,0x7552,0x6d11,0x6cf1,0x64d0,0x5cb0,0x64b0,0x5cb0,
  0x64d1,0x5cd1,0x5cb0,0x5cb0,0x64b1,0x64b1,0x64f1,0x6511,0x64f1,0x64d1,0x64d1,0x6cf2,0x64f1,0x6d12,0x6cf1,0x64d0,
  0x7db5,0x7dd5,0x85d5,0x85f5,0x85f5,0x7dd5,0x7dd5,0x7dd5,0x7dd5,0x7db4,0x7dd4,0x7dd4,0x7db4,0x7dd4,0x7db4,0x7db4,
  0x7db4,0x7db4,0x7db4,0x7db4,0x7dd4,0x7db4,0x7db4,0x7db3,0x7db3,0x7dd4,0x75b3,0x7593,0x7593,0x7593,0x7573,0x7552,
  0x7593,0x7572,0x6d52,0x7572,0x7572,0x7572,0x7572,0x7552,0x7d93,0x85d4,0x7d93,0x7d93,0x7dd4,0x7dd4,0x7dd4,0x7dd4,
  0x7db3,0x7593,0x7572,0x7573,0x7d93,0x6d11,0x6cf1,0x6cf1,0x64d0,0x64d0,0x7552,0x7db4,0x85f5,0x8615,0x7df5,0x7dd5,
  0x7db5,0x7d94,0x7db4,0x85d5,0x85f6,0x8616,0x8616,0x8616,0x8616,0x85f5,0x85d5,0x85d5,0x7d94,0x8594,0x7d73,0x6d12,
  0x544e,0x43cc,0x64b0,0x7532,0x7d73,0x7d73,0x7d73,0x6cf1,0x5c8f,0x5c6f,0x540e,0x436b,0x53ed,0x5c2e,0x5c2e,0x6cb0,
  0x6cf1,0x6cf1,0x6d12,0x6d11,0x6cd1,0x6cf1,0x74b0,0x5b0a,0x62c8,0x62c8,0x62c8,0x62c8,0x5ac8,0x62c8,0x62a8,0x6ae9,
  0x62a8,0x5aa8,0x62a8,0x5ae9,0x7c8f,0x6cd0,0x64d1,0x64b1,0x64b1,0x6cb1,0x6cb1,0x6cb1,0x642f,0x5b8c,0x532a,0x52a8,
  0x5aa8,0x5ae9,0x740e,0x6c6f,0x646f,0x644f,0x538c,0x4b2b,0x640f,0x5c0f,0x5c0e,0x53ce,0x5c0f,0x5c0f,0x5c0f,0x5c0e,
  0x5c0e,0x534b,0x4a48,0x5268,0x4a88,0x532a,0x5bcd,0x644f,0x5c4f,0x5c4f,0x6450,0x5c6f,0x646f,0x6c4f,0x6c0d,0x4ae9,
  0x5267,0x5267,0x5267,0x5a67,0x6288,0x6288,0x5a88,0x62a8,0x62a8,0x62c8,0x62a8,0x6b6b,0x8532,0x7552,0x6d33,0x6d33,
  0x6d32,0x7532,0x6d33,0x7533,0x7533,0x7553,0x7573,0x7573,0x7573,0x7574,0x7d74,0x7553,0x7574,0x7573,0x7573,0x7553,
  0x7573,0x7d94,0x7d94,0x7533,0x6d52,0x6d32,0x6d11,0x6cf1,0x64f1,0x64d1,0x64f1,0x64d1,0x6d12,0x7553,0x7553,0x7d74,
  0x7573,0x7d74,0x7d74,0x7574,0x7533,0x6cf2,0x6cf1,0x64b0,0x64d1,0x6cd1,0x6cf2,0x7d94,0x7d93,0x7d94,0x7d94,0x7d74,
  0x7d94,0x7d74,0x7553,0x64d1,0x5c4f,0x5c70,0x64d1,0x6cf1,0x6d12,0x7532,0x6cf1,0x6cf1,0x6490,0x64b0,0x64b0,0x64b0,
  0x64b0,0x64d1,0x5cb1,0x5c90,0x5cb0,0x64d1,0x64d1,0x5cd0,0x64f1,0x6cf1,0x64f1,0x6d12,0x6cf1,0x6cf1,0x6d11,0x64b0,
};
